/*******************************************************************************
 * Size: 14 px
 * Bpp: 2
 * Opts: --font C:\Users\11344\AppData\Local\Temp\NotoSansCJKsc-Regular.otf --range 0xb7,0x3002,0x4e00,0x4e09,0x4e0a,0x4e0b,0x4e0d,0x4e0e,0x4e24,0x4e2a,0x4e2d,0x4e5f,0x4e8c,0x4e8e,0x4e94,0x4ea4,0x4eba,0x4ec5,0x4ecd,0x4ee4,0x4ee5,0x4efb,0x4f1a,0x4f4d,0x4f53,0x4f55,0x4f59,0x4f5c,0x4f60,0x4f7f,0x4fdd,0x4fe1,0x4fee,0x5019,0x5047,0x505c,0x50a8,0x5148,0x5165,0x5168,0x516d,0x5171,0x5173,0x518d,0x5199,0x51c6,0x51ed,0x51fb,0x5206,0x521b,0x5220,0x5230,0x524d,0x5269,0x529f,0x52a0,0x52a8,0x52ff,0x5371,0x5373,0x539f,0x53cc,0x53d1,0x53d6,0x53d7,0x53d8,0x53ea,0x53ef,0x53f7,0x540c,0x540d,0x540e,0x542f,0x548c,0x5668,0x56db,0x56de,0x5728,0x5730,0x5740,0x5747,0x589e,0x5904,0x5907,0x590d,0x5931,0x5934,0x59cb,0x5b50,0x5b57,0x5b58,0x5b89,0x5b8c,0x5b9a,0x5bc6,0x5c06,0x5c1a,0x5c31,0x5df2,0x5e93,0x5efa,0x5f00,0x5f53,0x5f55,0x5f85,0x5fc5,0x6001,0x6062,0x606f,0x610f,0x6210,0x6216,0x6237,0x6253,0x6279,0x6284,0x62a4,0x62d2,0x62e9,0x6301,0x6309,0x6362,0x636e,0x6388,0x638c,0x63a5,0x63a7,0x63d0,0x64a4,0x64cd,0x6539,0x6548,0x6570,0x6574,0x6587,0x65ad,0x65b0,0x65e0,0x65e5,0x65e7,0x65f6,0x660e,0x661f,0x663e,0x6682,0x66f4,0x66ff,0x6709,0x671f,0x672a,0x672c,0x673a,0x6743,0x67e5,0x68c0,0x6b21,0x6b22,0x6b62,0x6b63,0x6b64,0x6b65,0x6bc1,0x6bcf,0x6c42,0x6ca1,0x6cd5,0x6d4f,0x6d88,0x6dfb,0x6e05,0x7248,0x724c,0x72b6,0x73b0,0x7406,0x751f,0x7528,0x7531,0x7535,0x7559,0x7684,0x770b,0x7801,0x786e,0x78b0,0x793a,0x7981,0x79bb,0x79c1,0x79d2,0x7a0d,0x7acb,0x7b2c,0x7b49,0x7b7e,0x7b80,0x7ba1,0x7ebf,0x7ecf,0x7edc,0x7edd,0x7ee7,0x7eea,0x7eed,0x7f16,0x7f51,0x7f6e,0x80fd,0x81f4,0x83b7,0x85cf,0x884c,0x88ab,0x8981,0x89c8,0x89e6,0x8a00,0x8ba4,0x8bb0,0x8bbe,0x8bbf,0x8bc1,0x8bd5,0x8bdd,0x8bed,0x8bef,0x8bf7,0x8d25,0x8d26,0x8f91,0x8f93,0x8fc7,0x8fce,0x8fd1,0x8fd4,0x8fdb,0x8fde,0x9001,0x9009,0x901a,0x90e8,0x914d,0x91cd,0x949f,0x94a5,0x9500,0x9501,0x9519,0x952e,0x957f,0x95ed,0x95ee,0x95f4,0x9644,0x9664,0x9669,0x968f,0x9690,0x9700,0x9875,0x9879,0x987b,0x9a8c,0x9ed8,0xff0c,0xff1b,0xff1f --size 14 --bpp 2 --format lvgl --lv-include lvgl.h --lv-font-name lv_font_cipherport_14 --lv-fallback lv_font_montserrat_12 -o main/lv_font_cipherport_14.c
 ******************************************************************************/

#ifdef LV_LVGL_H_INCLUDE_SIMPLE
#include "lvgl.h"
#else
#include "lvgl.h"
#endif

#ifndef LV_FONT_CIPHERPORT_14
#define LV_FONT_CIPHERPORT_14 1
#endif

#if LV_FONT_CIPHERPORT_14

/*-----------------
 *    BITMAPS
 *----------------*/

/*Store the image of the glyphs*/
static LV_ATTRIBUTE_LARGE_CONST const uint8_t glyph_bitmap[] = {
    /* U+00B7 "·" */
    0xe, 0xf0, 0x81, 0x40, 0x40,

    /* U+3002 "。" */
    0x19, 0x1e, 0xde, 0x2f, 0x22, 0x3f, 0x40,

    /* U+4E00 "一" */
    0xf, 0xfe, 0x1f, 0xff, 0xf0, 0x23, 0xff, 0xf8,
    0x10,

    /* U+4E09 "三" */
    0xf, 0xfe, 0x27, 0xff, 0x90, 0xbf, 0xfc, 0x87,
    0xff, 0x4d, 0xff, 0xc1, 0xcf, 0xfe, 0xf, 0xff,
    0x17, 0xff, 0xf0, 0x1, 0xff, 0xfc, 0x0,

    /* U+4E0A "上" */
    0xf, 0x61, 0xff, 0xfa, 0xfe, 0x43, 0xf7, 0xf2,
    0x1f, 0xfe, 0xef, 0xe3, 0xfc, 0x9f, 0xff, 0xc0,
    0x40,

    /* U+4E0B "下" */
    0x3f, 0xff, 0x80, 0xf, 0xe2, 0xfe, 0xf, 0xfe,
    0x56, 0x1f, 0xfc, 0x17, 0x43, 0xfe, 0xbb, 0x43,
    0xfe, 0xe8, 0x1f, 0xfc, 0x7, 0xf, 0xff, 0x70,

    /* U+4E0D "不" */
    0x3f, 0xff, 0x80, 0xf, 0xf1, 0x7e, 0xf, 0xa5,
    0x7, 0xfa, 0x44, 0x3f, 0x96, 0x3c, 0x1f, 0x53,
    0x5, 0x34, 0x36, 0xe1, 0x9e, 0x80, 0xec, 0x3e,
    0xd0, 0x68, 0x7f, 0x61, 0xff, 0xdf,

    /* U+4E0E "与" */
    0xc, 0x87, 0xfc, 0xe1, 0xff, 0x6f, 0xfc, 0x84,
    0xdf, 0xf2, 0x19, 0xf, 0xfe, 0x5a, 0x7f, 0xe8,
    0xf, 0xfe, 0x70, 0xff, 0x90, 0x7f, 0xe8, 0x9,
    0xff, 0xa0, 0xff, 0xe0, 0xc8, 0x7e, 0xf9, 0x83,
    0xf7, 0xe0, 0x0,

    /* U+4E24 "两" */
    0x3f, 0xff, 0x80, 0xf, 0xa7, 0xc5, 0xf0, 0x7f,
    0x21, 0xeb, 0xd3, 0xe6, 0xf4, 0x15, 0xcf, 0x8f,
    0x41, 0xec, 0x3f, 0xf8, 0x2b, 0x3, 0xf, 0xee,
    0x8d, 0x3, 0xd4, 0x26, 0x4c, 0x36, 0x20, 0x81,
    0x61, 0xb8, 0xa, 0xb, 0xf, 0xfb, 0xce, 0x0,

    /* U+4E2A "个" */
    0xf, 0x28, 0x3f, 0xf8, 0x16, 0x1f, 0xf7, 0x10,
    0x7e, 0x79, 0x8c, 0x3d, 0x53, 0x13, 0xa0, 0x73,
    0x45, 0x15, 0x63, 0x40, 0xf9, 0xe0, 0x21, 0xfe,
    0x43, 0xff, 0xf6,

    /* U+4E2D "中" */
    0xe, 0xc3, 0xff, 0xa5, 0xfc, 0x7f, 0x3, 0xf1,
    0xf8, 0x3f, 0xf9, 0xeb, 0x85, 0xc1, 0x5f, 0x17,
    0xc0, 0x7a, 0x8e, 0xb1, 0x7, 0xf2, 0x1f, 0xfc,
    0xd0,

    /* U+4E5F "也" */
    0xf, 0xb0, 0xfe, 0x83, 0xff, 0x82, 0x87, 0xc8,
    0x7f, 0x9b, 0x83, 0xcd, 0x9f, 0x6, 0x62, 0xf1,
    0x21, 0x9f, 0x1a, 0x1f, 0x99, 0xf, 0xfe, 0x47,
    0xa0, 0xff, 0xbc, 0xa0, 0xfd, 0x86, 0x83, 0xff,
    0x8d, 0x7f, 0xe8,

    /* U+4E8C "二" */
    0x7, 0xff, 0x83, 0x7f, 0xf8, 0x3f, 0xff, 0xe1,
    0xff, 0xce, 0xff, 0xfe, 0x0,

    /* U+4E8E "于" */
    0x1f, 0xff, 0x20, 0x7f, 0x4f, 0xe4, 0x3f, 0xfc,
    0x1f, 0xd3, 0xfc, 0xf, 0xe9, 0xfe, 0xf, 0xff,
    0x2e, 0x1f, 0xf7, 0x9c, 0x3c,

    /* U+4E94 "五" */
    0xf, 0xfe, 0x1b, 0xff, 0xe0, 0x9f, 0xa7, 0xf8,
    0x3e, 0xc3, 0xff, 0x85, 0x87, 0xf5, 0xe6, 0xfc,
    0x1d, 0x78, 0xfa, 0xf, 0xfe, 0x12, 0x1f, 0x28,
    0x2c, 0x3f, 0x78, 0x36, 0x1b, 0xe6, 0xf9, 0xbc,
    0xf, 0xff, 0xe0, 0x0,

    /* U+4EA4 "交" */
    0xf, 0xfe, 0x46, 0x1f, 0xfc, 0x16, 0xf, 0xbf,
    0x95, 0xfc, 0xf, 0xaf, 0xd7, 0xc1, 0xa8, 0x1b,
    0x83, 0xa7, 0xd, 0x18, 0x51, 0xe0, 0xdd, 0x30,
    0x50, 0xb0, 0x50, 0x70, 0xe5, 0x4b, 0x7, 0xf4,
    0xd8, 0x7f, 0x38, 0xe8, 0x79, 0xe9, 0xd5, 0xc8,
    0x3d, 0x68, 0x1f, 0x10,

    /* U+4EBA "人" */
    0xf, 0x68, 0x7f, 0xf7, 0x70, 0xff, 0x91, 0xf,
    0xfe, 0x2, 0x1f, 0xfc, 0xb, 0x50, 0x7f, 0xcd,
    0x3, 0xfb, 0x40, 0xc1, 0xf4, 0x40, 0x94, 0x1c,
    0xac, 0x35, 0x10, 0xa9, 0x87, 0x35, 0x5, 0x87,
    0xce, 0x0,

    /* U+4EC5 "仅" */
    0xc, 0x87, 0xff, 0x6, 0xf, 0xfe, 0x4, 0xdf,
    0xf0, 0x4a, 0xa1, 0xfa, 0x42, 0x82, 0x50, 0x5e,
    0x6, 0x1b, 0xc1, 0x28, 0x2c, 0x25, 0x1, 0x41,
    0x61, 0xcc, 0x50, 0x3f, 0xa7, 0x83, 0xfe, 0x44,
    0x3f, 0xd2, 0xb0, 0xfc, 0xe7, 0x4e, 0xe, 0x6e,
    0x3, 0x88, 0x5b, 0x87, 0xa4,

    /* U+4ECD "仍" */
    0xa, 0xf, 0xf9, 0x1f, 0xf0, 0x6b, 0x73, 0xe0,
    0xf2, 0x1c, 0xa0, 0xb0, 0xff, 0x90, 0xfd, 0xbe,
    0x70, 0xfa, 0xf0, 0x79, 0xe, 0x43, 0xda, 0x1c,
    0x87, 0x38, 0x7f, 0xf0, 0x10, 0xd8, 0x77, 0x7,
    0x38, 0x4b, 0x1, 0xf0, 0x83, 0x60, 0x9f, 0x80,

    /* U+4EE4 "令" */
    0xf, 0x90, 0xff, 0xe0, 0x70, 0x7f, 0xdb, 0x61,
    0xf9, 0xe8, 0xda, 0x1d, 0x53, 0x8f, 0x68, 0x33,
    0x4b, 0x7, 0x44, 0xe0, 0x98, 0x27, 0x41, 0x7e,
    0xbe, 0x83, 0x5f, 0xe4, 0x83, 0xe4, 0x13, 0x87,
    0xea, 0x9c, 0x3f, 0xb1, 0x83, 0xfe, 0xa9, 0xf,
    0xf9, 0xd0, 0xc0,

    /* U+4EE5 "以" */
    0xf, 0xfe, 0x12, 0x1f, 0x48, 0x50, 0x24, 0x24,
    0x3e, 0xa0, 0x7f, 0xf0, 0x2c, 0x24, 0x3e, 0x60,
    0xff, 0xe0, 0x22, 0x83, 0xfe, 0xf0, 0x7e, 0x40,
    0xa0, 0xe6, 0xc1, 0x10, 0x49, 0x79, 0x6d, 0x82,
    0xb4, 0xa6, 0x6a, 0x14, 0xc, 0xc2, 0xa0, 0x77,
    0x6, 0x70,

    /* U+4EFB "任" */
    0xd, 0x87, 0x94, 0x19, 0x2, 0xaf, 0x58, 0x6a,
    0xbe, 0x3d, 0x5, 0xd, 0x48, 0x79, 0x41, 0xff,
    0xc0, 0x90, 0xff, 0xe0, 0x50, 0x7f, 0x1f, 0x84,
    0xf, 0xe3, 0xf0, 0x7f, 0xf9, 0x90, 0xff, 0x5e,
    0x8f, 0xa0,

    /* U+4F1A "会" */
    0xf, 0x90, 0xff, 0xe0, 0x50, 0x3f, 0xe8, 0x70,
    0xfc, 0xe5, 0x5a, 0x1d, 0xcc, 0x6, 0x9a, 0xd,
    0x9f, 0xd5, 0x81, 0xcf, 0xf9, 0x58, 0x2f, 0xff,
    0x81, 0x7c, 0x5e, 0xbe, 0xe, 0xe4, 0x12, 0x1e,
    0x94, 0x15, 0x10, 0xda, 0xbf, 0x44, 0x1a, 0xaf,
    0xf4, 0x80,

    /* U+4F4D "位" */
    0xc, 0x84, 0x87, 0xe6, 0xb, 0x83, 0xea, 0x5,
    0x87, 0xc8, 0xde, 0x9f, 0x82, 0x81, 0x7f, 0xc0,
    0xc3, 0x48, 0x58, 0x4c, 0x17, 0x83, 0xe8, 0x32,
    0x80, 0xa0, 0xff, 0xe0, 0x78, 0x3f, 0xf8, 0x28,
    0x7f, 0xf0, 0x10, 0xff, 0x42, 0x1f, 0xd4, 0xed,
    0xa2,

    /* U+4F53 "体" */
    0xa, 0xd, 0x87, 0xe4, 0x3f, 0xf8, 0x14, 0xf,
    0xfe, 0x2, 0xbf, 0x1f, 0x81, 0x83, 0xe0, 0xbe,
    0x10, 0xe5, 0xa, 0xd, 0x6, 0xa1, 0x40, 0x94,
    0x12, 0x82, 0x50, 0x7d, 0x40, 0xa8, 0x1e, 0x90,
    0xe6, 0xc, 0x9d, 0xa, 0x83, 0x99, 0xa1, 0x42,
    0xf, 0xfe, 0x18,

    /* U+4F55 "何" */
    0x9, 0xf, 0xfe, 0xc, 0x1f, 0xfc, 0x9, 0xbf,
    0xf0, 0x4f, 0x7f, 0x8c, 0x10, 0x87, 0xf9, 0x41,
    0x74, 0xc3, 0xd8, 0x6a, 0x7, 0x90, 0xff, 0xe3,
    0xd0, 0x3f, 0xf8, 0x14, 0xc3, 0xfd, 0x7, 0xff,
    0x5, 0xf, 0xfe, 0x25, 0xe4, 0x36, 0x1d, 0x7a,
    0x0,

    /* U+4F59 "余" */
    0xf, 0x90, 0xff, 0xe0, 0x72, 0x1f, 0xee, 0xe4,
    0x3e, 0x79, 0x3a, 0x6, 0x7a, 0x21, 0x47, 0x2,
    0xae, 0xf5, 0x98, 0x9a, 0xaa, 0x6a, 0x24, 0xbf,
    0x4f, 0xf0, 0x2f, 0xd1, 0xfc, 0x1a, 0x80, 0x46,
    0xe, 0x54, 0x19, 0x30, 0xa9, 0x87, 0xa7, 0x5,
    0x8f, 0x61, 0x58, 0x73, 0xe4, 0x3c,

    /* U+4F5C "作" */
    0xc, 0x87, 0xff, 0x1, 0x81, 0x87, 0xf5, 0x4,
    0x3f, 0x91, 0x23, 0xf9, 0x4, 0x4, 0xcf, 0xc9,
    0x85, 0x60, 0x43, 0xd0, 0x20, 0xaf, 0x81, 0x84,
    0x85, 0xf8, 0x3f, 0xf9, 0x9f, 0x90, 0xfe, 0xfc,
    0x87, 0xff, 0x40,

    /* U+4F60 "你" */
    0x9, 0x4, 0x1f, 0xe8, 0x8, 0x7f, 0x48, 0xa0,
    0xfe, 0x62, 0x7f, 0xc0, 0xc0, 0x9e, 0x3e, 0x4,
    0x15, 0x3, 0x94, 0x78, 0x1b, 0x4, 0x90, 0x86,
    0x43, 0xa0, 0xfb, 0xc1, 0x22, 0x1c, 0xb0, 0x67,
    0xe, 0xe0, 0xe9, 0xe, 0x90, 0xf6, 0x1f, 0x38,
    0x7e, 0xc2, 0x7c, 0x1c,

    /* U+4F7F "使" */
    0xa, 0x42, 0xc3, 0xf2, 0x83, 0xfe, 0x9f, 0xc7,
    0xe0, 0x2b, 0xf8, 0xfc, 0x8, 0x57, 0xc7, 0xd1,
    0x21, 0x5e, 0x3d, 0x3, 0x83, 0xff, 0x80, 0x86,
    0xbc, 0x7a, 0xf, 0x2b, 0xc7, 0xd0, 0x7d, 0x44,
    0x3f, 0xd2, 0xb0, 0xff, 0x45, 0x35, 0x7, 0x3f,
    0x3f, 0xc0,

    /* U+4FDD "保" */
    0x9, 0xf, 0xfe, 0xc, 0x7f, 0xc8, 0x4a, 0x7,
    0xf2, 0x1a, 0xc3, 0xfe, 0xc4, 0x1f, 0xc8, 0x24,
    0x2f, 0x8b, 0xc9, 0xc1, 0xf2, 0x19, 0xb, 0xf1,
    0xf8, 0x3b, 0xe0, 0xaf, 0x7, 0xd2, 0x50, 0x3f,
    0x44, 0x36, 0x1c, 0xe4, 0x13, 0x61, 0x9e, 0xe,
    0x70,

    /* U+4FE1 "信" */
    0xa, 0x9, 0x83, 0xe5, 0x4, 0xa0, 0xfb, 0xae,
    0x2b, 0x1, 0x6a, 0xdd, 0x60, 0x41, 0x57, 0xc0,
    0x90, 0xab, 0xe0, 0x50, 0x2a, 0xf8, 0x3e, 0xaf,
    0x83, 0xff, 0x93, 0xd7, 0x61, 0xfa, 0xb8, 0x3f,
    0xf9, 0x7f, 0xc1, 0xd8, 0x3f, 0xe0, 0x0,

    /* U+4FEE "修" */
    0x9, 0xf, 0xfe, 0x3, 0x5, 0xa1, 0xf7, 0x1,
    0x2f, 0xa0, 0x94, 0x31, 0xf1, 0x2, 0x5, 0xfa,
    0xf0, 0x14, 0x6, 0x11, 0x10, 0x78, 0x2b, 0xf5,
    0xe2, 0xd, 0x75, 0x36, 0x1f, 0x37, 0x44, 0x3f,
    0x37, 0xca, 0xf, 0x9b, 0xce, 0x1e, 0xc7, 0xeb,
    0x43, 0xef, 0xd0, 0x40,

    /* U+5019 "候" */
    0x9, 0xf, 0xfe, 0xc, 0xb, 0xf8, 0x35, 0x1,
    0x7e, 0xe, 0x56, 0xd6, 0xc8, 0x10, 0x4c, 0xf7,
    0xa1, 0x41, 0x90, 0x2e, 0x18, 0x34, 0x90, 0x72,
    0x12, 0xa4, 0x58, 0x3f, 0x50, 0xa8, 0x3c, 0xd3,
    0x3a, 0x7, 0x61, 0x4c, 0x1f, 0xcf, 0x56, 0x87,
    0xaf, 0x23, 0x60,

    /* U+5047 "假" */
    0x9, 0xf, 0xfe, 0x3, 0xfc, 0x7e, 0xa, 0x87,
    0x81, 0xf0, 0x7f, 0xf1, 0x60, 0xbc, 0xf, 0x82,
    0x42, 0xf8, 0xfc, 0x28, 0x3c, 0xd6, 0x18, 0x2f,
    0x43, 0x88, 0x7b, 0xd2, 0xc4, 0x1e, 0xf8, 0xb5,
    0x7, 0xbe, 0x9, 0xf, 0xf3, 0xcc, 0x1f, 0xaf,
    0x38, 0x83, 0x30, 0x50, 0x29,

    /* U+505C "停" */
    0x9, 0xd, 0x7, 0xe9, 0x69, 0x96, 0x9, 0x41,
    0x76, 0x1e, 0xa3, 0xdf, 0xa4, 0x10, 0x6a, 0xe0,
    0x94, 0x1a, 0xfc, 0x1a, 0xa, 0xff, 0x1, 0x40,
    0xff, 0xe0, 0xf7, 0xfc, 0x87, 0x6d, 0x3d, 0x50,
    0x79, 0xa1, 0xd0, 0x3f, 0xf9, 0x5e, 0xf, 0xd8,
    0x5f, 0x7, 0x0,

    /* U+50A8 "储" */
    0xb, 0xe, 0xc3, 0xca, 0x90, 0xf6, 0x15, 0xd0,
    0xf1, 0xe4, 0x32, 0x47, 0x8c, 0x81, 0x84, 0x8a,
    0x25, 0x8, 0x1f, 0x1e, 0x13, 0x48, 0x70, 0x43,
    0xd1, 0x60, 0xed, 0x5f, 0x7, 0xe8, 0xf8, 0x3f,
    0x93, 0xe0, 0xfd, 0x27, 0xc1, 0xe4, 0xd2, 0x98,
    0x79, 0xd0, 0x53, 0xd, 0x87, 0x61, 0x60,

    /* U+5148 "先" */
    0x9, 0x5, 0x3, 0xfa, 0xf, 0xfe, 0x2, 0x79,
    0x5f, 0x83, 0x4f, 0x95, 0xf8, 0x24, 0x83, 0xfe,
    0x70, 0xff, 0xe0, 0x7f, 0x2b, 0xf8, 0x1f, 0x2b,
    0xcd, 0xf0, 0x7b, 0xf, 0xfe, 0x2, 0x83, 0xfe,
    0x90, 0xfa, 0x41, 0x30, 0x7c, 0xa3, 0x30, 0xdd,
    0xe0, 0xb8, 0x39, 0xfc, 0x0,

    /* U+5165 "入" */
    0xf, 0xfe, 0x35, 0x87, 0xff, 0x2, 0x30, 0xff,
    0xe0, 0x62, 0x1f, 0xfc, 0x18, 0x3f, 0xf8, 0x2c,
    0x1f, 0xe5, 0x48, 0x7f, 0xac, 0x60, 0xfd, 0x9,
    0x28, 0x3c, 0xac, 0x2a, 0x7, 0xa8, 0x19, 0x58,
    0x4e, 0xa0, 0xe8, 0xc1, 0x50, 0x7d, 0xa0, 0xd0,
    0xfe, 0x80,

    /* U+5168 "全" */
    0xf, 0xfe, 0x45, 0x3, 0xfe, 0x5c, 0x1f, 0xcd,
    0xea, 0x7, 0xd4, 0xc1, 0xb0, 0x67, 0x30, 0xd9,
    0xa3, 0x2b, 0xfc, 0xa9, 0x5d, 0xf2, 0xbe, 0xb4,
    0x3f, 0xf8, 0xb5, 0x2a, 0xa0, 0xf5, 0x4a, 0xa8,
    0x3f, 0xfa, 0x9f, 0xca, 0xfe, 0x0,

    /* U+516D "六" */
    0xf, 0x41, 0xff, 0xc1, 0x50, 0x7f, 0xf0, 0x28,
    0x1f, 0xfc, 0x6, 0xf, 0xbf, 0xd7, 0xf0, 0x3f,
    0xff, 0x80, 0x1f, 0xfc, 0x7c, 0x36, 0x1f, 0x48,
    0x67, 0xe, 0x54, 0x1a, 0x10, 0xd2, 0x1e, 0xe0,
    0xa2, 0xf, 0x9c, 0xe, 0x1f, 0xa4, 0x18, 0x7f,
    0xa0,

    /* U+5171 "共" */
    0xd, 0x86, 0xd0, 0xff, 0xea, 0x5e, 0x3f, 0x17,
    0x81, 0x78, 0xbe, 0x2f, 0x7, 0x90, 0xff, 0xe7,
    0xa1, 0xfd, 0xf1, 0x7c, 0x5e, 0x4f, 0xff, 0xe0,
    0x21, 0xb4, 0x2e, 0xe, 0x79, 0xb, 0x30, 0xaa,
    0x43, 0xa7, 0x5, 0xa1, 0xf5, 0x80,

    /* U+5173 "关" */
    0x9, 0xf, 0x41, 0xf6, 0x1a, 0xc3, 0xcb, 0x1,
    0x60, 0xef, 0x37, 0xa3, 0xc8, 0x5f, 0x95, 0xf9,
    0xf, 0xfe, 0x97, 0xf2, 0xbf, 0x81, 0xfc, 0xb,
    0xf0, 0x7a, 0x28, 0x1f, 0xd3, 0xab, 0xf, 0x3b,
    0x82, 0x9c, 0x17, 0x4c, 0x33, 0x98, 0x3c, 0x87,
    0xd6, 0x0,

    /* U+518D "再" */
    0x2f, 0xff, 0x81, 0x7e, 0x9f, 0xe0, 0x9f, 0xa7,
    0xf0, 0x6d, 0xf4, 0x7c, 0x1e, 0xc2, 0x43, 0xfa,
    0xf4, 0xfc, 0x1e, 0xbd, 0x3f, 0x7, 0xff, 0x1b,
    0x6f, 0x4f, 0xc7, 0x1b, 0x7f, 0xc7, 0x7, 0xff,
    0x29, 0xf2, 0x0,

    /* U+5199 "写" */
    0xff, 0xfe, 0x1, 0xe7, 0xfe, 0x10, 0x21, 0xf3,
    0x9, 0xfe, 0x20, 0x9f, 0xf0, 0x6c, 0x3f, 0xf8,
    0x35, 0xdc, 0x15, 0x7c, 0xe5, 0xff, 0x8, 0x2f,
    0xf8, 0x8, 0x7f, 0x21, 0xf9, 0xf5, 0x3, 0xe7,
    0xe4, 0x0,

    /* U+51C6 "准" */
    0xf, 0x21, 0xfa, 0xd, 0x3, 0xf, 0x40, 0x90,
    0x28, 0x34, 0x81, 0x5e, 0x6f, 0x5, 0x19, 0xf1,
    0xf0, 0x4c, 0x4, 0x24, 0x3e, 0xce, 0x87, 0x40,
    0xd8, 0x2a, 0x2a, 0xa, 0xb, 0xe3, 0xd0, 0x4a,
    0x7, 0xc7, 0xa0, 0x48, 0x7f, 0xf0, 0x18, 0x2f,
    0x8f, 0x93, 0xd, 0xff, 0x20,

    /* U+51ED "凭" */
    0xa, 0x42, 0x55, 0x3, 0x28, 0xea, 0x38, 0x35,
    0x1e, 0x82, 0x82, 0x71, 0xfc, 0x7e, 0x4, 0xf,
    0xc7, 0xe1, 0x41, 0xff, 0xc4, 0x7e, 0x3e, 0x82,
    0x87, 0xfe, 0x82, 0x6f, 0xf0, 0x7e, 0xbf, 0x7,
    0xe4, 0x3f, 0x21, 0x4a, 0xf, 0xb5, 0x64, 0x1e,
    0xf2, 0xdc, 0x1e, 0xfc, 0x0,

    /* U+51FB "击" */
    0xf, 0x30, 0x7f, 0xf2, 0xbf, 0x4f, 0xe0, 0xdf,
    0x95, 0xf8, 0x3f, 0x61, 0xff, 0xc1, 0xc3, 0xf7,
    0xf2, 0xbf, 0x81, 0xdf, 0x4f, 0xd6, 0x14, 0x1f,
    0xa0, 0xff, 0xea, 0xfd, 0x3f, 0x7, 0x7f, 0xf0,
    0x40,

    /* U+5206 "分" */
    0xf, 0xfe, 0x36, 0x81, 0xc3, 0xe4, 0x40, 0xa8,
    0x3d, 0x40, 0xd2, 0x1d, 0xa8, 0x3a, 0xc2, 0xcc,
    0x3e, 0x70, 0x34, 0xff, 0x5c, 0x9, 0xf1, 0x7c,
    0x4, 0x3e, 0x43, 0x21, 0xe9, 0xf, 0xf9, 0x50,
    0x7f, 0x9a, 0x6, 0x43, 0xbe, 0x41, 0xea, 0x6,
    0xe0, 0xdf, 0x21, 0x0,

    /* U+521B "创" */
    0xf, 0xfe, 0x2e, 0x1f, 0x61, 0x24, 0x14, 0x1e,
    0xb2, 0x2, 0x1d, 0xc4, 0x21, 0xee, 0x41, 0x40,
    0xf5, 0x3f, 0x83, 0xc9, 0xf0, 0x7f, 0xf3, 0x50,
    0xff, 0xaa, 0x2, 0x1f, 0x5b, 0x10, 0x7f, 0x90,
    0xf9, 0xfd, 0x17, 0x90, 0x5f, 0x92, 0xf4,

    /* U+5220 "删" */
    0xf, 0xfe, 0x6, 0x5e, 0x6f, 0x21, 0xed, 0x7,
    0x2, 0xf, 0xfe, 0x92, 0x13, 0x88, 0x53, 0x33,
    0x30, 0x69, 0xd9, 0xe8, 0x86, 0x43, 0xff, 0x88,
    0x87, 0xff, 0x16, 0x9, 0x6, 0x98, 0x73, 0xcf,
    0xa5, 0x16, 0xb5, 0xaa, 0xc1, 0x70,

    /* U+5230 "到" */
    0xf, 0xfe, 0x6, 0x7f, 0xc4, 0x1b, 0xc7, 0xe1,
    0xe, 0xa0, 0x30, 0xf9, 0x45, 0x8, 0x3e, 0x4f,
    0x90, 0xf3, 0x32, 0x61, 0xe5, 0x89, 0x41, 0xff,
    0xc7, 0x58, 0x94, 0x1f, 0xe5, 0x46, 0x1a, 0x99,
    0xf0, 0x7d, 0xf5, 0x10, 0x79, 0x24, 0x3e, 0xf4,

    /* U+524D "前" */
    0xf, 0xfe, 0x2c, 0x87, 0x61, 0xea, 0x6, 0x90,
    0xdf, 0x1f, 0x95, 0xe4, 0xff, 0xfe, 0x2, 0x1f,
    0xf2, 0x82, 0xea, 0xc6, 0x3c, 0x1a, 0xa0, 0xff,
    0xbe, 0xf, 0xfb, 0xe0, 0xff, 0xaa, 0xf, 0xfa,
    0x98, 0x58, 0x7f, 0x20, 0x50, 0x7e, 0xb4, 0xe,
    0xe1, 0x65, 0xc0, 0x7c, 0x80,

    /* U+5269 "剩" */
    0xe, 0x68, 0x1b, 0x2f, 0xae, 0xf, 0x5e, 0x64,
    0xc, 0x17, 0xcd, 0xf0, 0x77, 0xa6, 0x7c, 0x1d,
    0xf0, 0x19, 0xe, 0xe0, 0xd2, 0x1d, 0x40, 0xe8,
    0x3a, 0xf3, 0xd3, 0xf, 0xb1, 0xa2, 0xb0, 0xd0,
    0xd3, 0x44, 0x2c, 0x80, 0xe8, 0x75, 0x3, 0xef,
    0x22, 0x9, 0xd, 0xe8,

    /* U+529F "功" */
    0xf, 0xd2, 0x1c, 0xbc, 0x1f, 0xde, 0xbc, 0x1f,
    0xd4, 0x2a, 0xdb, 0xe0, 0xfa, 0xcb, 0xc1, 0xff,
    0x21, 0xff, 0xd8, 0xb1, 0x41, 0xef, 0x3e, 0x2c,
    0x3d, 0x72, 0x4a, 0x2, 0x12, 0x14, 0xc1, 0x68,
    0x72, 0xb0, 0x79, 0x83, 0x9c, 0x2f, 0x80,

    /* U+52A0 "加" */
    0xb, 0xf, 0xfe, 0x62, 0x1d, 0xfc, 0x71, 0xf0,
    0x3e, 0x7, 0x3e, 0xf, 0xfe, 0xbf, 0x83, 0xff,
    0x84, 0x87, 0xf2, 0x80, 0x87, 0xca, 0xf, 0xfa,
    0xc1, 0x85, 0xf0, 0xbb, 0x60, 0x7c, 0x30, 0xf8,
    0x18, 0x58,

    /* U+52A8 "动" */
    0xf, 0xec, 0x3a, 0xfd, 0x7, 0xeb, 0xf4, 0x1f,
    0xfc, 0x26, 0x2a, 0xf, 0xd8, 0x64, 0x1f, 0xea,
    0x14, 0xb, 0x9f, 0x83, 0xfa, 0x84, 0x4, 0x3f,
    0xe4, 0x8, 0x72, 0x84, 0xcb, 0xe, 0x9f, 0x94,
    0x21, 0xd7, 0xa7, 0xa0, 0x14, 0x4, 0x32, 0xd7,
    0x61, 0xf3, 0x17, 0x90,

    /* U+52FF "勿" */
    0x9, 0x83, 0xfe, 0xb0, 0xff, 0xe0, 0x5f, 0xf8,
    0x13, 0xab, 0x8e, 0x9, 0x87, 0x2, 0x20, 0xe1,
    0x13, 0xc1, 0x2c, 0x68, 0x14, 0x23, 0x1, 0x84,
    0x32, 0x17, 0x3, 0x83, 0xd0, 0x81, 0x40, 0xc1,
    0x38, 0x38, 0x36, 0x58, 0x25, 0x4, 0xa0, 0xf4,
    0x3e, 0x40,

    /* U+5371 "危" */
    0xd, 0x21, 0xff, 0x2a, 0xf9, 0xf, 0xaf, 0xc2,
    0x1e, 0xd0, 0xa4, 0x3d, 0x8d, 0x40, 0xac, 0x31,
    0xd7, 0xf0, 0xa0, 0xbf, 0xc8, 0x7e, 0xfc, 0x21,
    0xff, 0xcc, 0xf2, 0x1a, 0x43, 0xbd, 0x12, 0x30,
    0x7f, 0x2a, 0x42, 0x7f, 0xc9, 0x40, 0xaf, 0xf4,
    0x0,

    /* U+5373 "即" */
    0x7f, 0x8f, 0xe0, 0xbe, 0xa, 0xf0, 0x7f, 0x90,
    0xf7, 0xc1, 0xfe, 0xf8, 0x3f, 0xf9, 0x7f, 0x7,
    0xfb, 0xd6, 0x1f, 0xf4, 0x1a, 0xc3, 0x31, 0x85,
    0x78, 0xcf, 0x83, 0xf5, 0xc9, 0x87, 0xc0,

    /* U+539F "原" */
    0x7, 0xff, 0xc8, 0x5f, 0x95, 0xf9, 0xd, 0x79,
    0x5f, 0x7, 0x9f, 0xf0, 0x7e, 0xaf, 0x7, 0xee,
    0xb8, 0x3f, 0x21, 0xfc, 0x81, 0xa7, 0xa8, 0x86,
    0x48, 0xb2, 0xe0, 0xbc, 0x41, 0xec, 0x25, 0x44,
    0x19, 0x58, 0x22, 0x87, 0x90, 0x50,

    /* U+53CC "双" */
    0x3f, 0x9f, 0xe8, 0x1f, 0x85, 0x5e, 0x83, 0xfb,
    0xc0, 0xf0, 0x28, 0x21, 0xe5, 0x2, 0x56, 0x8a,
    0xf, 0xa8, 0xc0, 0x54, 0x86, 0x50, 0x6f, 0x30,
    0x72, 0x20, 0x58, 0x39, 0x28, 0x4, 0x43, 0xa8,
    0xba, 0x84, 0x16, 0xa2, 0xe8, 0xec, 0x6, 0xd,
    0xa0, 0xc0,

    /* U+53D1 "发" */
    0xf, 0xfe, 0x2a, 0x9, 0x2, 0x1e, 0x80, 0x85,
    0x21, 0xa8, 0x12, 0xf, 0x6, 0x6f, 0x1f, 0x9c,
    0x2b, 0xc3, 0xfe, 0x9, 0xb, 0xf, 0xf9, 0x2f,
    0xd0, 0x7a, 0x2f, 0x88, 0x3a, 0x38, 0x12, 0x1d,
    0x39, 0x73, 0x6, 0x9c, 0x8, 0xc1, 0x93, 0x3,
    0xb4, 0xd0, 0x30, 0xfd, 0x3d, 0xe0, 0xcf, 0x6,
    0x6c,

    /* U+53D6 "取" */
    0x7f, 0xc1, 0xf2, 0xaf, 0x1f, 0xf0, 0x7e, 0xdf,
    0x48, 0x57, 0x82, 0x41, 0xe0, 0xaf, 0x7, 0x94,
    0x1f, 0xca, 0xf, 0x5e, 0xa, 0xb0, 0x6b, 0xc1,
    0xca, 0xd, 0x89, 0x1, 0xc, 0xb5, 0x90, 0xa1,
    0x3, 0xea, 0x1, 0xbd, 0x40, 0xfd, 0x60, 0xc3,
    0xec, 0xc3, 0x40,

    /* U+53D7 "受" */
    0xf, 0x2a, 0x9e, 0xa, 0xfa, 0x9f, 0xc1, 0x51,
    0xe3, 0x55, 0x3, 0x28, 0x16, 0x6, 0xb, 0xc7,
    0xa7, 0xc7, 0x82, 0xff, 0xf0, 0x7f, 0xf1, 0x77,
    0xff, 0x18, 0x4c, 0x7e, 0x20, 0xf2, 0xa0, 0x4a,
    0xf, 0xaf, 0x88, 0x3e, 0x68, 0xb4, 0x86, 0xfe,
    0xa6, 0x5e, 0x7, 0xa4, 0x35, 0xf0,

    /* U+53D8 "变" */
    0xf, 0x21, 0xff, 0xc1, 0xe0, 0xfb, 0xf9, 0x5f,
    0xc0, 0xf5, 0x9e, 0x3b, 0xc1, 0x38, 0x7a, 0x42,
    0x68, 0x1e, 0xe4, 0x2c, 0x3f, 0x61, 0x3f, 0x1e,
    0x3c, 0x21, 0x6a, 0xfc, 0xa0, 0xf4, 0x40, 0x88,
    0x3e, 0x8f, 0x10, 0x79, 0x5a, 0xed, 0x41, 0x78,
    0xf5, 0x3b, 0xe0,

    /* U+53EA "只" */
    0x7, 0xff, 0x83, 0xbf, 0xe8, 0x3f, 0xf8, 0x28,
    0x7f, 0xf5, 0x90, 0xf2, 0x1e, 0xbf, 0xd0, 0x77,
    0xff, 0x83, 0xd2, 0x6, 0xf, 0xa5, 0x1, 0x30,
    0xe9, 0xc3, 0x53, 0xb, 0x30, 0xf3, 0x60, 0xe0,
    0xfc, 0xe0,

    /* U+53EF "可" */
    0x3f, 0xff, 0x80, 0x9f, 0xfc, 0xad, 0xf, 0xfe,
    0x25, 0xfc, 0x1f, 0x9b, 0xe0, 0xff, 0x21, 0xff,
    0xcf, 0x40, 0x87, 0xfa, 0xf4, 0x1f, 0xd7, 0xf0,
    0x7e, 0x43, 0xff, 0x8c, 0xf9, 0x80,

    /* U+53F7 "号" */
    0x3, 0xff, 0x90, 0xe7, 0xfc, 0x87, 0xff, 0x21,
    0xff, 0x21, 0xcf, 0xfe, 0x42, 0xff, 0xfe, 0x0,
    0x3d, 0x3f, 0xf8, 0x34, 0xff, 0x90, 0xef, 0xf8,
    0x43, 0xff, 0x9a, 0x87, 0xfa, 0xf5, 0x87, 0xf5,
    0xf0, 0x60,

    /* U+540C "同" */
    0xff, 0xfe, 0x1, 0xff, 0xe0, 0xaf, 0xf0, 0x75,
    0xfe, 0xf, 0xfe, 0x37, 0xf2, 0x1f, 0x7c, 0x87,
    0xff, 0x23, 0xe4, 0x3f, 0x7e, 0x43, 0xd0, 0x79,
    0xc, 0x86, 0xba, 0x0,

    /* U+540D "名" */
    0xf, 0x21, 0xff, 0x78, 0x3f, 0xd8, 0xff, 0x4,
    0xf7, 0xf1, 0x81, 0xf9, 0x3, 0xc1, 0x31, 0x5d,
    0xa1, 0xf2, 0xbc, 0x1e, 0x6d, 0x2f, 0xc0, 0xf0,
    0x3f, 0xc1, 0x74, 0xf, 0xfe, 0x7f, 0xf8, 0x3e,
    0xff, 0x0,

    /* U+540E "后" */
    0xf, 0xca, 0xa0, 0x6b, 0xff, 0x41, 0x9b, 0xf5,
    0x10, 0xf2, 0x1f, 0xfc, 0x1f, 0xff, 0x21, 0x7f,
    0xf9, 0xf, 0xfe, 0x37, 0xfe, 0xf, 0xbf, 0xc1,
    0x94, 0x1f, 0xfc, 0xf, 0x7, 0xff, 0x1, 0x40,
    0xff, 0x6, 0x42, 0xbf, 0x82,

    /* U+542F "启" */
    0xf, 0x48, 0x7f, 0xdc, 0x1f, 0x7e, 0x8f, 0xc1,
    0xaf, 0xf8, 0x39, 0xf, 0xfe, 0x7, 0xfe, 0xe,
    0xff, 0xe0, 0xff, 0xe3, 0x7f, 0xe4, 0x42, 0xff,
    0x20, 0xd0, 0xff, 0x98, 0x1f, 0xe4, 0x8, 0x5f,
    0xe4, 0x10, 0x30, 0xf4, 0x80,

    /* U+548C "和" */
    0xf, 0xfe, 0x13, 0x4f, 0x21, 0xf7, 0x8b, 0x6f,
    0xe2, 0x43, 0x9f, 0x81, 0xe6, 0xf0, 0x7d, 0xe1,
    0xf0, 0x7e, 0x45, 0x7, 0xf4, 0xa9, 0xf, 0xa4,
    0xf8, 0x3c, 0xa8, 0x28, 0x3e, 0xc3, 0xcf, 0xc2,
    0x1f, 0x3e, 0x83, 0xf7, 0x80, 0xa0,

    /* U+5668 "器" */
    0x7, 0xe4, 0xfc, 0x86, 0xf2, 0x17, 0x90, 0xff,
    0xe3, 0xf9, 0xb, 0xc8, 0x6f, 0xa8, 0x6a, 0xd0,
    0x7e, 0x8f, 0x2b, 0xc9, 0xe8, 0xbe, 0x2f, 0x20,
    0xa6, 0x85, 0xd0, 0x2d, 0x3c, 0x9e, 0x1d, 0x33,
    0xc8, 0x5e, 0x64, 0x3f, 0xf8, 0xbe, 0x42, 0xf2,
    0x0,

    /* U+56DB "四" */
    0xbf, 0xfd, 0x37, 0x1c, 0x7a, 0x44, 0x8, 0x87,
    0xff, 0x23, 0xf, 0xf9, 0xc3, 0xf9, 0x10, 0xa9,
    0x82, 0xa0, 0xba, 0x60, 0xf2, 0x1f, 0xfc, 0x9b,
    0xff, 0x45, 0xff, 0xe8,

    /* U+56DE "回" */
    0xff, 0xfe, 0x1, 0xff, 0xe0, 0xff, 0xe2, 0x7f,
    0x83, 0xef, 0xc1, 0xff, 0xd4, 0xfc, 0x1f, 0x7f,
    0x83, 0xff, 0x89, 0xff, 0xe0, 0x5f, 0xfa, 0x0,

    /* U+5728 "在" */
    0xe, 0x90, 0xff, 0xe0, 0x28, 0x3f, 0x7e, 0x3f,
    0xe0, 0x7c, 0x5f, 0xf0, 0x68, 0x40, 0xa0, 0xf9,
    0xc2, 0xc3, 0xec, 0x3f, 0xf8, 0x18, 0x97, 0x9b,
    0xd0, 0x18, 0x17, 0x9b, 0xd0, 0x20, 0xff, 0xf0,
    0x3f, 0x37, 0xc0,

    /* U+5730 "地" */
    0x4, 0x87, 0x61, 0xff, 0xcc, 0xc3, 0xff, 0x8a,
    0xd8, 0xed, 0x84, 0x96, 0x7, 0x6d, 0x3c, 0x68,
    0x79, 0xce, 0xf, 0xe6, 0xf, 0xfa, 0xc3, 0x9d,
    0x4, 0xac, 0x32, 0xb8, 0x2e, 0xe, 0x81, 0x24,
    0x1f, 0xfc, 0x67, 0xf8, 0x40,

    /* U+5740 "址" */
    0x4, 0x87, 0x61, 0xff, 0xda, 0x43, 0xe6, 0x68,
    0x41, 0xf3, 0x34, 0xe, 0xf8, 0x3f, 0xef, 0x83,
    0xff, 0x8d, 0xe4, 0x3f, 0xa4, 0xd0, 0xfc, 0x9c,
    0x1f, 0xe6, 0x9, 0xf, 0xfe, 0x5, 0xf, 0x1f,
    0x0,

    /* U+5747 "均" */
    0xf, 0xfe, 0x1c, 0x84, 0xe1, 0xff, 0x70, 0x7f,
    0xcf, 0x58, 0x3d, 0x87, 0x2b, 0x6e, 0x3a, 0xc3,
    0xb6, 0x70, 0x7f, 0xa3, 0xc1, 0xff, 0x3c, 0x1f,
    0x48, 0x6d, 0x9, 0xb4, 0xbe, 0x15, 0xda, 0x7c,
    0x84, 0xe8, 0x5a, 0x17, 0x83, 0xf3, 0xe5, 0x7,
    0xe7, 0xe0,

    /* U+589E "增" */
    0xf, 0xfe, 0x1e, 0x16, 0x15, 0x3, 0xea, 0x1,
    0x83, 0xd4, 0x7c, 0x68, 0x73, 0x67, 0x4d, 0xcd,
    0x2, 0x8, 0xe, 0x68, 0x81, 0xc3, 0xf7, 0x17,
    0x7, 0xbf, 0xe8, 0x3d, 0xfe, 0xd, 0xc3, 0xf4,
    0x7, 0xb8, 0x5d, 0x81, 0xd0, 0xdf, 0x7, 0xf3,
    0x56, 0x0,

    /* U+5904 "处" */
    0xb, 0xe, 0xc3, 0xff, 0x90, 0x9d, 0x87, 0xf6,
    0xf0, 0x7f, 0x9c, 0x3d, 0x86, 0x4c, 0x50, 0x56,
    0x15, 0x13, 0xc1, 0x36, 0xd, 0x52, 0x83, 0x28,
    0x34, 0xa0, 0xf4, 0x1e, 0x43, 0xfe, 0xe6, 0x4,
    0x1e, 0xd5, 0x1c, 0x1e, 0xd8, 0x16, 0x5f, 0x27,
    0x7, 0x5f, 0x90,

    /* U+5907 "备" */
    0xf, 0xfe, 0x35, 0x3, 0xfe, 0x5b, 0xf4, 0x1d,
    0x47, 0xe8, 0x83, 0x6e, 0x43, 0x40, 0xef, 0x13,
    0xda, 0x1e, 0x6d, 0x9f, 0x48, 0x2f, 0xd3, 0x71,
    0x65, 0xb7, 0xf4, 0xf8, 0x37, 0xc7, 0xc1, 0xf7,
    0xc7, 0xc1, 0xf7, 0xc7, 0xc1, 0xf2, 0x1f, 0xfc,
    0x1b, 0xc7, 0xc1, 0x80,

    /* U+590D "复" */
    0xf, 0xfe, 0x2e, 0x87, 0xfd, 0x1d, 0x7e, 0x6,
    0x5f, 0xfa, 0x5, 0x42, 0xf1, 0x4, 0x83, 0xaf,
    0x7, 0xdf, 0xe8, 0x3d, 0x4c, 0x3a, 0xe, 0xc6,
    0xb8, 0x3b, 0x5, 0xf2, 0xc1, 0xa9, 0xea, 0x7a,
    0xf, 0x32, 0x81, 0xca, 0x1f, 0xf5, 0xdf, 0x20,

    /* U+5931 "失" */
    0x9, 0x43, 0x7, 0xf4, 0x1f, 0xfc, 0x4, 0x43,
    0xfe, 0xcf, 0x4f, 0xe4, 0xa, 0xfa, 0x7f, 0x20,
    0xa0, 0x7f, 0xf0, 0x24, 0x2c, 0x3f, 0x5f, 0x95,
    0xfc, 0x9f, 0xc0, 0xbf, 0x21, 0xd3, 0xc1, 0xfd,
    0x31, 0x61, 0xe7, 0x70, 0x36, 0x85, 0xd3, 0xc,
    0xf6, 0x9e, 0x43, 0xef, 0x20,

    /* U+5934 "头" */
    0x9, 0xa, 0x43, 0xf5, 0xa1, 0xff, 0x74, 0x43,
    0xf9, 0x1d, 0xf, 0xef, 0x21, 0xff, 0x54, 0x4,
    0x3f, 0x9c, 0x3f, 0xdf, 0xe2, 0xfc, 0xf, 0xe5,
    0x7f, 0x7, 0xcf, 0x7, 0xfb, 0x9f, 0x41, 0xeb,
    0x91, 0xcc, 0x2f, 0x1a, 0x1a, 0x98, 0x3d, 0x7,
    0xce, 0x0,

    /* U+59CB "始" */
    0x4, 0x1d, 0x7, 0xc8, 0x65, 0x7, 0xff, 0x2,
    0x84, 0x15, 0x9e, 0x11, 0x38, 0x14, 0x70, 0x51,
    0x42, 0x81, 0xc0, 0x8b, 0xe6, 0x2, 0x15, 0xea,
    0xd8, 0x65, 0x17, 0xf0, 0x57, 0x41, 0xfc, 0x19,
    0x84, 0x3f, 0xe9, 0x83, 0xfd, 0x34, 0x2, 0x1e,
    0x48, 0x41, 0xd4, 0x10,

    /* U+5B50 "子" */
    0xf, 0xfe, 0x25, 0xff, 0xc1, 0xaf, 0xf4, 0x41,
    0xfe, 0xa6, 0x87, 0xf7, 0xc1, 0xfe, 0x44, 0x3d,
    0x5e, 0x2b, 0x93, 0xfa, 0x3f, 0x91, 0x78, 0xb,
    0xc1, 0xff, 0xe3, 0xf5, 0x3, 0xfd, 0xf2, 0x1e,

    /* U+5B57 "字" */
    0xf, 0x21, 0xff, 0xc1, 0xe0, 0xfb, 0xf9, 0x5f,
    0xc1, 0x7f, 0xf8, 0x24, 0xbf, 0xd0, 0x82, 0x2f,
    0xc9, 0x10, 0x7e, 0xcc, 0x3f, 0xd3, 0x7, 0xbf,
    0x95, 0xfc, 0xf, 0xe5, 0x7f, 0x7, 0xff, 0x56,
    0xdc, 0x3c,

    /* U+5B58 "存" */
    0xe, 0x83, 0xff, 0x82, 0x87, 0xf7, 0xe3, 0xfe,
    0x7, 0xc5, 0xff, 0x6, 0x94, 0x1f, 0xf3, 0x1f,
    0xe0, 0xda, 0xf, 0xa3, 0xb, 0xf, 0x3e, 0xd,
    0x41, 0xfa, 0x7e, 0x44, 0xf, 0xd3, 0xf2, 0x1f,
    0xfd, 0x6b, 0xb0, 0xc0,

    /* U+5B89 "安" */
    0xf, 0x41, 0xff, 0xc1, 0x50, 0x7d, 0x7e, 0x2f,
    0xd0, 0x57, 0xd7, 0xe8, 0x3e, 0xb0, 0xfd, 0x20,
    0x70, 0xcc, 0xf, 0xc5, 0xfe, 0x7, 0xc7, 0xe3,
    0xe0, 0xda, 0x14, 0x87, 0xd3, 0xd1, 0x83, 0xe7,
    0x94, 0x21, 0xfa, 0x8f, 0x4d, 0x9, 0xf1, 0xc3,
    0xd1, 0x3, 0xe8, 0x39, 0xd0,

    /* U+5B8C "完" */
    0xf, 0x41, 0xff, 0xc2, 0x83, 0xef, 0xe5, 0x7f,
    0x5, 0xff, 0xd0, 0x75, 0xfe, 0x83, 0x65, 0xfe,
    0x9c, 0x3f, 0xf8, 0x9f, 0xff, 0xc0, 0x7, 0xca,
    0xf1, 0xf8, 0x3d, 0x87, 0xff, 0x1, 0x41, 0xe4,
    0x37, 0x7, 0xda, 0x7a, 0x42, 0x7e, 0x51, 0xe4,
    0x35, 0xf8,

    /* U+5B9A "定" */
    0xf, 0x41, 0xff, 0xc1, 0x50, 0x7d, 0xfc, 0x5f,
    0xc1, 0x7f, 0xf8, 0x3f, 0xf8, 0xb9, 0xff, 0x46,
    0x1b, 0xe3, 0xe8, 0x3d, 0x84, 0x87, 0xe4, 0x35,
    0xf2, 0x1b, 0xd, 0xf9, 0xc, 0xd0, 0x3f, 0xd2,
    0xbc, 0x21, 0xe5, 0x43, 0xb7, 0xf2, 0xb0, 0xd7,
    0xf9,

    /* U+5BC6 "密" */
    0xf, 0xfe, 0x46, 0x1f, 0xaf, 0xc7, 0xf8, 0xd,
    0xe7, 0xfc, 0x19, 0x7, 0x93, 0xe, 0xe3, 0x73,
    0x95, 0x81, 0x41, 0x54, 0x92, 0xb, 0x6, 0x6a,
    0xf4, 0xa, 0x60, 0x7d, 0x66, 0xe, 0xf9, 0xf9,
    0xd, 0x40, 0x94, 0x16, 0x1f, 0xfc, 0x7e, 0x85,
    0x58, 0x75, 0xd3, 0xd5, 0x4,

    /* U+5C06 "将" */
    0xb, 0xd, 0x87, 0xfd, 0x9f, 0x2a, 0x9, 0xef,
    0x85, 0x10, 0x3d, 0x3, 0x81, 0x5, 0x17, 0xc8,
    0x50, 0x1a, 0x3c, 0x1f, 0x7d, 0x8, 0x68, 0x55,
    0xf1, 0xe2, 0x3, 0xdf, 0x16, 0x90, 0x52, 0x12,
    0x30, 0x6e, 0xf, 0xfe, 0x6, 0x1f, 0xfc, 0x1b,
    0x8,

    /* U+5C1A "尚" */
    0x10, 0xd8, 0x48, 0x38, 0x3e, 0x81, 0x28, 0x3a,
    0x42, 0x83, 0xe8, 0x1d, 0x3c, 0x79, 0xe0, 0x7f,
    0xe8, 0x3f, 0xf8, 0xbf, 0xc1, 0xfb, 0xe0, 0xff,
    0xe4, 0xfc, 0x1f, 0x9f, 0xc1, 0xf4, 0x13, 0xd8,

    /* U+5C31 "就" */
    0xf, 0xfe, 0x2c, 0x86, 0xc3, 0xef, 0x7, 0xb0,
    0xbd, 0x3e, 0xd, 0x40, 0x7f, 0x83, 0x38, 0x1f,
    0xd4, 0xcf, 0x48, 0x2f, 0x45, 0x9f, 0x20, 0xac,
    0x1b, 0xc, 0xe0, 0xe1, 0x41, 0xeb, 0x20, 0x78,
    0x39, 0xc1, 0xc2, 0x83, 0xa4, 0x8, 0xa0, 0xc8,
    0x86, 0xa8, 0x27, 0x26, 0xca, 0x1, 0xec, 0xe,
    0x92, 0xb, 0xc8,

    /* U+5DF2 "已" */
    0xff, 0xf2, 0xf, 0xfe, 0xf, 0xfe, 0x36, 0x1f,
    0xfc, 0xef, 0xf8, 0x3d, 0xff, 0x48, 0x7f, 0xc8,
    0x7f, 0xf0, 0xb0, 0xff, 0xe2, 0x21, 0xf4, 0x82,
    0x9f, 0xf3, 0x0,

    /* U+5E93 "库" */
    0xf, 0x90, 0xff, 0xe0, 0xf0, 0x7d, 0xfc, 0xaf,
    0xc8, 0x5f, 0x8f, 0xe4, 0x37, 0xc7, 0xf0, 0x77,
    0x8f, 0xf0, 0x7a, 0x83, 0x87, 0xe5, 0x5c, 0x7a,
    0xe, 0x7e, 0x8f, 0x40, 0x50, 0x7f, 0xf0, 0x3c,
    0xfe, 0x8f, 0xa1, 0x6f, 0xd1, 0xf4, 0x21, 0xff,
    0xc1, 0x83, 0xce, 0x18,

    /* U+5EFA "建" */
    0xf, 0xd8, 0x7b, 0xe9, 0xa1, 0x50, 0x5e, 0x26,
    0x85, 0x3, 0xa5, 0x7c, 0x79, 0xc2, 0x67, 0xe3,
    0xce, 0xc, 0xe7, 0xc7, 0x90, 0xbc, 0xef, 0x8f,
    0x82, 0x85, 0x5e, 0x3e, 0x42, 0x41, 0x78, 0xf9,
    0x5, 0x15, 0xf1, 0xf8, 0x32, 0xbe, 0x3f, 0x1,
    0x57, 0x26, 0x1e, 0xa3, 0xeb, 0xfc, 0xc, 0x27,
    0xfe, 0x0,

    /* U+5F00 "开" */
    0x2f, 0xff, 0x81, 0x79, 0xbe, 0x6f, 0x7, 0xff,
    0x83, 0xe6, 0xf9, 0xbc, 0x9f, 0x17, 0xc5, 0xe4,
    0x39, 0x9, 0xf, 0x94, 0x1f, 0xfc, 0xb, 0xf,
    0xfb, 0x50, 0x7f, 0xaa, 0xf, 0xfa, 0x43, 0xd2,
    0x10,

    /* U+5F53 "当" */
    0xe, 0xd0, 0x90, 0x61, 0xf3, 0x1, 0x83, 0xd4,
    0x4, 0x87, 0x2c, 0x16, 0x1c, 0xc0, 0x7f, 0x17,
    0xe1, 0xff, 0xe0, 0xff, 0xe1, 0xff, 0xf0, 0x5f,
    0xfc, 0x1f, 0xfc, 0x26, 0xbf, 0x60, 0x7f, 0xf4,
    0x0,

    /* U+5F55 "录" */
    0xf, 0xfe, 0x27, 0xff, 0x21, 0xbf, 0xf2, 0x1d,
    0x7f, 0xc8, 0x75, 0xff, 0x7, 0x57, 0xf1, 0x40,
    0x5e, 0xa0, 0x2b, 0x82, 0xf0, 0x48, 0x38, 0x35,
    0xe0, 0xac, 0xc3, 0x9b, 0x50, 0x20, 0xeb, 0xd2,
    0x4e, 0x85, 0x9c, 0x85, 0x56, 0xe, 0x1d, 0xc0,
    0xf8,

    /* U+5F85 "待" */
    0xa, 0x42, 0x60, 0xf2, 0xc1, 0xfe, 0x6c, 0x7d,
    0x3f, 0x2, 0xc5, 0x7a, 0x7e, 0x6, 0x78, 0x3f,
    0xe8, 0xbe, 0x9f, 0xa2, 0x41, 0xfd, 0x3c, 0xc,
    0x1f, 0xd3, 0xc4, 0x17, 0x7d, 0x3c, 0x1e, 0xe0,
    0xff, 0xe0, 0x4a, 0xf, 0xfe, 0x6, 0x87, 0xff,
    0x5, 0xec, 0x3b, 0xc, 0xf9, 0x0,

    /* U+5FC5 "必" */
    0xc, 0x87, 0xff, 0xb, 0x82, 0x60, 0xf3, 0xb8,
    0x2c, 0x3c, 0x9c, 0x4a, 0xc, 0x90, 0x16, 0x83,
    0x38, 0x75, 0x48, 0x5e, 0xd, 0xcd, 0x2, 0x50,
    0x1e, 0x40, 0xc4, 0x85, 0x44, 0x29, 0x28, 0x24,
    0x84, 0x88, 0x1e, 0x10, 0xd1, 0xd, 0x31, 0x9,
    0x41, 0x3a, 0x53, 0xea, 0x4,

    /* U+6001 "态" */
    0xf, 0x50, 0x3f, 0xf8, 0x38, 0x7d, 0xfc, 0xdf,
    0xc0, 0xfd, 0xd, 0xf8, 0x3d, 0x58, 0x3f, 0xa1,
    0x1c, 0x3e, 0xcb, 0x67, 0x42, 0xf5, 0x1e, 0x2a,
    0xc1, 0xe4, 0x1e, 0x3, 0xe0, 0xb3, 0x2c, 0x2c,
    0x25, 0x4, 0xc8, 0xb0, 0x2c, 0x32, 0x8b, 0x80,
    0xa0, 0x7f, 0x4a, 0x0,

    /* U+6062 "恢" */
    0xf, 0xfe, 0x24, 0x85, 0x87, 0xff, 0x2f, 0x7c,
    0x7f, 0x3, 0x7, 0xa7, 0xd7, 0x83, 0x69, 0xe0,
    0x61, 0x90, 0x62, 0xa4, 0x18, 0x30, 0xff, 0x20,
    0x42, 0x5b, 0xeb, 0xf, 0x50, 0x57, 0x90, 0xe9,
    0x10, 0x28, 0x3e, 0x81, 0xd4, 0x1e, 0x81, 0xaf,
    0x7, 0xdb, 0x3, 0xc1, 0x48, 0x38, 0x34, 0x0,

    /* U+606F "息" */
    0xf, 0xfe, 0x45, 0x3, 0xfa, 0xa5, 0x54, 0x1e,
    0x69, 0xea, 0x21, 0xf5, 0x78, 0x3f, 0x57, 0x83,
    0xf7, 0xf8, 0x3f, 0x7f, 0x83, 0xf7, 0xf8, 0x3e,
    0xf9, 0xfc, 0x1d, 0x11, 0x61, 0x61, 0x28, 0x41,
    0x22, 0xa0, 0x50, 0x32, 0xdc, 0x82, 0x41, 0xfa,
    0xcc,

    /* U+610F "意" */
    0xf, 0xfe, 0x44, 0x87, 0xcf, 0xe6, 0xfc, 0x81,
    0xf1, 0xf8, 0xf2, 0xa, 0x8a, 0xc5, 0x40, 0xfa,
    0xfd, 0x7c, 0x4, 0xbf, 0xd0, 0x87, 0x7f, 0x90,
    0xff, 0xe4, 0xff, 0x90, 0xe7, 0xa3, 0xd3, 0x43,
    0x66, 0x72, 0xc, 0x29, 0xd, 0xb9, 0x40, 0xa2,
    0xfc, 0x8e, 0x0,

    /* U+6210 "成" */
    0xf, 0xd9, 0x7, 0xff, 0xb, 0xf, 0xe4, 0x12,
    0x82, 0xfe, 0x8f, 0x32, 0x17, 0xf1, 0xf9, 0x9,
    0x60, 0xe9, 0xd, 0xe9, 0x14, 0x28, 0x35, 0x10,
    0xb9, 0x9, 0x9, 0x46, 0xa8, 0x32, 0x1c, 0x90,
    0x6c, 0xb0, 0xb3, 0x24, 0x69, 0xe7, 0xb5, 0xa,
    0xc, 0xda, 0x51, 0x1c, 0x27, 0x9, 0xf0,

    /* U+6216 "或" */
    0xf, 0xd9, 0x87, 0xff, 0x6, 0xd0, 0x2f, 0xc2,
    0x38, 0x3f, 0xd1, 0xe0, 0xd5, 0xec, 0xac, 0x17,
    0xe8, 0x36, 0x84, 0xfa, 0x9, 0x42, 0x1f, 0xcf,
    0x40, 0xcf, 0xa0, 0x68, 0x86, 0xfd, 0x5, 0x87,
    0x34, 0xf3, 0x9, 0x27, 0x8f, 0x53, 0xa2, 0xc7,
    0x44, 0xf0, 0xd1, 0x0,

    /* U+6237 "户" */
    0xf, 0xfe, 0x34, 0x87, 0xfb, 0x83, 0xd7, 0xd1,
    0xf4, 0x6, 0xff, 0x48, 0x7f, 0x90, 0xff, 0xe2,
    0x5f, 0xf0, 0x6f, 0xfc, 0x1f, 0xfc, 0xc, 0x43,
    0xfe, 0xd0, 0xff, 0x30, 0x7f, 0x30, 0x7f, 0x80,

    /* U+6253 "打" */
    0xb, 0xf, 0xfe, 0x25, 0x7c, 0x87, 0xbf, 0x3e,
    0x4f, 0x1e, 0x5c, 0x28, 0x1e, 0x3c, 0x1f, 0xfc,
    0xe6, 0xf, 0xeb, 0x3c, 0x1f, 0xe8, 0x90, 0xfe,
    0x90, 0xff, 0xee, 0x5a, 0x15, 0xe0, 0xeb, 0x82,
    0xbe, 0x8,

    /* U+6279 "批" */
    0x4, 0x8e, 0xc, 0x3f, 0xfa, 0x8e, 0xd8, 0x7f,
    0x3a, 0xb0, 0xf7, 0x6, 0xc2, 0xf1, 0xd0, 0x36,
    0x83, 0xc4, 0x84, 0xb6, 0x1c, 0x84, 0xea, 0x83,
    0xf9, 0x8c, 0x3f, 0xf9, 0x50, 0x7e, 0xe0, 0x90,
    0x68, 0x37, 0x9f, 0x0,

    /* U+6284 "抄" */
    0xb, 0xe, 0xc3, 0xff, 0x9a, 0x84, 0x85, 0xe3,
    0x88, 0x2e, 0x7, 0x8e, 0x50, 0x52, 0x1f, 0x78,
    0x32, 0x83, 0x51, 0x41, 0xa4, 0xb3, 0xb0, 0xcc,
    0xf, 0x8, 0x64, 0xb0, 0x21, 0xf5, 0x14, 0x1f,
    0xe8, 0x83, 0xf3, 0x7a, 0xd, 0x69, 0x4f, 0x21,
    0xd7, 0x16, 0x87, 0x80,

    /* U+62A4 "护" */
    0xb, 0xc, 0xc1, 0xff, 0xc0, 0x58, 0x3f, 0xcb,
    0x6a, 0x7, 0x8d, 0xa6, 0xe, 0x7, 0x1a, 0x57,
    0x6, 0x43, 0xff, 0x87, 0x25, 0xf8, 0x2b, 0x34,
    0xbf, 0x6, 0x84, 0x43, 0xb0, 0x48, 0x64, 0x3f,
    0xf9, 0xb2, 0x1f, 0xad, 0x18, 0x3f, 0x5c, 0x61,
    0xf8,

    /* U+62D2 "拒" */
    0x4, 0x87, 0xff, 0xd, 0xff, 0x83, 0xf7, 0xf8,
    0xb6, 0xc3, 0xfa, 0xdb, 0x7, 0xf0, 0x7f, 0x7e,
    0xf, 0x70, 0x7f, 0x32, 0xb0, 0xff, 0x6c, 0x83,
    0xf0, 0x4a, 0xe, 0xfe, 0xf, 0xfe, 0x9e, 0xa0,
    0xbf, 0xc8,

    /* U+62E9 "择" */
    0x4, 0x87, 0xff, 0xd, 0xff, 0x41, 0xe7, 0x3e,
    0x21, 0xdb, 0x7, 0x9f, 0x1, 0xdb, 0xd, 0x21,
    0xf9, 0xab, 0x39, 0xb, 0x8a, 0x3d, 0xe5, 0x69,
    0x34, 0xca, 0x1, 0xdc, 0x15, 0x14, 0x43, 0xf9,
    0xf, 0xf7, 0xe3, 0xe4, 0x3b, 0xf1, 0xf2, 0x6a,
    0xf, 0xf0,

    /* U+6301 "持" */
    0xf, 0xfe, 0x24, 0x87, 0x61, 0xff, 0xcc, 0xf8,
    0xf8, 0x76, 0xcf, 0x8f, 0x87, 0x56, 0x1f, 0xfc,
    0xc, 0xfc, 0x7d, 0x5, 0xbf, 0xe3, 0x9d, 0x5,
    0xfc, 0x6a, 0x9d, 0xbb, 0xd1, 0xa2, 0x1d, 0x1,
    0xf, 0xf3, 0x7, 0xff, 0x2, 0x82, 0x1b, 0x50,
    0x77, 0x40, 0x0,

    /* U+6309 "按" */
    0xf, 0xfe, 0x24, 0x86, 0x90, 0xff, 0xe0, 0x78,
    0x3f, 0xaf, 0x4f, 0xc3, 0xb6, 0x5d, 0xf0, 0x1d,
    0x5e, 0x4, 0x12, 0x1b, 0x17, 0x5, 0x7, 0xbd,
    0x3f, 0x90, 0xaf, 0x47, 0xa7, 0x56, 0xac, 0xa0,
    0x2c, 0xe, 0xe0, 0x68, 0x88, 0x7e, 0xb6, 0x43,
    0xf9, 0x88, 0xc2, 0xd0, 0x5f, 0x34, 0xc1, 0xe4,
    0xa2, 0x13, 0x80,

    /* U+6362 "换" */
    0xf, 0xfe, 0x26, 0x1b, 0xf, 0xfe, 0x2, 0x53,
    0x43, 0xf5, 0xd0, 0x41, 0x66, 0xf0, 0x24, 0x2a,
    0x10, 0x2f, 0x2b, 0x9, 0x16, 0xb6, 0xc3, 0xc8,
    0x7f, 0x98, 0x90, 0x94, 0x1d, 0x9e, 0x6c, 0xf1,
    0x8a, 0x5, 0xe4, 0x1f, 0x7, 0xca, 0xe8, 0x1f,
    0xa9, 0x89, 0xa0, 0xc1, 0xf0, 0x55, 0x3, 0xc6,
    0x87, 0x38,

    /* U+636E "据" */
    0x4, 0x87, 0xff, 0xd, 0xff, 0x83, 0xe7, 0xf8,
    0xc, 0xd0, 0x43, 0x20, 0x75, 0x40, 0xa7, 0x68,
    0x13, 0x3, 0x42, 0xa0, 0xda, 0x3e, 0x3e, 0x49,
    0x5e, 0x7c, 0x7c, 0xa0, 0x50, 0xc3, 0xe6, 0x40,
    0x9e, 0x3e, 0xf, 0x93, 0xf0, 0x79, 0x41, 0xfd,
    0xab, 0x81, 0xf8, 0x0,

    /* U+6388 "授" */
    0x4, 0x87, 0x2a, 0x43, 0xd7, 0x4c, 0xd0, 0xf5,
    0x46, 0x90, 0xed, 0x91, 0xe2, 0x83, 0xab, 0x14,
    0x6a, 0xe, 0xcc, 0xfc, 0x61, 0xb4, 0xaf, 0x5,
    0x28, 0xff, 0xc0, 0xd9, 0x27, 0xd2, 0x12, 0x19,
    0x62, 0x81, 0xfd, 0xde, 0xf, 0xe7, 0x56, 0x85,
    0xa8, 0xfa, 0x9f, 0x0,

    /* U+638C "掌" */
    0xa, 0x4, 0x82, 0x43, 0x94, 0x19, 0x60, 0xbc,
    0x5b, 0x71, 0xe0, 0xbf, 0xfc, 0x1d, 0xea, 0xec,
    0x36, 0xb, 0xf8, 0x18, 0x68, 0x3b, 0x43, 0xae,
    0xb6, 0x1f, 0x7a, 0x8a, 0xf9, 0xf, 0xfe, 0x2d,
    0xf9, 0x5f, 0xa0, 0x57, 0x35, 0xe0, 0xeb, 0x43,
    0xe0,

    /* U+63A5 "接" */
    0x4, 0x86, 0x90, 0xff, 0xe0, 0x78, 0x3f, 0x9f,
    0x4f, 0xc0, 0x9a, 0x3b, 0xe9, 0xc1, 0x2a, 0xe,
    0xa0, 0x76, 0x79, 0xf1, 0xe4, 0x2d, 0xf8, 0xfc,
    0x9a, 0x8f, 0x8f, 0xd1, 0x33, 0xc7, 0xa3, 0x84,
    0x34, 0x83, 0x83, 0xf6, 0x79, 0x41, 0xff, 0x26,
    0x16, 0xa3, 0xbd, 0x76, 0xf, 0x3, 0x90, 0x9c,

    /* U+63A7 "控" */
    0x4, 0x86, 0x60, 0xff, 0xe0, 0x28, 0x3f, 0xaf,
    0x8f, 0xc6, 0xd9, 0x7f, 0x81, 0xb7, 0x9a, 0x14,
    0x30, 0xe6, 0x22, 0xf0, 0x6d, 0x38, 0x26, 0x4,
    0xa0, 0x5f, 0xd0, 0x4c, 0x9f, 0x1f, 0x2, 0xf,
    0xfe, 0xee, 0xa3, 0xf1, 0xf8,

    /* U+63D0 "提" */
    0x4, 0x87, 0xff, 0x13, 0xfc, 0x1f, 0xd5, 0x82,
    0x76, 0xc3, 0xf9, 0xdb, 0x7, 0xe0, 0xfe, 0xeb,
    0x61, 0xdd, 0x3f, 0xe0, 0x4a, 0xef, 0x8f, 0x84,
    0x64, 0xc3, 0xe6, 0xf, 0xde, 0x43, 0xd0, 0x83,
    0xc8, 0x79, 0xe8, 0x1e, 0xd5, 0xc6, 0xf, 0x93,
    0xc6, 0x82, 0xfc, 0x80,

    /* U+64A4 "撤" */
    0xf, 0xfe, 0x26, 0x14, 0x16, 0x1f, 0x2f, 0x83,
    0xfa, 0x7c, 0x5, 0xe, 0x60, 0x8b, 0x79, 0x59,
    0xe2, 0x5b, 0x94, 0x1b, 0xa7, 0x8d, 0xf, 0x77,
    0x88, 0xf0, 0x13, 0x2d, 0xd7, 0xe, 0x7a, 0x88,
    0x10, 0x98, 0x2a, 0x21, 0x21, 0xf5, 0x10, 0x28,
    0x3e, 0xa2, 0x4d, 0x1, 0x86, 0x9c, 0x90, 0xbc,
    0x2a, 0xe8, 0x8,

    /* U+64CD "操" */
    0x6, 0x1f, 0xfc, 0x5f, 0xe4, 0x3f, 0xbe, 0x42,
    0x73, 0x46, 0xa0, 0xce, 0x6c, 0x8, 0x1c, 0x1f,
    0x42, 0xa8, 0x86, 0x50, 0x7f, 0x31, 0x8e, 0xe7,
    0x90, 0x64, 0xfc, 0xde, 0x85, 0x1, 0xf8, 0xbe,
    0xe, 0x78, 0xa, 0xf0, 0x73, 0xf3, 0x79, 0x6,
    0xe, 0x81, 0x38, 0x5e, 0x24, 0x10, 0x48,

    /* U+6539 "改" */
    0xf, 0xc8, 0x7a, 0xb8, 0x10, 0x7b, 0xf2, 0x21,
    0xf2, 0xe0, 0x67, 0xe4, 0x3e, 0x6f, 0x12, 0x5f,
    0x11, 0x4, 0x85, 0x7c, 0x60, 0x43, 0xfa, 0x1a,
    0x83, 0xfd, 0x22, 0x1f, 0x41, 0x90, 0xcf, 0xe0,
    0x6a, 0x83, 0xbc, 0xad, 0xb6, 0x7, 0x5, 0x50,
    0x30, 0x0,

    /* U+6548 "效" */
    0x9, 0xe, 0x83, 0xed, 0xc, 0x87, 0x50, 0xa8,
    0x50, 0x76, 0x77, 0x8d, 0xf9, 0x17, 0x48, 0xf9,
    0x92, 0x41, 0x44, 0x25, 0xa, 0x87, 0xd0, 0x86,
    0x7a, 0x79, 0xa6, 0xa0, 0xd2, 0xc2, 0xd6, 0x1f,
    0x21, 0x22, 0x1a, 0x78, 0x24, 0x42, 0x98, 0x87,
    0xb9, 0xb, 0x2, 0xa8, 0x94, 0x48, 0x33, 0xa0,
    0x74,

    /* U+6570 "数" */
    0xd, 0x88, 0x20, 0xf6, 0x14, 0x28, 0x3c, 0xa1,
    0x80, 0x87, 0x44, 0x5b, 0xbf, 0x25, 0x85, 0xaa,
    0xd9, 0x2f, 0x1e, 0x88, 0x50, 0x39, 0x88, 0xc3,
    0xdd, 0x78, 0x64, 0x28, 0x7c, 0x14, 0xc1, 0x90,
    0x50, 0x8, 0x86, 0xcd, 0x3, 0x50, 0x69, 0x86,
    0x9b, 0x69, 0x79, 0x93, 0x3, 0x0,

    /* U+6574 "整" */
    0x9, 0x83, 0x41, 0xde, 0x9f, 0x10, 0x7b, 0xd3,
    0xe1, 0x5f, 0x25, 0x35, 0x71, 0x66, 0x81, 0x46,
    0x5d, 0x10, 0xa8, 0x16, 0x5, 0x61, 0x5c, 0xca,
    0xfa, 0xd3, 0x98, 0x4d, 0x39, 0x1f, 0xeb, 0xf8,
    0x2f, 0xd3, 0xfa, 0xd, 0x84, 0xfc, 0x87, 0xf3,
    0xf2, 0x17, 0x8f, 0x4f, 0xf4,

    /* U+6587 "文" */
    0xf, 0x21, 0xff, 0xc2, 0xc3, 0xff, 0x80, 0x87,
    0xef, 0xf1, 0xfd, 0x1e, 0x6f, 0xe3, 0xd0, 0x54,
    0xd, 0x21, 0xf3, 0x4, 0xc1, 0xf4, 0xa3, 0x43,
    0xfb, 0xa3, 0x7, 0xfc, 0xe1, 0xfc, 0xed, 0x41,
    0xe6, 0xb3, 0x9c, 0x17, 0x79, 0xa, 0xcd, 0x3c,
    0x87, 0xd6, 0x80,

    /* U+65AD "断" */
    0xf, 0xfe, 0x26, 0x1e, 0xb3, 0x42, 0x46, 0xd4,
    0x12, 0x8, 0xbe, 0x80, 0xe5, 0x0, 0x87, 0x21,
    0x68, 0x7e, 0xc1, 0xa7, 0xe4, 0x40, 0xa0, 0x78,
    0xd0, 0x45, 0x87, 0xeb, 0x1c, 0x3f, 0x41, 0x94,
    0x1f, 0xb0, 0xff, 0x7f, 0x50, 0x3b, 0xfc, 0x1f,
    0xfc, 0x1c, 0x2c, 0x0,

    /* U+65B0 "新" */
    0x9, 0xf, 0xfe, 0xf, 0x4, 0xde, 0x41, 0xe5,
    0x79, 0xbe, 0x41, 0x9e, 0x35, 0x83, 0xf2, 0x84,
    0x3c, 0xe7, 0x38, 0xfe, 0x57, 0xa9, 0xe1, 0xf1,
    0xab, 0xd4, 0xf0, 0x7c, 0xfa, 0xac, 0x3f, 0x28,
    0x1a, 0x61, 0xe9, 0x5, 0x30, 0xfa, 0xd, 0xa8,
    0x3c, 0xd0, 0xc, 0x1e,

    /* U+65E0 "无" */
    0x7, 0xff, 0xa0, 0xbf, 0x37, 0xe8, 0x3f, 0xf9,
    0x28, 0x7e, 0xfe, 0x2f, 0xe4, 0xfd, 0xa, 0xfc,
    0x87, 0x93, 0xf, 0xf5, 0x87, 0xfc, 0x88, 0x7f,
    0x9b, 0xf, 0x30, 0x29, 0x85, 0x85, 0xe3, 0x30,
    0xb7, 0xe5, 0x1c, 0x19, 0xfe, 0x0,

    /* U+65E5 "日" */
    0x7f, 0xf8, 0x1f, 0xe8, 0x3f, 0x90, 0xff, 0xe5,
    0xff, 0xc1, 0x7f, 0xa0, 0xfe, 0x43, 0xff, 0x97,
    0xff, 0x5, 0xff, 0x0,

    /* U+65E7 "旧" */
    0x30, 0x7f, 0xe0, 0xef, 0xe8, 0x3f, 0xe4, 0x3f,
    0xfa, 0x5f, 0xe0, 0xf7, 0xf8, 0x3f, 0xfb, 0xdf,
    0xe0, 0xf7, 0xf9,

    /* U+65F6 "时" */
    0xf, 0xf6, 0xb, 0xe0, 0xfe, 0x68, 0x1f, 0xf2,
    0xef, 0xe3, 0x83, 0x3f, 0xc7, 0x1e, 0x41, 0x7,
    0xde, 0x9, 0x41, 0xf9, 0x7, 0x7, 0xff, 0x1,
    0x83, 0x91, 0xa, 0x81, 0xd4, 0x43, 0xf9, 0xe8,
    0x1c, 0x85, 0x7, 0xbd, 0x20,

    /* U+660E "明" */
    0xfe, 0x3f, 0xc7, 0xc1, 0x7e, 0xf, 0xfe, 0x45,
    0x60, 0x7c, 0x17, 0xe0, 0x7c, 0x12, 0xe0, 0xfc,
    0xb8, 0x1d, 0x88, 0x7d, 0x4f, 0xa5, 0xc2, 0x82,
    0x50, 0x74, 0x14, 0x87, 0xf9, 0x80, 0xf9, 0xd,
    0x84, 0xfa,

    /* U+661F "星" */
    0x5, 0xff, 0xa0, 0xeb, 0xfd, 0x7, 0xaf, 0xf4,
    0x1e, 0xbf, 0xd0, 0x7a, 0xff, 0x41, 0xd1, 0xea,
    0x7d, 0x6, 0xcf, 0x53, 0xf0, 0x5b, 0xf2, 0xbf,
    0x5, 0x7e, 0x57, 0xd0, 0x4a, 0xf9, 0x5f, 0x41,
    0xff, 0xc5, 0xfe, 0x57, 0xf0,

    /* U+663E "显" */
    0x3, 0xff, 0xc1, 0xcf, 0xfc, 0x1e, 0x7f, 0xe0,
    0xf3, 0xff, 0x7, 0x9a, 0xf6, 0x1c, 0xf7, 0x4e,
    0xf0, 0x68, 0x10, 0x20, 0x28, 0x34, 0x1f, 0x48,
    0x52, 0x1c, 0xf0, 0x76, 0x1c, 0xe8, 0x5f, 0x8f,
    0x1f, 0xa3, 0xff, 0xf8, 0x10,

    /* U+6682 "暂" */
    0xa, 0xf, 0x94, 0xf, 0x3f, 0x1e, 0xb0, 0xb3,
    0xbc, 0xe, 0x88, 0x32, 0xb0, 0x3f, 0x27, 0xa2,
    0x80, 0xf1, 0xa2, 0xa3, 0xca, 0xf, 0x7c, 0x7e,
    0xf, 0x51, 0x40, 0xd0, 0x21, 0xad, 0xf5, 0xf2,
    0x1d, 0x7f, 0xc1, 0xeb, 0xfe, 0xf, 0x5f, 0xf0,
    0x7a, 0xff, 0x82,

    /* U+66F4 "更" */
    0x3f, 0xff, 0x80, 0xf, 0xe9, 0xfe, 0xa, 0xfa,
    0x7f, 0x6, 0x7e, 0x9f, 0x83, 0xdf, 0x4f, 0xc1,
    0xef, 0xa7, 0xe0, 0xf2, 0xc, 0x3f, 0x9b, 0xca,
    0xf8, 0x3a, 0x3c, 0x7f, 0x7, 0x7c, 0x87, 0xfa,
    0x15, 0x21, 0xef, 0xd7, 0xfc, 0x9e, 0x42, 0x6f,
    0xc8,

    /* U+66FF "替" */
    0xa, 0x43, 0x30, 0x66, 0x68, 0xaa, 0x34, 0x3,
    0x2a, 0x55, 0x1a, 0x2, 0x8a, 0x9a, 0x9a, 0x25,
    0x8c, 0xd8, 0x52, 0xd, 0x20, 0x4e, 0x85, 0x94,
    0xce, 0x85, 0xa5, 0xf5, 0x97, 0xe4, 0x47, 0xfd,
    0x7, 0x9f, 0xf4, 0x1e, 0x7f, 0xd0, 0x7f, 0xf2,
    0x1f, 0xf4, 0x10,

    /* U+6709 "有" */
    0xe, 0x50, 0x7f, 0xf0, 0x24, 0x3f, 0x7e, 0x3f,
    0xe0, 0x7c, 0x5f, 0xf0, 0x68, 0x43, 0xfe, 0x4f,
    0xf2, 0x1b, 0x1f, 0xe4, 0x37, 0x47, 0xf9, 0xd,
    0xa3, 0xfc, 0x87, 0xcf, 0xf2, 0x1f, 0x3f, 0xc8,
    0x7f, 0xf3, 0x6d, 0x40,

    /* U+671F "期" */
    0x6, 0x6, 0xf, 0xfe, 0x1d, 0xf8, 0x19, 0xe9,
    0x8b, 0xc1, 0x67, 0xa6, 0xf, 0xef, 0x41, 0x5e,
    0xe, 0xf4, 0x15, 0xe0, 0xea, 0x83, 0xfe, 0xa8,
    0xd, 0xe0, 0xff, 0x9a, 0x1, 0xcf, 0x4c, 0x4a,
    0x3, 0xb6, 0xf0, 0x7c, 0xb0, 0x28, 0x87, 0xac,
    0x16, 0x45, 0x85, 0x86, 0x60, 0x5e, 0x0,

    /* U+672A "未" */
    0xf, 0x50, 0x3f, 0xfb, 0x1f, 0x95, 0xf8, 0x37,
    0xe5, 0x7e, 0xf, 0xfe, 0x2f, 0xf2, 0xbf, 0x81,
    0xf9, 0x3, 0xf8, 0x39, 0x7c, 0x1f, 0x53, 0x7,
    0x40, 0xec, 0xc3, 0x6e, 0x17, 0x40, 0xf6, 0xe0,
    0xd0, 0xfd, 0x60,

    /* U+672C "本" */
    0xf, 0x50, 0x3f, 0xfa, 0xff, 0xca, 0xfe, 0x7,
    0xd0, 0xa3, 0xf0, 0x77, 0x2, 0x81, 0xf2, 0xc0,
    0x58, 0x3d, 0x40, 0xd4, 0xe, 0xd4, 0x19, 0x58,
    0x5a, 0x79, 0x5e, 0x1c, 0x15, 0xca, 0xae, 0x2,
    0x5, 0x1, 0x40, 0x43, 0xff, 0x86,

    /* U+673A "机" */
    0xb, 0xf, 0xfe, 0x2f, 0xf0, 0x7f, 0xbe, 0x9,
    0xf1, 0xe0, 0xfc, 0xf1, 0xe0, 0xff, 0x62, 0x1f,
    0xf2, 0x41, 0xfe, 0x51, 0x61, 0xfd, 0x41, 0x90,
    0xf9, 0x41, 0x22, 0x1c, 0xa8, 0x35, 0x3, 0xb0,
    0xe4, 0x3f, 0xf8, 0x36, 0x1d, 0xe0, 0xb3, 0xe,
    0xf2,

    /* U+6743 "权" */
    0xb, 0xf, 0xfe, 0x25, 0x7c, 0x1f, 0xdf, 0x91,
    0xf1, 0xf0, 0xb0, 0x8f, 0x1e, 0x50, 0x5e, 0xb,
    0x30, 0xf2, 0x82, 0x46, 0x28, 0x21, 0xa8, 0x40,
    0x51, 0x40, 0x94, 0x8, 0xe, 0x20, 0xa0, 0x7b,
    0x20, 0xa4, 0x39, 0xa9, 0xf, 0xd4, 0xde, 0x81,
    0xe8, 0xc2, 0xd4, 0x16, 0x50, 0x3b, 0x40,

    /* U+67E5 "查" */
    0xf, 0x48, 0x7f, 0xf2, 0x7f, 0x9b, 0xf8, 0x1f,
    0x42, 0x8b, 0xe0, 0xd4, 0xcf, 0x50, 0x35, 0x99,
    0x83, 0x38, 0x2c, 0xf5, 0x3c, 0x61, 0x43, 0xfe,
    0x48, 0x3b, 0xad, 0x87, 0xee, 0xb6, 0x1f, 0xba,
    0xd8, 0x7d, 0xea, 0xde, 0xd, 0xff, 0xfc, 0x0,

    /* U+68C0 "检" */
    0xf, 0xfe, 0x22, 0x83, 0x61, 0xff, 0xc0, 0x48,
    0x3d, 0xe0, 0xac, 0x82, 0x75, 0x67, 0x13, 0x1,
    0xd5, 0xe5, 0x2, 0x60, 0x97, 0x75, 0x78, 0x24,
    0x79, 0xac, 0x40, 0xdf, 0x28, 0xc1, 0x86, 0xc5,
    0x62, 0x83, 0x30, 0x64, 0xca, 0x1, 0xe, 0xc5,
    0x8, 0x7d, 0x5b, 0x68, 0x1e, 0xad, 0xea, 0x0,

    /* U+6B21 "次" */
    0xf, 0x21, 0xf9, 0xd, 0x21, 0xf7, 0x83, 0x21,
    0xf5, 0x32, 0x3f, 0xc1, 0x38, 0xdd, 0xe9, 0xe,
    0x44, 0x81, 0x61, 0xec, 0x39, 0x41, 0xb4, 0x8,
    0x90, 0x68, 0x36, 0x61, 0xe7, 0x9, 0x90, 0xee,
    0xb, 0x57, 0x83, 0x28, 0x1b, 0x1, 0xc2, 0x87,
    0x60, 0xa7, 0xc, 0xf0, 0x75, 0x80,

    /* U+6B22 "欢" */
    0xf, 0x98, 0x3c, 0xbc, 0x78, 0x3d, 0xfa, 0x1b,
    0xf0, 0x2a, 0xd0, 0x7e, 0xb, 0x4c, 0x93, 0x14,
    0xe, 0x1c, 0x82, 0x60, 0x9c, 0x60, 0xfe, 0x84,
    0x24, 0x43, 0xe4, 0x2d, 0xc3, 0xb9, 0x42, 0xa4,
    0x36, 0xa8, 0x14, 0x2c, 0xa, 0x80, 0xea, 0x15,
    0x8c, 0x15, 0x41, 0x4a,

    /* U+6B62 "止" */
    0xf, 0xb0, 0xff, 0xec, 0x30, 0x7f, 0xf0, 0x30,
    0xff, 0xe3, 0xfe, 0x83, 0xfb, 0xf4, 0x1f, 0xfe,
    0xd7, 0x57, 0xc7, 0xf0, 0xff, 0xff, 0x0,

    /* U+6B63 "正" */
    0x2f, 0xff, 0x81, 0x7f, 0x1f, 0xc1, 0xff, 0xc6,
    0x43, 0xff, 0x83, 0x7, 0xff, 0x1b, 0xf2, 0x1f,
    0xdf, 0x90, 0xff, 0xf0, 0x59, 0x4c, 0xae, 0x4e,
    0x9e, 0xa7, 0xf2,

    /* U+6B64 "此" */
    0xc, 0xe0, 0xc3, 0xff, 0xaf, 0x87, 0xf2, 0x1f,
    0xfc, 0xe, 0xf, 0xb8, 0xbb, 0xf, 0xb8, 0x1a,
    0x1f, 0xf4, 0x1f, 0xfd, 0x34, 0x3f, 0xf8, 0xe,
    0x13, 0x9e, 0x10, 0x60, 0xcc, 0xbd, 0x4f, 0x31,
    0xea, 0x20, 0x7f, 0x0,

    /* U+6B65 "步" */
    0xf, 0x30, 0x7f, 0x21, 0xff, 0xc1, 0x82, 0x7f,
    0x7, 0xf3, 0xf8, 0x25, 0xa, 0xd7, 0xc0, 0xf3,
    0xe4, 0xfe, 0x5, 0x5d, 0x1a, 0xb8, 0x36, 0x1e,
    0xb0, 0xd2, 0x83, 0x2a, 0x9, 0x20, 0xd4, 0xc3,
    0x30, 0x64, 0xc3, 0xe6, 0xea, 0xf, 0x7a, 0x3c,
    0x87, 0xdf, 0x41, 0xfc,

    /* U+6BC1 "毁" */
    0x9, 0xf, 0xfa, 0x8d, 0xc7, 0xe0, 0x98, 0xb0,
    0xbc, 0x1d, 0xb6, 0x1f, 0xed, 0xb0, 0xf2, 0x1e,
    0x57, 0x2, 0xc0, 0xd5, 0xa8, 0x51, 0x2, 0xbc,
    0x5e, 0xa0, 0x3f, 0xa8, 0x50, 0x81, 0xe6, 0xe2,
    0xa4, 0x3f, 0xcb, 0x41, 0x51, 0xb8, 0x81, 0x5,
    0xff, 0x1e, 0x30, 0x28, 0x27, 0x81, 0x60,

    /* U+6BCF "每" */
    0xc, 0x87, 0xff, 0x2, 0xc3, 0xff, 0x80, 0xaf,
    0xfc, 0x17, 0x7f, 0xf0, 0x37, 0xff, 0x82, 0xa3,
    0xe2, 0xf4, 0x84, 0x86, 0xf4, 0x1e, 0xf1, 0xf2,
    0xb9, 0xe3, 0x8e, 0x7e, 0x9e, 0x9, 0x1b, 0x4c,
    0x3b, 0x7e, 0x2d, 0x58, 0x57, 0xfc, 0x58, 0x7f,
    0x78, 0x43, 0xfd, 0xf0, 0x40,

    /* U+6C42 "求" */
    0xf, 0x50, 0x83, 0xff, 0x83, 0xe4, 0x3f, 0xe6,
    0xc2, 0xfe, 0x57, 0xa7, 0x7, 0xf2, 0x7d, 0x61,
    0x68, 0x64, 0x60, 0xdc, 0x85, 0x36, 0x1d, 0x84,
    0xab, 0xf, 0xda, 0x42, 0x1c, 0xfc, 0x82, 0x88,
    0x5d, 0x41, 0x9a, 0x81, 0x68, 0x58, 0x1c, 0x24,
    0x1e, 0x50, 0x68,

    /* U+6CA1 "没" */
    0xf, 0xfe, 0x1d, 0x85, 0xfc, 0x1a, 0xa0, 0xbe,
    0xf, 0x30, 0x7f, 0x98, 0x2e, 0xd, 0x41, 0xf1,
    0x44, 0x2f, 0x80, 0xe7, 0x7f, 0x48, 0x72, 0xdf,
    0x21, 0xec, 0x90, 0x9c, 0x37, 0x2, 0xde, 0xc,
    0x88, 0x15, 0x8, 0x6a, 0xd, 0x93, 0xc8, 0x24,
    0xbd, 0x36, 0x40,

    /* U+6CD5 "法" */
    0x14, 0x1d, 0x21, 0xcd, 0x87, 0xff, 0x3, 0x43,
    0xb0, 0xfa, 0x2f, 0x2b, 0xc8, 0x20, 0xaf, 0x37,
    0x90, 0x79, 0xf, 0xf9, 0xd3, 0xe6, 0xf8, 0x3d,
    0xe8, 0xfc, 0x1b, 0x41, 0x41, 0xe, 0x44, 0x44,
    0xd0, 0xd4, 0x5, 0x83, 0x82, 0x94, 0x47, 0xe6,
    0x7, 0x3, 0xbe, 0xa2, 0x0,

    /* U+6D4F "浏" */
    0xe, 0x50, 0x76, 0x38, 0x18, 0x3e, 0x5e, 0x16,
    0x83, 0x4f, 0x9b, 0xe, 0x41, 0x51, 0x7, 0x71,
    0x2c, 0x1e, 0xb2, 0x9e, 0xf, 0x90, 0x4a, 0xf,
    0x94, 0x22, 0x1f, 0x49, 0x30, 0x79, 0x42, 0xa6,
    0x60, 0xac, 0xb2, 0x81, 0xd2, 0x41, 0xd6, 0x88,
    0x10, 0xeb, 0x80,

    /* U+6D88 "消" */
    0x24, 0x8, 0x30, 0x20, 0xa8, 0x83, 0xa4, 0x1e,
    0x28, 0x12, 0xc1, 0x23, 0x84, 0xc3, 0x5, 0xd9,
    0xf0, 0x98, 0x5f, 0xc1, 0x50, 0x3f, 0xf8, 0x8,
    0x5f, 0xc1, 0xd0, 0x3f, 0x83, 0x58, 0x3f, 0x83,
    0x28, 0x1f, 0xc1, 0x70, 0x7f, 0xca, 0xf, 0x5a,
    0x0,

    /* U+6DFB "添" */
    0x14, 0x1f, 0xfc, 0x1a, 0x3f, 0xf8, 0xf, 0x9f,
    0x4f, 0xe0, 0xc8, 0x56, 0x1e, 0x81, 0xf1, 0x7e,
    0x4f, 0x1e, 0x2f, 0x1e, 0x47, 0x6, 0x89, 0x68,
    0x77, 0x4c, 0xd, 0x10, 0x2b, 0xc8, 0x22, 0xd0,
    0x48, 0xa0, 0x9b, 0x2, 0xe, 0xb, 0xcb, 0x14,
    0x34, 0x26, 0x24, 0x50, 0x5a, 0x83, 0x80,

    /* U+6E05 "清" */
    0x14, 0x1d, 0x87, 0xd4, 0x7e, 0x3e, 0x80, 0xf9,
    0xf8, 0xfa, 0xc, 0x9f, 0x1f, 0x20, 0x80, 0xd4,
    0x54, 0x17, 0x83, 0xa0, 0xf3, 0x8d, 0x7c, 0x87,
    0xdf, 0xc1, 0xce, 0xf, 0xe0, 0xee, 0x7, 0xf0,
    0x72, 0x81, 0xfc, 0x1a, 0x42, 0xfe, 0xe, 0x83,
    0xd6, 0x80,

    /* U+7248 "版" */
    0x20, 0x60, 0x55, 0x34, 0x3e, 0xb3, 0xb4, 0x3f,
    0x6a, 0xf, 0x21, 0xff, 0xc1, 0xb3, 0x2f, 0xc8,
    0x1f, 0xc2, 0xbc, 0x87, 0xf6, 0x81, 0x41, 0x7c,
    0x28, 0x3f, 0x79, 0xa, 0xb0, 0x7f, 0x97, 0x7,
    0xc8, 0x7e, 0x50, 0x5a, 0xb9, 0xc1, 0xc1, 0xba,
    0x35, 0x10, 0x54, 0x74, 0xc, 0x0,

    /* U+724C "牌" */
    0xf, 0xfe, 0x1e, 0x41, 0xa8, 0x1f, 0xea, 0x25,
    0x10, 0xf9, 0xa3, 0x78, 0x3f, 0xf8, 0xbb, 0xc5,
    0x94, 0xd, 0xf4, 0x5b, 0x40, 0xfe, 0xe7, 0x83,
    0x7a, 0x35, 0x6f, 0x5, 0xc0, 0xb8, 0x43, 0xf4,
    0xde, 0x3c, 0x21, 0xaf, 0xc7, 0x80, 0x87, 0xff,
    0x3, 0xc1, 0xff, 0xc0, 0x91, 0x83, 0xb0, 0x80,

    /* U+72B6 "状" */
    0xf, 0xfe, 0x2e, 0x85, 0x88, 0x7f, 0xf0, 0xa0,
    0x38, 0x7e, 0x44, 0x54, 0x1f, 0xa4, 0x10, 0x5f,
    0x1f, 0x82, 0x81, 0xe8, 0xbe, 0xf, 0xf6, 0x1e,
    0xc3, 0x94, 0x1d, 0xc1, 0xad, 0x41, 0x32, 0x12,
    0x34, 0x9, 0x41, 0xa8, 0x6, 0xf, 0xb5, 0x2,
    0x60, 0xed, 0x83, 0x68,

    /* U+73B0 "现" */
    0x3f, 0x5f, 0xe4, 0x1e, 0x38, 0xbe, 0xf, 0xfe,
    0x6, 0x1f, 0xfc, 0x7f, 0x1a, 0x1f, 0xde, 0x34,
    0x3f, 0xf8, 0xa8, 0x7f, 0xa6, 0x49, 0xe, 0x58,
    0x5c, 0x13, 0x10, 0x27, 0x4, 0x9f, 0x96, 0x83,
    0x24, 0x83, 0xe1, 0xb4, 0x3d, 0xc1, 0x7c, 0x0,

    /* U+7406 "理" */
    0x7f, 0x3f, 0xf0, 0xed, 0x8f, 0x8f, 0x7, 0xe4,
    0x32, 0x1f, 0xd4, 0x2c, 0x29, 0xa0, 0xd0, 0xa0,
    0x53, 0x41, 0xf1, 0xe0, 0xf9, 0xf8, 0xf8, 0x3f,
    0xf8, 0xda, 0xbe, 0x3e, 0x4, 0xad, 0xf8, 0xf8,
    0x4b, 0x83, 0xf9, 0x91, 0xfc, 0x7d, 0x0,

    /* U+751F "生" */
    0x9, 0x43, 0x7, 0xf4, 0x87, 0xfc, 0x87, 0xff,
    0x7, 0x3d, 0x3f, 0xc0, 0x57, 0xd3, 0xfc, 0xa,
    0x7, 0xff, 0x3, 0x43, 0xff, 0x83, 0x7d, 0x3f,
    0x90, 0xaf, 0xa7, 0xf2, 0x1f, 0xfd, 0x84, 0x3e,
    0xfe, 0x8f, 0xe4,

    /* U+7528 "用" */
    0x7, 0xff, 0x83, 0x7d, 0x1f, 0x7, 0xe4, 0x3f,
    0xba, 0x65, 0x41, 0xd5, 0x8a, 0x83, 0x90, 0x21,
    0xff, 0xc0, 0x43, 0xfb, 0xe8, 0xf8, 0x3b, 0xf1,
    0xf0, 0x4a, 0xf, 0xfa, 0xc3, 0xfc, 0xb0, 0x7b,
    0xc0, 0x60, 0xec, 0xf8,

    /* U+7531 "由" */
    0xf, 0x61, 0xff, 0xd2, 0xfe, 0x3f, 0x81, 0xf8,
    0xfc, 0x1f, 0xfc, 0xff, 0xc7, 0xe0, 0xbf, 0x1f,
    0x83, 0xff, 0x9f, 0xf8, 0xfc, 0x17, 0xff, 0x0,

    /* U+7535 "电" */
    0xe, 0xd0, 0xff, 0xe4, 0x7e, 0x2f, 0xc1, 0xbe,
    0x2f, 0x83, 0xff, 0x8d, 0xf1, 0x7c, 0x1d, 0xf1,
    0x7c, 0x1f, 0xfc, 0x6f, 0x8b, 0xe0, 0xef, 0x8b,
    0xf2, 0xc, 0x3f, 0xb4, 0x3d, 0x86, 0x50, 0x74,
    0xfe, 0x40,

    /* U+7559 "留" */
    0x9, 0x83, 0xfa, 0xf8, 0xff, 0x1, 0xe4, 0xf1,
    0xe0, 0xf6, 0x5, 0x7, 0xc8, 0x94, 0xc, 0x9e,
    0xa9, 0x28, 0x8f, 0xa7, 0xd1, 0xe8, 0xf, 0xeb,
    0xd4, 0xc, 0xfc, 0x7c, 0x1c, 0xd3, 0x29, 0x87,
    0x34, 0xca, 0x61, 0xff, 0xc6, 0x7e, 0x3e, 0x8,

    /* U+7684 "的" */
    0xf, 0xfe, 0x16, 0x1b, 0xf, 0xfe, 0x25, 0x94,
    0x23, 0xe9, 0xb9, 0x1b, 0xd2, 0x21, 0x4a, 0x2,
    0x1e, 0xe4, 0x3b, 0xe1, 0x20, 0x93, 0xe0, 0xac,
    0x43, 0xf2, 0xc1, 0xfe, 0x90, 0xff, 0xe0, 0x78,
    0xf8, 0x3c, 0x83, 0xf0, 0x1f, 0xe, 0x1e, 0x7e,
    0x0,

    /* U+770B "看" */
    0xf, 0xe5, 0x83, 0x7f, 0x53, 0xf, 0x7d, 0x35,
    0x28, 0x37, 0xd3, 0xfc, 0x85, 0xe8, 0xff, 0x20,
    0xac, 0x57, 0xc0, 0xa0, 0x2f, 0xf4, 0x12, 0x83,
    0xdc, 0x15, 0x13, 0xf9, 0xe, 0xf3, 0x5d, 0x86,
    0x80, 0xd7, 0x61, 0xf3, 0x5e, 0xf, 0x9f, 0xe8,
    0x20,

    /* U+7801 "码" */
    0xf, 0xfe, 0x1f, 0xea, 0x7f, 0x5, 0xb7, 0x4f,
    0xc1, 0xca, 0xb, 0xf, 0xfe, 0x22, 0x82, 0x4f,
    0x21, 0xfd, 0x3a, 0x27, 0xa7, 0xf, 0x9f, 0xe0,
    0xb0, 0xff, 0xe3, 0x7f, 0x21, 0x9d, 0x3f, 0x84,
    0x37, 0x90, 0xef, 0x5, 0x7, 0xad, 0x41, 0x21,
    0xeb, 0xc0,

    /* U+786E "确" */
    0xf, 0x94, 0x1e, 0xfd, 0x14, 0xf2, 0x16, 0xdc,
    0xaf, 0x7, 0x94, 0xa, 0x8, 0x87, 0xd1, 0xe8,
    0xf0, 0x12, 0x9b, 0x67, 0x82, 0x88, 0x4b, 0x3c,
    0x4, 0x43, 0x59, 0xe0, 0x38, 0x76, 0x8a, 0xf,
    0xc9, 0x9e, 0xc, 0xe8, 0x28, 0x50, 0x3b, 0xca,
    0xf, 0xe8, 0x14, 0x2, 0xb0, 0xc8, 0x30, 0xa7,
    0xc0,

    /* U+78B0 "碰" */
    0xf, 0x41, 0xa0, 0x3f, 0x81, 0x2, 0x9, 0xcf,
    0x10, 0x4c, 0x1f, 0x79, 0xf1, 0xe4, 0x50, 0x3c,
    0xf8, 0xf2, 0x7, 0xa0, 0x7a, 0x4, 0xe1, 0xf9,
    0x10, 0xda, 0x1c, 0x81, 0x9, 0xc3, 0x58, 0xe1,
    0x90, 0xca, 0xc, 0x83, 0xd, 0x86, 0x7c, 0x1f,
    0xe6, 0x8f, 0x9f, 0x1e, 0x80,

    /* U+793A "示" */
    0x7, 0xff, 0x83, 0x7f, 0xf8, 0x3f, 0xfa, 0x7f,
    0xff, 0xc0, 0x7, 0xf2, 0xbf, 0x83, 0x41, 0xe8,
    0x39, 0x41, 0xe5, 0x6, 0xa0, 0x7b, 0x82, 0xd4,
    0x1f, 0x30, 0x18, 0x3f, 0x41, 0x40, 0xf3, 0x86,
    0x80,

    /* U+7981 "禁" */
    0xa, 0x43, 0x48, 0x7f, 0xf0, 0x70, 0xd6, 0xd1,
    0xb5, 0x50, 0x12, 0xd, 0x90, 0x70, 0x21, 0x86,
    0x1b, 0x81, 0xc0, 0x57, 0x65, 0x81, 0x47, 0x4e,
    0xf2, 0x82, 0x6b, 0xf2, 0x1f, 0xfc, 0x5a, 0xef,
    0x57, 0x2, 0x85, 0x4d, 0x94, 0x3, 0xe0, 0xe7,
    0xc1, 0x79, 0x5d, 0x81, 0x90,

    /* U+79BB "离" */
    0xf, 0xfe, 0x44, 0x1f, 0xab, 0x9e, 0xb8, 0x17,
    0xff, 0xa0, 0xb1, 0xe7, 0x4c, 0x3e, 0xd8, 0x3f,
    0xd1, 0xf2, 0x1f, 0x4d, 0xea, 0x83, 0xaf, 0x8b,
    0xe8, 0x27, 0xf1, 0x7e, 0x82, 0x7c, 0x79, 0xf2,
    0x1e, 0xda, 0x38, 0x7e, 0x7d, 0x70, 0x7e, 0x94,
    0x16, 0xe0, 0x60, 0xf3, 0xe4,

    /* U+79C1 "私" */
    0xe, 0x82, 0x43, 0xaf, 0xc1, 0x41, 0xde, 0x64,
    0xa, 0xe, 0x43, 0xd8, 0x7b, 0xcd, 0xc3, 0x87,
    0x78, 0x78, 0x8, 0x7a, 0x18, 0x41, 0x21, 0x95,
    0xe, 0x9c, 0x17, 0x2, 0x54, 0x21, 0x2c, 0x12,
    0x19, 0x86, 0xd, 0xaa, 0x8a, 0xf, 0x95, 0x9e,
    0x10, 0xf7, 0xa8, 0x92,

    /* U+79D2 "秒" */
    0xd, 0x21, 0x61, 0xdf, 0x90, 0xfe, 0xf0, 0x81,
    0xa, 0xf, 0xce, 0x19, 0x1f, 0x1e, 0xe, 0xa0,
    0xf1, 0xeb, 0xf, 0xd1, 0x81, 0xd, 0x81, 0x45,
    0x30, 0xd4, 0x5, 0x6, 0x9, 0x18, 0x50, 0x7d,
    0x70, 0x18, 0x3c, 0xea, 0xf, 0xcf, 0x50, 0x7e,
    0xbb, 0x43, 0x0,

    /* U+7A0D "稍" */
    0x9, 0x84, 0x18, 0x10, 0x7a, 0xce, 0xd, 0x3,
    0xc2, 0x48, 0x52, 0x1f, 0xa0, 0xb8, 0x1e, 0x3a,
    0xb3, 0xb0, 0x71, 0xc5, 0xf8, 0x34, 0x41, 0xff,
    0xc2, 0x4b, 0xf0, 0x54, 0x24, 0xbf, 0x4, 0xa0,
    0xd7, 0xe0, 0xb0, 0xeb, 0xf0, 0x7f, 0xf3, 0xbc,
    0x80,

    /* U+7ACB "立" */
    0xf, 0x48, 0x7f, 0xf0, 0x70, 0xff, 0xe0, 0x61,
    0xf9, 0xfd, 0x3f, 0xc0, 0x7f, 0xfe, 0xc, 0xc1,
    0x9c, 0x3c, 0xa0, 0xda, 0x1f, 0x90, 0x98, 0x3e,
    0x70, 0xff, 0xe0, 0x61, 0x48, 0x7e, 0x70, 0x30,
    0x75, 0x6e, 0xca, 0xc9, 0xfe, 0xa7, 0xe4,

    /* U+7B2C "第" */
    0xf, 0xfe, 0x24, 0x86, 0xc3, 0xe6, 0xf4, 0x9f,
    0x81, 0x51, 0xd3, 0x8f, 0x8, 0xb0, 0xc2, 0x82,
    0x7e, 0x7a, 0x79, 0xc2, 0x7f, 0x1f, 0x83, 0xbf,
    0x1f, 0x83, 0xdf, 0x17, 0xe0, 0xff, 0xe3, 0x34,
    0xca, 0xda, 0x15, 0x4, 0xea, 0x10, 0x9f, 0x41,
    0x90, 0xd7, 0x90, 0xd7, 0x5, 0x40, 0xb0, 0x51,
    0x0,

    /* U+7B49 "等" */
    0xf, 0xfe, 0x23, 0x6, 0xc3, 0xe9, 0xf9, 0x3f,
    0x22, 0xa7, 0xd7, 0x3e, 0x4a, 0x20, 0x50, 0xa0,
    0xdd, 0xbc, 0xf8, 0xc3, 0x5f, 0x47, 0xe0, 0xff,
    0xe2, 0xd7, 0x6d, 0xea, 0x25, 0x7e, 0x55, 0x12,
    0xff, 0x95, 0xe0, 0x5c, 0x7e, 0x9f, 0x6, 0x7c,
    0x16, 0x1f, 0xd9, 0x6e, 0x10,

    /* U+7B7E "签" */
    0xf, 0xfe, 0x24, 0x86, 0xc3, 0xe6, 0xb6, 0x56,
    0x4, 0xa2, 0x1c, 0x14, 0x3, 0x44, 0x9, 0x21,
    0xb0, 0x7d, 0x43, 0xf, 0x5e, 0x55, 0xc8, 0x5f,
    0x1f, 0x9e, 0xc1, 0x6f, 0xf4, 0xf8, 0xa, 0x81,
    0x85, 0x21, 0x94, 0xa, 0x1, 0x41, 0xd4, 0x14,
    0x50, 0x3c, 0xc0, 0xd6, 0xd, 0xff, 0x47, 0xc0,

    /* U+7B80 "简" */
    0xf, 0xfe, 0x2e, 0x1a, 0x43, 0xd1, 0x50, 0xd6,
    0x45, 0x60, 0xa3, 0xbc, 0x9e, 0x20, 0x71, 0x61,
    0x4e, 0xb, 0xa6, 0x41, 0xab, 0xf6, 0x81, 0xda,
    0xe4, 0x43, 0xe6, 0x9c, 0x1f, 0xea, 0x61, 0xff,
    0x54, 0x1f, 0xfc, 0xc6, 0xa4, 0x3f, 0xab, 0xbc,
    0x80,

    /* U+7BA1 "管" */
    0x6, 0x1d, 0x87, 0x27, 0xca, 0x3f, 0x17, 0x3b,
    0x71, 0xe6, 0x10, 0x70, 0xc0, 0x7e, 0x72, 0xf5,
    0xc3, 0xff, 0xd0, 0x27, 0xff, 0x38, 0x83, 0xfc,
    0x4, 0x37, 0xf9, 0xf, 0x7f, 0xa0, 0xf5, 0x7b,
    0x83, 0xab, 0xe0, 0xf7, 0xfa, 0x0,

    /* U+7EBF "线" */
    0xa, 0xd, 0x90, 0x72, 0x83, 0xd6, 0x1b, 0x83,
    0x28, 0x90, 0x95, 0x36, 0xd3, 0xb, 0x5d, 0xe6,
    0xa4, 0x35, 0x4, 0x1b, 0x60, 0xf2, 0x8b, 0x57,
    0xc0, 0x6d, 0x3e, 0x27, 0x4, 0x60, 0x43, 0x70,
    0x3d, 0x21, 0xda, 0x82, 0x6d, 0x2, 0x30, 0x5f,
    0x9b, 0xe5, 0x49, 0xc8, 0x9c, 0x51, 0x40,

    /* U+7ECF "经" */
    0xa, 0xf, 0xfe, 0x2, 0x81, 0xfe, 0xd, 0x60,
    0xfc, 0xa0, 0x94, 0x21, 0xa2, 0xa, 0xd8, 0xe,
    0x86, 0x57, 0x47, 0xbf, 0x43, 0x12, 0x58, 0x1f,
    0x2, 0x49, 0xbf, 0xc2, 0x8f, 0x1e, 0x8f, 0x43,
    0xe9, 0xc, 0x87, 0xcc, 0x1f, 0xcf, 0xe0, 0xfe,
    0x6e, 0x7e, 0x9f, 0x90,

    /* U+7EDC "络" */
    0x9, 0xd, 0x7, 0xe8, 0x25, 0x7, 0xca, 0xa,
    0x29, 0xe0, 0xa8, 0xc, 0xa9, 0x40, 0x93, 0x9e,
    0x62, 0x2, 0xb6, 0x85, 0x18, 0x2f, 0x10, 0x2a,
    0x78, 0x2e, 0x6c, 0xdb, 0x23, 0x2e, 0x8f, 0xe6,
    0x2f, 0x42, 0xbf, 0x4, 0x8f, 0x7, 0xf7, 0x1c,
    0x3f, 0x82, 0xe4, 0x27, 0xf0, 0x0,

    /* U+7EDD "绝" */
    0x9, 0xc, 0x87, 0xcc, 0x17, 0x83, 0xee, 0x2,
    0x3e, 0x82, 0x45, 0xaf, 0x88, 0x2b, 0x6c, 0xf8,
    0xe1, 0x3a, 0x8f, 0x1e, 0x47, 0x14, 0x1f, 0xe5,
    0x41, 0xf2, 0x6, 0x3c, 0x9e, 0x39, 0x1b, 0xe4,
    0xfe, 0x80, 0x81, 0x41, 0xe4, 0x7d, 0x8, 0x7b,
    0x57, 0xa4, 0xbf, 0x94,

    /* U+7EE7 "继" */
    0xf, 0xfe, 0x2e, 0x1e, 0xc3, 0x90, 0xb0, 0xe4,
    0x2a, 0x6, 0x82, 0x83, 0x28, 0x24, 0xc, 0xe,
    0x20, 0xb0, 0x28, 0x4b, 0x81, 0x78, 0xf2, 0xb9,
    0x40, 0xb4, 0x74, 0x14, 0x42, 0x42, 0x41, 0x9e,
    0x3, 0x42, 0x80, 0xfa, 0xb, 0xb, 0x9, 0xb4,
    0x40, 0x86, 0xfc, 0x9f, 0x3e, 0x4e, 0x41, 0xff,
    0x20,

    /* U+7EEA "绪" */
    0xa, 0xd, 0x87, 0xd6, 0x1f, 0x30, 0x4a, 0x7,
    0x8f, 0x50, 0xa, 0x13, 0xc6, 0xa0, 0xa8, 0x41,
    0x95, 0x2, 0x3e, 0xbc, 0x47, 0x8b, 0x62, 0xd3,
    0xf0, 0x11, 0x1d, 0x3e, 0x46, 0x67, 0x9f, 0x90,
    0x3e, 0x99, 0x5f, 0x21, 0xd6, 0x7, 0xe4, 0xf,
    0x88, 0x8, 0x79, 0xf4, 0x85, 0x52, 0x0,

    /* U+7EED "续" */
    0xa, 0xc, 0xc1, 0xe4, 0x2a, 0x9a, 0x6, 0xa0,
    0x28, 0xaa, 0x4, 0xa1, 0xb, 0xf, 0x5b, 0xbe,
    0x9f, 0x85, 0x74, 0x77, 0x3a, 0xc, 0x40, 0xa2,
    0x5, 0x2, 0x78, 0xe4, 0x39, 0x6e, 0x99, 0x95,
    0xf, 0x2a, 0xa1, 0xe8, 0x6, 0xf0, 0x22, 0x88,
    0x1f, 0xa2, 0x73, 0x91, 0x90, 0x5e, 0xb, 0xc0,

    /* U+7F16 "编" */
    0x9, 0xe, 0x43, 0xce, 0x1d, 0x7, 0xa8, 0xf,
    0x8f, 0x80, 0xa2, 0x7, 0xf0, 0x57, 0x5, 0xfc,
    0x4, 0x98, 0x7f, 0xc3, 0xb0, 0xaf, 0xf0, 0x10,
    0x20, 0x76, 0xc2, 0x9c, 0x3f, 0xef, 0x4e, 0xad,
    0xb0, 0xcf, 0x3b, 0xb6, 0x7, 0xf0, 0x7f, 0x3c,
    0x8, 0x2d, 0x40,

    /* U+7F51 "网" */
    0xff, 0xfe, 0x1, 0xff, 0xe0, 0xe9, 0x2, 0x82,
    0x71, 0x33, 0xc, 0xa8, 0x68, 0xa0, 0xd2, 0x84,
    0x3f, 0x28, 0x3f, 0xcd, 0x6, 0x81, 0xb9, 0xe5,
    0x82, 0x94, 0x6, 0x30, 0xa8, 0x7, 0x9, 0xf,
    0xe7, 0xa0,

    /* U+7F6E "置" */
    0x1f, 0xff, 0x41, 0x3c, 0x78, 0xb4, 0x27, 0x4b,
    0xa0, 0xf8, 0x1d, 0x61, 0xae, 0x7, 0xf1, 0xfe,
    0x9, 0xe8, 0xd5, 0xa1, 0xff, 0xc7, 0x6b, 0xc1,
    0xf3, 0x5e, 0xf, 0xfe, 0x4b, 0x5e, 0x43, 0x73,
    0xfe, 0x6c,

    /* U+80FD "能" */
    0xf, 0xfe, 0x24, 0x84, 0xc1, 0xf2, 0xa4, 0x3a,
    0xa, 0x85, 0x0, 0xde, 0x2, 0xaf, 0x10, 0x2d,
    0x3, 0xfd, 0x7, 0x60, 0xbf, 0x9, 0x50, 0x4f,
    0xc1, 0x5f, 0x82, 0xf8, 0xe, 0xa0, 0xef, 0x82,
    0x57, 0x83, 0x7c, 0x1d, 0xc1, 0xbe, 0x9, 0x40,
    0x83, 0xf9, 0x9, 0xc, 0xe0, 0x4f, 0x90,

    /* U+81F4 "致" */
    0xf, 0xd2, 0x19, 0xff, 0x8, 0x73, 0xb7, 0xc0,
    0x43, 0xcb, 0x42, 0x7e, 0x4d, 0x42, 0x6f, 0x89,
    0xb, 0xcc, 0xa0, 0x90, 0x71, 0xc2, 0x1f, 0xfc,
    0xa, 0x34, 0x42, 0xf3, 0x71, 0x2a, 0xb, 0xcd,
    0xc0, 0x43, 0xf9, 0x42, 0x84, 0x2b, 0x6f, 0x35,
    0x90, 0x77, 0xa2, 0x8a, 0xa2, 0x28, 0x2b, 0x40,
    0xe8,

    /* U+83B7 "获" */
    0xd, 0x86, 0xc3, 0xbe, 0x3f, 0x1f, 0x3, 0xe2,
    0xf8, 0xf8, 0xa, 0x24, 0xc, 0x86, 0x6a, 0xd,
    0xf0, 0x73, 0x86, 0xe8, 0x83, 0x95, 0x7a, 0x9d,
    0x1, 0xa7, 0x79, 0x3e, 0xa, 0x50, 0x48, 0x7b,
    0x30, 0x92, 0x81, 0xa8, 0x20, 0xa2, 0xc1, 0x22,
    0xe, 0x4e, 0x40, 0xf4, 0xe4, 0x2e, 0x3, 0xe3,
    0x43, 0xb0,

    /* U+85CF "藏" */
    0xd, 0x86, 0xc3, 0xbe, 0x3f, 0x1f, 0x3, 0xe3,
    0xf1, 0xb8, 0x76, 0x1c, 0x90, 0x33, 0xd5, 0x88,
    0x3e, 0xfe, 0x6a, 0xb, 0x1c, 0xd0, 0x48, 0x2c,
    0xe, 0xf8, 0x50, 0xd8, 0xab, 0x4, 0x12, 0xb0,
    0x3e, 0x51, 0x7, 0xcc, 0xc8, 0x84, 0xb0, 0xe7,
    0x32, 0xd7, 0x1d, 0xe, 0x24,

    /* U+884C "行" */
    0x9, 0x83, 0xff, 0x81, 0x41, 0xff, 0x23, 0xc0,
    0x7f, 0xc9, 0x6c, 0x87, 0xf6, 0x2c, 0x1f, 0xf5,
    0x9f, 0xf8, 0x70, 0xbf, 0x4f, 0x8a, 0x7, 0xff,
    0x3, 0x43, 0xff, 0xe3, 0xeb, 0xe, 0xc3, 0x7c,
    0x80,

    /* U+88AB "被" */
    0x4, 0x1e, 0xc3, 0xca, 0xf, 0xfe, 0x4, 0x15,
    0x45, 0x43, 0xd3, 0x10, 0xe4, 0x7c, 0xc0, 0xa1,
    0x40, 0xe5, 0x7, 0xd8, 0x5d, 0xa7, 0x8f, 0x40,
    0x8a, 0x23, 0xf1, 0x8, 0xd1, 0x5c, 0x21, 0x30,
    0xe0, 0x4a, 0x61, 0xf5, 0x92, 0x83, 0xe4, 0x57,
    0x1a, 0x1e, 0xa7, 0x9a, 0x80,

    /* U+8981 "要" */
    0x3f, 0xff, 0x80, 0xf, 0xc7, 0x8f, 0xc1, 0x7c,
    0x78, 0xfa, 0xd, 0xe3, 0xc7, 0xa0, 0xff, 0x90,
    0xfb, 0xc7, 0x8b, 0xb0, 0xbe, 0x2f, 0xe4, 0x1f,
    0x8b, 0xfc, 0x9f, 0x1f, 0x8b, 0xc8, 0x59, 0x26,
    0xa0, 0xf7, 0x8b, 0x2, 0x1a, 0xf8, 0xbf, 0xa0,
    0x5f, 0x48, 0x1b, 0x80,

    /* U+89C8 "览" */
    0xf, 0xfe, 0x2e, 0x9, 0xe, 0xc3, 0x90, 0xff,
    0x92, 0xf9, 0xf, 0x53, 0x7c, 0x87, 0x94, 0x78,
    0x2c, 0x19, 0x1, 0xc3, 0x7f, 0xf0, 0x77, 0xd7,
    0xc1, 0xf9, 0xc3, 0xfe, 0xd4, 0x1f, 0x42, 0xd8,
    0x20, 0xea, 0x78, 0x26, 0x57, 0xe1, 0x5f, 0x2d,
    0xc8, 0x5f, 0xc0,

    /* U+89E6 "触" */
    0xf, 0xfe, 0x26, 0x1e, 0xc3, 0xea, 0x7, 0xf9,
    0x52, 0x1c, 0x86, 0xa0, 0x6f, 0x17, 0x88, 0xf1,
    0x83, 0x3c, 0x8, 0xcc, 0x3f, 0xce, 0x61, 0xff,
    0x66, 0x14, 0x78, 0x24, 0x3a, 0xca, 0x82, 0xcc,
    0xa, 0x1d, 0xb, 0x30, 0xf7, 0x1, 0xc, 0xd0,
    0xe4, 0xb0, 0x48, 0x3b, 0xca, 0x93, 0xa3, 0x28,
    0x12,

    /* U+8A00 "言" */
    0xf, 0x48, 0x7f, 0xf0, 0x28, 0x1f, 0x7f, 0x8f,
    0xe4, 0xff, 0xfe, 0x2, 0x17, 0xfe, 0x43, 0xbf,
    0xf2, 0x1d, 0x5f, 0x90, 0xea, 0xfc, 0x87, 0xff,
    0x1f, 0xff, 0x41, 0xef, 0xf4, 0x1f, 0xfc, 0x1c,
    0x3e, 0xaf, 0x21, 0x0,

    /* U+8BA4 "认" */
    0x2, 0x1e, 0xc3, 0xde, 0xf, 0xfe, 0x4, 0xc1,
    0xff, 0xc0, 0xa0, 0x7f, 0xf2, 0xdf, 0x83, 0x21,
    0xcf, 0x83, 0xff, 0x8f, 0x88, 0x7f, 0xcd, 0x3,
    0xf2, 0x22, 0x21, 0xea, 0x14, 0x28, 0x19, 0x3d,
    0x8, 0x90, 0x6d, 0x6c, 0x2d, 0x40, 0x40, 0xe1,
    0xda,

    /* U+8BB0 "记" */
    0x2, 0x1f, 0xfc, 0x1a, 0xf, 0xf8, 0x36, 0xb7,
    0xf0, 0x7b, 0x43, 0xfc, 0xb0, 0x7f, 0x9a, 0x83,
    0xfc, 0xf8, 0x2f, 0xe0, 0xff, 0x7e, 0x83, 0xff,
    0x82, 0x87, 0xff, 0x9, 0xe, 0x90, 0xf4, 0x12,
    0x68, 0x87, 0xf4, 0x8d, 0xf9, 0x0,

    /* U+8BBE "设" */
    0xf, 0xfe, 0x26, 0x85, 0xfc, 0x1b, 0x90, 0xbe,
    0xf, 0x68, 0x7f, 0x96, 0x7, 0x6, 0x90, 0x71,
    0x44, 0x2f, 0x23, 0x3, 0xbf, 0xc1, 0xe5, 0x5f,
    0x21, 0xfa, 0x81, 0x30, 0x79, 0x2d, 0xe0, 0xf6,
    0x4, 0x94, 0x1a, 0x35, 0x6c, 0xe8, 0x5e, 0x2f,
    0x4f, 0x70,

    /* U+8BBF "访" */
    0xf, 0xc8, 0x7d, 0xa1, 0xb4, 0x3d, 0xc1, 0xbc,
    0x1f, 0x67, 0xd3, 0xf0, 0x7b, 0xc7, 0xf0, 0x3e,
    0xf, 0xfb, 0xc1, 0xdf, 0x83, 0xfd, 0xf0, 0x7f,
    0x28, 0x3f, 0xe7, 0xc1, 0xfe, 0xd6, 0xf, 0xd3,
    0xc8, 0x4a, 0xd, 0x41, 0x8b, 0xb0, 0xfb, 0x5,
    0xe4, 0x0,

    /* U+8BC1 "证" */
    0x2, 0x1f, 0xfc, 0x1a, 0xf, 0xfc, 0x16, 0xb7,
    0xc5, 0xe0, 0xda, 0x1c, 0x87, 0xff, 0x1a, 0x98,
    0x24, 0x3e, 0xa0, 0x7d, 0xf0, 0x7f, 0xdf, 0x7,
    0xff, 0x57, 0x43, 0xfc, 0x92, 0x82, 0x43, 0xbc,
    0xc5, 0x97, 0x90,

    /* U+8BD5 "试" */
    0x4, 0x1f, 0x6a, 0xd, 0x87, 0xcc, 0x14, 0xa0,
    0xfa, 0xd, 0x3f, 0xc7, 0x62, 0xc7, 0xf1, 0xf1,
    0xe8, 0x3f, 0xea, 0x1, 0xf8, 0x3f, 0xce, 0x60,
    0x43, 0xff, 0x80, 0x87, 0xff, 0x7, 0xc1, 0xea,
    0x27, 0x84, 0xc1, 0x19, 0x3e, 0x49, 0x7, 0x9b,
    0x82, 0x9c, 0x8, 0x7e, 0x74,

    /* U+8BDD "话" */
    0xf, 0xf9, 0xd, 0x81, 0x54, 0xf8, 0x35, 0x85,
    0x8f, 0x6, 0x61, 0x6c, 0x3f, 0x21, 0xc8, 0x77,
    0xc5, 0xe8, 0xf9, 0x3c, 0xb, 0xd3, 0xf2, 0x1f,
    0xfc, 0x8f, 0x4f, 0xa0, 0xfd, 0xfa, 0xf, 0x68,
    0x7f, 0xa3, 0x43, 0xb0, 0xec, 0x2a, 0xc8, 0x0,

    /* U+8BED "语" */
    0xf, 0xfe, 0x26, 0xf, 0xfc, 0x17, 0x8f, 0x8f,
    0xc1, 0xb1, 0xf1, 0xf0, 0x54, 0x47, 0x6f, 0x7,
    0xa0, 0x94, 0x1e, 0xa0, 0xf8, 0xf8, 0xe0, 0xcf,
    0xfe, 0x83, 0xdf, 0xe8, 0x3c, 0x9f, 0xa0, 0xf5,
    0x87, 0xf9, 0x38, 0x3b, 0xe, 0x90, 0x7e, 0x40,

    /* U+8BEF "误" */
    0xf, 0xfe, 0x26, 0x82, 0xff, 0x5, 0x44, 0x17,
    0xe0, 0xcc, 0x87, 0xff, 0x1, 0xa, 0xfc, 0x15,
    0xe0, 0x5f, 0xe0, 0x58, 0x5f, 0xf2, 0x1e, 0xf8,
    0xf9, 0xe, 0x7e, 0x3e, 0x83, 0xde, 0x47, 0xd0,
    0x6f, 0x1, 0x94, 0x19, 0x28, 0xf3, 0xd0, 0x27,
    0x6f, 0x20, 0xc8,

    /* U+8BF7 "请" */
    0x2, 0x1e, 0xc3, 0xd4, 0x1f, 0x8f, 0x82, 0xd6,
    0xf4, 0x7c, 0x1b, 0x4f, 0x47, 0xa0, 0x2c, 0x35,
    0x14, 0xc2, 0xe0, 0xe8, 0x24, 0x60, 0x3d, 0x70,
    0x87, 0x9f, 0xc8, 0x7f, 0x75, 0x21, 0xfd, 0xd4,
    0x87, 0xb4, 0xfc, 0x86, 0x49, 0x3f, 0x21, 0xda,
    0x1d, 0xa8,

    /* U+8D25 "败" */
    0xf, 0xc8, 0x7b, 0xf8, 0x10, 0x7d, 0xf0, 0x7f,
    0xf0, 0x30, 0x93, 0xf0, 0x7e, 0xbe, 0x30, 0xf9,
    0xc, 0x87, 0xf3, 0x8, 0x7f, 0x32, 0x78, 0x3f,
    0xd4, 0x50, 0x52, 0x88, 0xa, 0x83, 0x3f, 0x20,
    0x48, 0x32, 0xd6, 0x36, 0xe0, 0x6c, 0x5a, 0xca,
    0x63, 0x85, 0x38, 0x4e, 0x0,

    /* U+8D26 "账" */
    0xf, 0xb0, 0xfb, 0xf8, 0x3a, 0x42, 0xf8, 0x39,
    0x60, 0xd8, 0x7a, 0xc3, 0xfc, 0xf0, 0x7f, 0xcc,
    0x87, 0xf6, 0x77, 0xc1, 0xf6, 0x6d, 0xe0, 0xff,
    0x50, 0x32, 0xc4, 0x1f, 0xd7, 0xc8, 0x6b, 0x9,
    0x1a, 0x2, 0xd5, 0x3, 0x84, 0x36, 0x41, 0x41,
    0x47, 0x5, 0x0,

    /* U+8F91 "辑" */
    0x9, 0xf, 0xfe, 0xc, 0x17, 0xf8, 0x1e, 0x3c,
    0xf, 0xc1, 0x6f, 0xc0, 0xfc, 0x84, 0xa8, 0x97,
    0x84, 0x60, 0xb6, 0xad, 0x45, 0x4e, 0x95, 0x61,
    0x7a, 0x70, 0x55, 0x87, 0xff, 0x15, 0x5b, 0x82,
    0xac, 0x2f, 0xe, 0xa, 0x78, 0x4a, 0x60, 0xca,
    0x78, 0x3f, 0x7a, 0xb0, 0x84, 0xc1, 0xf6, 0x0,

    /* U+8F93 "输" */
    0x2, 0x1e, 0x83, 0xd0, 0x74, 0xa0, 0x9c, 0xf0,
    0x33, 0x90, 0x3b, 0xe7, 0x63, 0xb0, 0x3e, 0x39,
    0xf9, 0x81, 0xa0, 0x8a, 0x7a, 0xc0, 0xc4, 0x47,
    0x41, 0x5, 0x98, 0x7f, 0x94, 0x21, 0xfe, 0x63,
    0x43, 0xfb, 0xc6, 0x87, 0xf4, 0x84, 0xac, 0x83,
    0xfe, 0xb7, 0x43, 0x60, 0x8d, 0x5c, 0x0,

    /* U+8FC7 "过" */
    0xf, 0xf6, 0x19, 0xc3, 0xff, 0x80, 0xd8, 0x7f,
    0xf0, 0x14, 0x7f, 0x1e, 0xd, 0x1f, 0xc7, 0x81,
    0x50, 0xe1, 0xfa, 0xd1, 0x50, 0x7e, 0x42, 0x90,
    0xff, 0xe0, 0xe1, 0xff, 0xca, 0x43, 0x3e, 0x43,
    0x47, 0x45, 0x7a, 0x50, 0x49, 0x7a, 0xfa, 0xc1,
    0x4, 0xd3, 0xf4, 0x0,

    /* U+8FCE "迎" */
    0xf, 0x30, 0x7d, 0xa0, 0xf5, 0x3f, 0x3, 0xa0,
    0x20, 0x7c, 0x1b, 0x83, 0xff, 0x99, 0x79, 0xf,
    0xf5, 0xa1, 0xff, 0xc7, 0x43, 0xf9, 0x3c, 0x12,
    0x1e, 0xdf, 0x25, 0xc1, 0x25, 0x3, 0x51, 0x6,
    0xf2, 0x8, 0x39, 0x55, 0x7f, 0xe1, 0x82, 0xbf,
    0xe0,

    /* U+8FD1 "近" */
    0xf, 0xe5, 0x50, 0x2c, 0x2f, 0xf4, 0x15, 0x85,
    0xea, 0x21, 0x9c, 0x3f, 0xf8, 0xbf, 0xe4, 0xf8,
    0x2f, 0x8f, 0x27, 0x83, 0xff, 0x88, 0x87, 0xff,
    0x7, 0x43, 0xff, 0x80, 0xc1, 0xfd, 0xa, 0xf,
    0xe8, 0xf0, 0x85, 0x8a, 0x4, 0x5f, 0xf4, 0x8,
    0x26, 0xff, 0x20,

    /* U+8FD4 "返" */
    0xf, 0xf2, 0x82, 0xd0, 0x5f, 0xe0, 0xb9, 0x1f,
    0xd4, 0xd, 0xa0, 0x5f, 0x7, 0xef, 0xe8, 0xd,
    0x2, 0xba, 0x8, 0x19, 0x41, 0x48, 0xc1, 0xe4,
    0x1d, 0xc1, 0xf7, 0x6, 0x83, 0xe5, 0x5d, 0xb8,
    0x77, 0x8f, 0x25, 0x2, 0xe2, 0x50, 0x72, 0x33,
    0x7f, 0xd6, 0x28, 0xd, 0xfe, 0x80,

    /* U+8FDB "进" */
    0x18, 0x36, 0xc, 0x32, 0xc1, 0xff, 0xc0, 0xa0,
    0x7f, 0xf0, 0x18, 0xf1, 0xe3, 0xc1, 0x93, 0xc7,
    0x8f, 0x3, 0xd0, 0x7f, 0xde, 0x4f, 0x1e, 0x3c,
    0x1e, 0xe7, 0xc7, 0x83, 0xeb, 0xf, 0xfa, 0x10,
    0xfd, 0x8d, 0x85, 0x6, 0x9a, 0x83, 0x22, 0x6,
    0x7f, 0xf4, 0xc, 0x27, 0xfe, 0x0,

    /* U+8FDE "连" */
    0x20, 0xec, 0x3e, 0xf0, 0xd0, 0xac, 0x81, 0x51,
    0xab, 0xf0, 0x6a, 0x28, 0x80, 0xb0, 0x7a, 0x87,
    0x83, 0x3e, 0x3, 0x6a, 0xf2, 0x3a, 0xf, 0x95,
    0xe4, 0x3f, 0xf8, 0xf7, 0xca, 0xf8, 0x3a, 0xf9,
    0x5f, 0x4, 0xa0, 0xff, 0xba, 0x90, 0x50, 0x9,
    0x47, 0xd7, 0xfa, 0x24, 0xf, 0xfe, 0x0,

    /* U+9001 "送" */
    0x10, 0xc8, 0x64, 0x2e, 0xa, 0xb, 0xd, 0x28,
    0xa, 0x11, 0xd, 0xab, 0x6e, 0x38, 0x39, 0xf8,
    0xfa, 0x1f, 0x7, 0xfc, 0xe0, 0xbe, 0x3f, 0x4,
    0x97, 0xa1, 0xf8, 0x3f, 0x50, 0x83, 0xfb, 0x54,
    0x41, 0x96, 0xe8, 0x8, 0x37, 0x4e, 0x43, 0x40,
    0xa3, 0xeb, 0xfe, 0x24, 0xf, 0xfe, 0x0,

    /* U+9009 "选" */
    0xf, 0x20, 0xc3, 0xac, 0x29, 0xf, 0xa7, 0xa,
    0xcf, 0x82, 0xa1, 0xde, 0x3e, 0xc, 0x92, 0x1f,
    0xfc, 0xe, 0xa2, 0xa4, 0xf4, 0x79, 0x27, 0xc9,
    0xc0, 0x51, 0x22, 0x83, 0xe4, 0x3c, 0x87, 0x34,
    0xc, 0xe1, 0x2a, 0xd0, 0xbb, 0x4, 0x50, 0x37,
    0xc9, 0xdf, 0xfe, 0x8d, 0x5, 0xff, 0x40,

    /* U+901A "通" */
    0xf, 0xfe, 0x1c, 0x82, 0xff, 0x40, 0xa2, 0x5b,
    0x6a, 0x82, 0xe0, 0xaf, 0x10, 0x76, 0x7c, 0x8f,
    0x80, 0xa0, 0xbe, 0x3c, 0x17, 0x60, 0xf8, 0xf0,
    0x56, 0x17, 0xc7, 0x83, 0xf7, 0xc7, 0x83, 0xf7,
    0xc7, 0x83, 0x21, 0xf3, 0x84, 0xf7, 0x5, 0xbe,
    0x5, 0x1f, 0xfe, 0x8c, 0x2b, 0xfe, 0x80,

    /* U+90E8 "部" */
    0x9, 0x41, 0xff, 0xc0, 0x60, 0xdf, 0x81, 0xf1,
    0xe8, 0x7c, 0x16, 0xfc, 0x41, 0x50, 0x32, 0x28,
    0x32, 0x82, 0xf1, 0x61, 0x28, 0x2e, 0x72, 0xd1,
    0x41, 0x7f, 0xc8, 0x28, 0x7, 0xf9, 0x9, 0x41,
    0x3f, 0x21, 0xff, 0xc5, 0xb8, 0x27, 0xe4, 0x2b,
    0x42, 0x7e, 0x43, 0xe0,

    /* U+914D "配" */
    0xf, 0xfe, 0x1f, 0xf9, 0xfe, 0x7, 0x95, 0xe7,
    0xf0, 0x5e, 0x57, 0x7, 0xf6, 0xac, 0x3f, 0xec,
    0x37, 0xe0, 0xc8, 0x7b, 0xe0, 0xdb, 0xc1, 0xe8,
    0x28, 0x60, 0xf2, 0x17, 0xe0, 0xff, 0x7e, 0xf,
    0x28, 0x1f, 0x83, 0xd8, 0x5f, 0x82, 0xf9, 0x46,
    0x1a, 0x3f, 0x80,

    /* U+91CD "重" */
    0xf, 0xe5, 0x83, 0x5f, 0xd6, 0x1c, 0xf5, 0x27,
    0x80, 0x87, 0xff, 0x11, 0x2a, 0x4a, 0xc8, 0x5d,
    0xe9, 0xf8, 0x3d, 0x59, 0xa8, 0x3d, 0x59, 0xa8,
    0x3b, 0xbd, 0x3f, 0x7, 0x3f, 0x4f, 0xe0, 0xdf,
    0xa7, 0xf2, 0x17, 0xe9, 0xfc, 0x83, 0xfa, 0x7f,
    0x90,

    /* U+949F "钟" */
    0x4, 0x87, 0x61, 0xe5, 0x7, 0xfd, 0x1f, 0x7,
    0xf3, 0xfa, 0xf1, 0xf0, 0x1f, 0x92, 0xcf, 0x5,
    0x66, 0x88, 0x7f, 0xf2, 0x68, 0x50, 0x40, 0x86,
    0xf1, 0xe2, 0xcb, 0x9, 0x42, 0xbe, 0x3d, 0x7,
    0xa4, 0x39, 0x9, 0x3c, 0x1f, 0xee, 0xd0, 0xfc,

    /* U+94A5 "钥" */
    0x2, 0x1f, 0xfc, 0x8, 0x37, 0xf8, 0x8f, 0x81,
    0x7c, 0x2b, 0xf0, 0x7c, 0xaf, 0xc0, 0xbe, 0x5,
    0xf, 0x2, 0xf8, 0x24, 0x3f, 0xea, 0x14, 0xe,
    0x41, 0x83, 0xc0, 0xbd, 0x1, 0x85, 0x3, 0xf0,
    0x79, 0x41, 0xf9, 0x33, 0x43, 0xee, 0xc6, 0x7,
    0x90, 0x48, 0xe1, 0x7a,

    /* U+9500 "销" */
    0x4, 0x1e, 0xc0, 0x84, 0x85, 0x21, 0xa0, 0x47,
    0xaa, 0xa, 0x82, 0xbe, 0x88, 0x2d, 0x1b, 0xe6,
    0x99, 0xd8, 0x1c, 0xd2, 0xfc, 0x1f, 0xfc, 0x5a,
    0x14, 0x2f, 0xc1, 0x78, 0xe2, 0xfc, 0x12, 0x84,
    0x17, 0xe0, 0xf2, 0x8b, 0xf0, 0x64, 0xd0, 0xff,
    0xa8, 0x1d, 0xe4,

    /* U+9501 "锁" */
    0x4, 0x1e, 0xc3, 0xc8, 0x52, 0x1b, 0x4, 0x7d,
    0x40, 0xa8, 0x2b, 0xf1, 0x6, 0x46, 0xf9, 0xa9,
    0x9c, 0xe, 0x69, 0x4e, 0xc3, 0xfe, 0x83, 0xbc,
    0x70, 0x7f, 0x78, 0xe0, 0xff, 0xe2, 0x21, 0xfe,
    0x72, 0x89, 0x4, 0x98, 0xca, 0xf0, 0x6e, 0xce,
    0x85, 0xc8, 0x24, 0x74, 0x36, 0x80,

    /* U+9519 "错" */
    0x4, 0x1d, 0x82, 0xc, 0x87, 0xff, 0x2, 0x3d,
    0x4c, 0xf3, 0xa3, 0xf5, 0x33, 0x9d, 0x2b, 0x7,
    0x21, 0x91, 0xcf, 0x1e, 0x78, 0x10, 0x9f, 0xf4,
    0x78, 0xe3, 0xfa, 0x7, 0x1c, 0xf, 0xc1, 0x90,
    0xef, 0xc1, 0xf2, 0xf, 0xc1, 0x93, 0xf, 0x21,
    0xbb, 0x41, 0x56, 0x0,

    /* U+952E "键" */
    0xf, 0xfe, 0x26, 0x1f, 0x41, 0x91, 0x5f, 0x5b,
    0xc0, 0xcf, 0x9a, 0x6e, 0x8a, 0xe8, 0x2b, 0xce,
    0x4a, 0xa9, 0x47, 0x9c, 0x88, 0xe8, 0xd3, 0x70,
    0xfb, 0x8b, 0x7c, 0xd, 0xb4, 0xed, 0xf0, 0x36,
    0xf8, 0xb7, 0xc1, 0xed, 0x5e, 0x7c, 0x85, 0xc0,
    0x7c, 0xf9, 0x2, 0xa9, 0xd0, 0x83, 0x9e, 0x87,
    0xf9, 0x4, 0x48, 0x1f, 0xc8,

    /* U+957F "长" */
    0xa, 0x81, 0xca, 0xf, 0xf9, 0x90, 0xff, 0x53,
    0xf, 0xe7, 0x30, 0xff, 0x54, 0x1f, 0xf6, 0x87,
    0xde, 0x57, 0xfe, 0x7, 0x95, 0xe3, 0xf8, 0x3f,
    0x50, 0x3f, 0xf8, 0xa, 0x83, 0xff, 0x81, 0xb0,
    0x7e, 0xbc, 0x67, 0x6, 0x51, 0xe0, 0x50, 0x3b,
    0xd0, 0x73, 0x0,

    /* U+95ED "闭" */
    0xf, 0xfe, 0xe, 0xf, 0xfc, 0x50, 0xff, 0x89,
    0x83, 0x41, 0x90, 0xe5, 0x7, 0xbf, 0x47, 0x6,
    0xfa, 0x7, 0x7, 0xd4, 0xf, 0xcf, 0x90, 0xfa,
    0x98, 0x7f, 0x78, 0x8, 0x7c, 0x83, 0xa0, 0x7f,
    0x79, 0x3c, 0xe1, 0xfb, 0xd0,

    /* U+95EE "问" */
    0x43, 0xfe, 0x71, 0xff, 0x92, 0x8f, 0xf8, 0x13,
    0x7, 0xf2, 0xa, 0xe0, 0xf9, 0xe8, 0x87, 0xe4,
    0x3f, 0xfa, 0xff, 0x7, 0xeb, 0xf0, 0x7c, 0x87,
    0xff, 0x12, 0xc4,

    /* U+95F4 "间" */
    0xf, 0xfe, 0xe, 0xf, 0xfc, 0x49, 0xfe, 0x89,
    0x41, 0xfc, 0x83, 0xf8, 0x3f, 0x7c, 0x87, 0xff,
    0x23, 0xe4, 0x3f, 0x7c, 0x87, 0xfc, 0x87, 0xcf,
    0xc1, 0xfa, 0xfc, 0x1f, 0xfc, 0x1e, 0x40,

    /* U+9644 "附" */
    0xf, 0xfe, 0x3e, 0x16, 0xf, 0xc2, 0x83, 0xee,
    0x4b, 0xf, 0xdc, 0x83, 0xe3, 0x40, 0x90, 0xfc,
    0x48, 0x52, 0x1e, 0x42, 0x88, 0x18, 0x7c, 0xa0,
    0xa8, 0x1f, 0xf2, 0x83, 0x9e, 0xd, 0x87, 0x3a,
    0x1f, 0xfd, 0x2b, 0x41, 0x86, 0xc1, 0x70, 0x0,

    /* U+9664 "除" */
    0xf, 0xd0, 0x6f, 0xc1, 0x48, 0x77, 0x20, 0x8f,
    0x21, 0xa8, 0xe4, 0x74, 0x2, 0x8d, 0x2a, 0x42,
    0x41, 0x56, 0xd4, 0x17, 0x4, 0x87, 0xca, 0xfc,
    0x7c, 0x81, 0x3f, 0x1f, 0x23, 0xc4, 0x85, 0x84,
    0xcb, 0x82, 0xb0, 0xeb, 0xc, 0xb0, 0x6c, 0xf2,
    0x9, 0xc3, 0xbd, 0x6,

    /* U+9669 "险" */
    0xf, 0xc8, 0x6f, 0xc1, 0x50, 0x3b, 0x90, 0x2a,
    0xc3, 0xbc, 0x36, 0xd8, 0x65, 0x54, 0x5, 0x68,
    0x66, 0xea, 0xf0, 0x54, 0xda, 0xc8, 0x81, 0x44,
    0x8, 0x18, 0x7c, 0x89, 0x40, 0x3c, 0x58, 0x4a,
    0x3, 0xa0, 0xce, 0x81, 0xea, 0x74, 0x79, 0xd,
    0x5d, 0xd1,

    /* U+968F "随" */
    0xf, 0xc8, 0x6f, 0xa0, 0xd0, 0x77, 0x78, 0xf1,
    0xf2, 0xd, 0xec, 0xfc, 0x81, 0x4, 0x9f, 0x83,
    0x95, 0x1f, 0x6, 0x57, 0x67, 0xc1, 0xbd, 0x5,
    0xf0, 0x7f, 0xbe, 0x9, 0xb0, 0xdf, 0x4, 0xe8,
    0x7b, 0x43, 0xbb, 0x81, 0xc1, 0xad, 0xff, 0x38,
    0x20, 0xaf, 0xc8,

    /* U+9690 "隐" */
    0xf, 0xfe, 0xf, 0xe0, 0x7e, 0x42, 0xf2, 0x77,
    0x83, 0xcf, 0x28, 0x94, 0x1b, 0x62, 0x80, 0xf0,
    0x48, 0x2b, 0xc1, 0xa8, 0x35, 0xb0, 0xca, 0x1a,
    0xd8, 0x7d, 0x4e, 0x9c, 0x16, 0x96, 0x96, 0x85,
    0xdb, 0x4d, 0x30, 0xf2, 0x5, 0x6a, 0x9, 0xc1,
    0xfa, 0x70, 0x20, 0xfc, 0x80,

    /* U+9700 "需" */
    0x7, 0xff, 0x82, 0x6b, 0x2a, 0xb2, 0x8, 0x3f,
    0xd0, 0x4f, 0xc7, 0xe4, 0x2d, 0xf8, 0x1f, 0x38,
    0x48, 0x1c, 0x32, 0x17, 0xa9, 0xd7, 0x78, 0x1f,
    0xc7, 0xf8, 0x2f, 0xc7, 0xf2, 0x1b, 0xc7, 0x8f,
    0x21, 0xff, 0xce, 0xd4, 0x16, 0xc, 0x19, 0xe0,
    0x0,

    /* U+9875 "页" */
    0x3f, 0xff, 0x80, 0xf, 0xe2, 0xfe, 0xf, 0x22,
    0x1f, 0xaf, 0x47, 0xe8, 0x3a, 0xff, 0x41, 0xfc,
    0xc1, 0xff, 0xce, 0xc3, 0xff, 0x82, 0xe1, 0xfb,
    0x44, 0x75, 0x61, 0x95, 0x4c, 0xf8, 0x35, 0xf8,
    0x2b, 0xa0, 0x2e, 0x43, 0xdc, 0x0,

    /* U+9879 "项" */
    0xe, 0xbf, 0xe1, 0xbd, 0x4f, 0x4f, 0xc3, 0x34,
    0x3d, 0x3e, 0xf, 0xef, 0xc1, 0xff, 0xc0, 0xc3,
    0xff, 0xaf, 0x68, 0x7e, 0x72, 0xd4, 0x49, 0x1,
    0xe4, 0x12, 0xac, 0x3f, 0x34, 0xce, 0x81, 0xef,
    0x82, 0xc0,

    /* U+987B "须" */
    0xf, 0xfe, 0x2e, 0xdf, 0xf0, 0x1e, 0x6f, 0x37,
    0xc0, 0xf2, 0xf, 0x37, 0x90, 0x43, 0x3, 0xf2,
    0x19, 0xa0, 0x4c, 0x1d, 0x4c, 0x3f, 0xef, 0x7,
    0xff, 0x1, 0x6, 0x1f, 0xfc, 0x9, 0x13, 0xc6,
    0x1a, 0x22, 0x5b, 0x10, 0x64, 0x6, 0xce, 0x80,
    0xe0, 0x7c, 0x16, 0x0,

    /* U+9A8C "验" */
    0xf, 0xe4, 0x3b, 0xf0, 0x4c, 0x1d, 0xf0, 0x69,
    0x83, 0x41, 0xde, 0x88, 0x3f, 0x68, 0x36, 0x2,
    0x13, 0x14, 0xf0, 0x7c, 0xaa, 0xc4, 0x17, 0x8e,
    0x4, 0x30, 0x3f, 0x3c, 0x25, 0x0, 0xd1, 0x14,
    0x2c, 0x4, 0xa0, 0x59, 0x50, 0x14, 0xf, 0x56,
    0x28, 0x17, 0x95, 0x5b, 0xa0, 0x5f, 0x7, 0xf0,

    /* U+9ED8 "默" */
    0xf, 0xf4, 0x1b, 0xfc, 0x1a, 0xd, 0x58, 0x3b,
    0x82, 0xcc, 0x3c, 0x86, 0x80, 0x8d, 0x18, 0x47,
    0x9d, 0x30, 0x79, 0x2e, 0x79, 0x58, 0xa0, 0x5c,
    0xf0, 0x30, 0xeb, 0x9f, 0x1, 0x60, 0xbd, 0x16,
    0x25, 0x2, 0xbb, 0xb3, 0x85, 0x2, 0x3c, 0x6b,
    0x14, 0x18, 0x19, 0x4c, 0x26, 0x51, 0x20, 0xc3,
    0x50,

    /* U+FF0C "，" */
    0xe, 0xb0, 0x62, 0x28, 0x10, 0x9c, 0x0,

    /* U+FF1B "；" */
    0x1c, 0x18, 0x56, 0x1f, 0xfc, 0x26, 0x6, 0xa2,
    0x42, 0x51, 0xc0, 0xd0,

    /* U+FF1F "？" */
    0x5, 0xc8, 0x3d, 0x10, 0x35, 0x42, 0x1e, 0x43,
    0x68, 0x69, 0x83, 0x30, 0x74, 0x1e, 0x43, 0xd0,
    0x72, 0x83, 0x9c, 0x20
};


/*---------------------
 *  GLYPH DESCRIPTION
 *--------------------*/

static const lv_font_fmt_txt_glyph_dsc_t glyph_dsc[] = {
    {.bitmap_index = 0, .adv_w = 0, .box_w = 0, .box_h = 0, .ofs_x = 0, .ofs_y = 0} /* id = 0 reserved */,
    {.bitmap_index = 0, .adv_w = 224, .box_w = 4, .box_h = 4, .ofs_x = 5, .ofs_y = 4},
    {.bitmap_index = 5, .adv_w = 224, .box_w = 5, .box_h = 5, .ofs_x = 0, .ofs_y = -1},
    {.bitmap_index = 12, .adv_w = 224, .box_w = 14, .box_h = 3, .ofs_x = 0, .ofs_y = 4},
    {.bitmap_index = 21, .adv_w = 224, .box_w = 14, .box_h = 12, .ofs_x = 0, .ofs_y = -1},
    {.bitmap_index = 44, .adv_w = 224, .box_w = 14, .box_h = 13, .ofs_x = 0, .ofs_y = -1},
    {.bitmap_index = 61, .adv_w = 224, .box_w = 14, .box_h = 12, .ofs_x = 0, .ofs_y = -1},
    {.bitmap_index = 85, .adv_w = 224, .box_w = 14, .box_h = 12, .ofs_x = 0, .ofs_y = -1},
    {.bitmap_index = 115, .adv_w = 224, .box_w = 13, .box_h = 14, .ofs_x = 0, .ofs_y = -2},
    {.bitmap_index = 150, .adv_w = 224, .box_w = 14, .box_h = 12, .ofs_x = 0, .ofs_y = -1},
    {.bitmap_index = 190, .adv_w = 224, .box_w = 14, .box_h = 13, .ofs_x = 0, .ofs_y = -1},
    {.bitmap_index = 217, .adv_w = 224, .box_w = 12, .box_h = 13, .ofs_x = 1, .ofs_y = -1},
    {.bitmap_index = 242, .adv_w = 224, .box_w = 14, .box_h = 13, .ofs_x = 0, .ofs_y = -1},
    {.bitmap_index = 277, .adv_w = 224, .box_w = 14, .box_h = 10, .ofs_x = 0, .ofs_y = 0},
    {.bitmap_index = 290, .adv_w = 224, .box_w = 14, .box_h = 12, .ofs_x = 0, .ofs_y = -1},
    {.bitmap_index = 311, .adv_w = 224, .box_w = 14, .box_h = 12, .ofs_x = 0, .ofs_y = -1},
    {.bitmap_index = 347, .adv_w = 224, .box_w = 14, .box_h = 14, .ofs_x = 0, .ofs_y = -1},
    {.bitmap_index = 391, .adv_w = 224, .box_w = 14, .box_h = 13, .ofs_x = 0, .ofs_y = -1},
    {.bitmap_index = 425, .adv_w = 224, .box_w = 14, .box_h = 14, .ofs_x = 0, .ofs_y = -2},
    {.bitmap_index = 470, .adv_w = 224, .box_w = 13, .box_h = 14, .ofs_x = 0, .ofs_y = -2},
    {.bitmap_index = 510, .adv_w = 224, .box_w = 14, .box_h = 14, .ofs_x = 0, .ofs_y = -2},
    {.bitmap_index = 553, .adv_w = 224, .box_w = 13, .box_h = 14, .ofs_x = 1, .ofs_y = -2},
    {.bitmap_index = 595, .adv_w = 224, .box_w = 14, .box_h = 13, .ofs_x = 0, .ofs_y = -1},
    {.bitmap_index = 629, .adv_w = 224, .box_w = 14, .box_h = 13, .ofs_x = 0, .ofs_y = -1},
    {.bitmap_index = 671, .adv_w = 224, .box_w = 14, .box_h = 13, .ofs_x = 0, .ofs_y = -1},
    {.bitmap_index = 712, .adv_w = 224, .box_w = 14, .box_h = 13, .ofs_x = 0, .ofs_y = -1},
    {.bitmap_index = 755, .adv_w = 224, .box_w = 14, .box_h = 14, .ofs_x = 0, .ofs_y = -2},
    {.bitmap_index = 796, .adv_w = 224, .box_w = 14, .box_h = 14, .ofs_x = 0, .ofs_y = -2},
    {.bitmap_index = 842, .adv_w = 224, .box_w = 14, .box_h = 13, .ofs_x = 0, .ofs_y = -1},
    {.bitmap_index = 877, .adv_w = 224, .box_w = 14, .box_h = 14, .ofs_x = 0, .ofs_y = -2},
    {.bitmap_index = 921, .adv_w = 224, .box_w = 14, .box_h = 13, .ofs_x = 0, .ofs_y = -1},
    {.bitmap_index = 963, .adv_w = 224, .box_w = 14, .box_h = 13, .ofs_x = 0, .ofs_y = -1},
    {.bitmap_index = 1004, .adv_w = 224, .box_w = 14, .box_h = 14, .ofs_x = 0, .ofs_y = -2},
    {.bitmap_index = 1043, .adv_w = 224, .box_w = 14, .box_h = 13, .ofs_x = 0, .ofs_y = -1},
    {.bitmap_index = 1087, .adv_w = 224, .box_w = 14, .box_h = 13, .ofs_x = 0, .ofs_y = -1},
    {.bitmap_index = 1130, .adv_w = 224, .box_w = 14, .box_h = 14, .ofs_x = 0, .ofs_y = -2},
    {.bitmap_index = 1175, .adv_w = 224, .box_w = 14, .box_h = 14, .ofs_x = 0, .ofs_y = -2},
    {.bitmap_index = 1218, .adv_w = 224, .box_w = 14, .box_h = 14, .ofs_x = 0, .ofs_y = -2},
    {.bitmap_index = 1265, .adv_w = 224, .box_w = 14, .box_h = 14, .ofs_x = 0, .ofs_y = -2},
    {.bitmap_index = 1310, .adv_w = 224, .box_w = 14, .box_h = 14, .ofs_x = 0, .ofs_y = -2},
    {.bitmap_index = 1352, .adv_w = 224, .box_w = 14, .box_h = 14, .ofs_x = 0, .ofs_y = -1},
    {.bitmap_index = 1390, .adv_w = 224, .box_w = 14, .box_h = 14, .ofs_x = 0, .ofs_y = -2},
    {.bitmap_index = 1431, .adv_w = 224, .box_w = 14, .box_h = 14, .ofs_x = 0, .ofs_y = -2},
    {.bitmap_index = 1469, .adv_w = 224, .box_w = 14, .box_h = 14, .ofs_x = 0, .ofs_y = -2},
    {.bitmap_index = 1511, .adv_w = 224, .box_w = 14, .box_h = 12, .ofs_x = 0, .ofs_y = -1},
    {.bitmap_index = 1546, .adv_w = 224, .box_w = 12, .box_h = 13, .ofs_x = 1, .ofs_y = -2},
    {.bitmap_index = 1580, .adv_w = 224, .box_w = 14, .box_h = 13, .ofs_x = 0, .ofs_y = -1},
    {.bitmap_index = 1625, .adv_w = 224, .box_w = 14, .box_h = 14, .ofs_x = 0, .ofs_y = -2},
    {.bitmap_index = 1670, .adv_w = 224, .box_w = 14, .box_h = 13, .ofs_x = 0, .ofs_y = -1},
    {.bitmap_index = 1703, .adv_w = 224, .box_w = 14, .box_h = 14, .ofs_x = 0, .ofs_y = -2},
    {.bitmap_index = 1747, .adv_w = 224, .box_w = 13, .box_h = 15, .ofs_x = 0, .ofs_y = -2},
    {.bitmap_index = 1786, .adv_w = 224, .box_w = 13, .box_h = 14, .ofs_x = 0, .ofs_y = -2},
    {.bitmap_index = 1824, .adv_w = 224, .box_w = 13, .box_h = 14, .ofs_x = 0, .ofs_y = -2},
    {.bitmap_index = 1864, .adv_w = 224, .box_w = 14, .box_h = 15, .ofs_x = 0, .ofs_y = -2},
    {.bitmap_index = 1909, .adv_w = 224, .box_w = 13, .box_h = 14, .ofs_x = 0, .ofs_y = -2},
    {.bitmap_index = 1953, .adv_w = 224, .box_w = 14, .box_h = 14, .ofs_x = 0, .ofs_y = -2},
    {.bitmap_index = 1992, .adv_w = 224, .box_w = 13, .box_h = 14, .ofs_x = 0, .ofs_y = -2},
    {.bitmap_index = 2026, .adv_w = 224, .box_w = 14, .box_h = 14, .ofs_x = 0, .ofs_y = -2},
    {.bitmap_index = 2070, .adv_w = 224, .box_w = 13, .box_h = 13, .ofs_x = 0, .ofs_y = -1},
    {.bitmap_index = 2112, .adv_w = 224, .box_w = 14, .box_h = 14, .ofs_x = 0, .ofs_y = -2},
    {.bitmap_index = 2153, .adv_w = 224, .box_w = 13, .box_h = 12, .ofs_x = 1, .ofs_y = -1},
    {.bitmap_index = 2184, .adv_w = 224, .box_w = 14, .box_h = 12, .ofs_x = 0, .ofs_y = -1},
    {.bitmap_index = 2222, .adv_w = 224, .box_w = 14, .box_h = 12, .ofs_x = 0, .ofs_y = -1},
    {.bitmap_index = 2264, .adv_w = 224, .box_w = 14, .box_h = 15, .ofs_x = 0, .ofs_y = -2},
    {.bitmap_index = 2313, .adv_w = 224, .box_w = 14, .box_h = 13, .ofs_x = 0, .ofs_y = -2},
    {.bitmap_index = 2356, .adv_w = 224, .box_w = 14, .box_h = 14, .ofs_x = 0, .ofs_y = -2},
    {.bitmap_index = 2402, .adv_w = 224, .box_w = 14, .box_h = 13, .ofs_x = 0, .ofs_y = -1},
    {.bitmap_index = 2445, .adv_w = 224, .box_w = 14, .box_h = 13, .ofs_x = 0, .ofs_y = -2},
    {.bitmap_index = 2479, .adv_w = 224, .box_w = 14, .box_h = 12, .ofs_x = 0, .ofs_y = -1},
    {.bitmap_index = 2509, .adv_w = 224, .box_w = 14, .box_h = 13, .ofs_x = 0, .ofs_y = -2},
    {.bitmap_index = 2543, .adv_w = 224, .box_w = 12, .box_h = 12, .ofs_x = 1, .ofs_y = -1},
    {.bitmap_index = 2571, .adv_w = 224, .box_w = 13, .box_h = 13, .ofs_x = 0, .ofs_y = -1},
    {.bitmap_index = 2605, .adv_w = 224, .box_w = 14, .box_h = 13, .ofs_x = 0, .ofs_y = -1},
    {.bitmap_index = 2642, .adv_w = 224, .box_w = 13, .box_h = 14, .ofs_x = 0, .ofs_y = -2},
    {.bitmap_index = 2679, .adv_w = 224, .box_w = 13, .box_h = 13, .ofs_x = 0, .ofs_y = -1},
    {.bitmap_index = 2717, .adv_w = 224, .box_w = 14, .box_h = 12, .ofs_x = 0, .ofs_y = -1},
    {.bitmap_index = 2758, .adv_w = 224, .box_w = 12, .box_h = 12, .ofs_x = 1, .ofs_y = -1},
    {.bitmap_index = 2786, .adv_w = 224, .box_w = 12, .box_h = 12, .ofs_x = 1, .ofs_y = -1},
    {.bitmap_index = 2810, .adv_w = 224, .box_w = 14, .box_h = 13, .ofs_x = 0, .ofs_y = -1},
    {.bitmap_index = 2845, .adv_w = 224, .box_w = 14, .box_h = 13, .ofs_x = 0, .ofs_y = -1},
    {.bitmap_index = 2882, .adv_w = 224, .box_w = 14, .box_h = 13, .ofs_x = 0, .ofs_y = -1},
    {.bitmap_index = 2915, .adv_w = 224, .box_w = 13, .box_h = 15, .ofs_x = 0, .ofs_y = -2},
    {.bitmap_index = 2957, .adv_w = 224, .box_w = 13, .box_h = 14, .ofs_x = 0, .ofs_y = -1},
    {.bitmap_index = 2999, .adv_w = 224, .box_w = 14, .box_h = 14, .ofs_x = 0, .ofs_y = -2},
    {.bitmap_index = 3042, .adv_w = 224, .box_w = 14, .box_h = 14, .ofs_x = 0, .ofs_y = -1},
    {.bitmap_index = 3086, .adv_w = 224, .box_w = 14, .box_h = 13, .ofs_x = 0, .ofs_y = -1},
    {.bitmap_index = 3126, .adv_w = 224, .box_w = 14, .box_h = 14, .ofs_x = 0, .ofs_y = -2},
    {.bitmap_index = 3171, .adv_w = 224, .box_w = 14, .box_h = 14, .ofs_x = 0, .ofs_y = -2},
    {.bitmap_index = 3213, .adv_w = 224, .box_w = 14, .box_h = 13, .ofs_x = 0, .ofs_y = -1},
    {.bitmap_index = 3257, .adv_w = 224, .box_w = 14, .box_h = 14, .ofs_x = 0, .ofs_y = -2},
    {.bitmap_index = 3289, .adv_w = 224, .box_w = 14, .box_h = 13, .ofs_x = 0, .ofs_y = -1},
    {.bitmap_index = 3323, .adv_w = 224, .box_w = 14, .box_h = 13, .ofs_x = 0, .ofs_y = -1},
    {.bitmap_index = 3359, .adv_w = 224, .box_w = 14, .box_h = 14, .ofs_x = 0, .ofs_y = -2},
    {.bitmap_index = 3404, .adv_w = 224, .box_w = 14, .box_h = 14, .ofs_x = 0, .ofs_y = -2},
    {.bitmap_index = 3446, .adv_w = 224, .box_w = 14, .box_h = 14, .ofs_x = 0, .ofs_y = -2},
    {.bitmap_index = 3487, .adv_w = 224, .box_w = 14, .box_h = 14, .ofs_x = 0, .ofs_y = -1},
    {.bitmap_index = 3532, .adv_w = 224, .box_w = 13, .box_h = 13, .ofs_x = 0, .ofs_y = -1},
    {.bitmap_index = 3573, .adv_w = 224, .box_w = 12, .box_h = 13, .ofs_x = 1, .ofs_y = -1},
    {.bitmap_index = 3605, .adv_w = 224, .box_w = 14, .box_h = 15, .ofs_x = 0, .ofs_y = -2},
    {.bitmap_index = 3656, .adv_w = 224, .box_w = 13, .box_h = 12, .ofs_x = 1, .ofs_y = -1},
    {.bitmap_index = 3683, .adv_w = 224, .box_w = 14, .box_h = 14, .ofs_x = 0, .ofs_y = -2},
    {.bitmap_index = 3727, .adv_w = 224, .box_w = 14, .box_h = 14, .ofs_x = 0, .ofs_y = -2},
    {.bitmap_index = 3777, .adv_w = 224, .box_w = 14, .box_h = 13, .ofs_x = 0, .ofs_y = -2},
    {.bitmap_index = 3810, .adv_w = 224, .box_w = 12, .box_h = 13, .ofs_x = 1, .ofs_y = -1},
    {.bitmap_index = 3843, .adv_w = 224, .box_w = 14, .box_h = 13, .ofs_x = 0, .ofs_y = -1},
    {.bitmap_index = 3884, .adv_w = 224, .box_w = 14, .box_h = 14, .ofs_x = 0, .ofs_y = -2},
    {.bitmap_index = 3930, .adv_w = 224, .box_w = 14, .box_h = 13, .ofs_x = 0, .ofs_y = -1},
    {.bitmap_index = 3975, .adv_w = 224, .box_w = 14, .box_h = 13, .ofs_x = 0, .ofs_y = -1},
    {.bitmap_index = 4019, .adv_w = 224, .box_w = 14, .box_h = 15, .ofs_x = 0, .ofs_y = -2},
    {.bitmap_index = 4067, .adv_w = 224, .box_w = 14, .box_h = 14, .ofs_x = 0, .ofs_y = -1},
    {.bitmap_index = 4108, .adv_w = 224, .box_w = 14, .box_h = 14, .ofs_x = 0, .ofs_y = -1},
    {.bitmap_index = 4151, .adv_w = 224, .box_w = 14, .box_h = 14, .ofs_x = 0, .ofs_y = -2},
    {.bitmap_index = 4198, .adv_w = 224, .box_w = 14, .box_h = 13, .ofs_x = 0, .ofs_y = -1},
    {.bitmap_index = 4242, .adv_w = 224, .box_w = 12, .box_h = 14, .ofs_x = 0, .ofs_y = -1},
    {.bitmap_index = 4274, .adv_w = 224, .box_w = 14, .box_h = 14, .ofs_x = 0, .ofs_y = -2},
    {.bitmap_index = 4308, .adv_w = 224, .box_w = 14, .box_h = 13, .ofs_x = 0, .ofs_y = -1},
    {.bitmap_index = 4344, .adv_w = 224, .box_w = 14, .box_h = 14, .ofs_x = 0, .ofs_y = -2},
    {.bitmap_index = 4388, .adv_w = 224, .box_w = 14, .box_h = 14, .ofs_x = 0, .ofs_y = -2},
    {.bitmap_index = 4429, .adv_w = 224, .box_w = 14, .box_h = 13, .ofs_x = 0, .ofs_y = -1},
    {.bitmap_index = 4463, .adv_w = 224, .box_w = 14, .box_h = 13, .ofs_x = 0, .ofs_y = -1},
    {.bitmap_index = 4505, .adv_w = 224, .box_w = 14, .box_h = 14, .ofs_x = 0, .ofs_y = -1},
    {.bitmap_index = 4548, .adv_w = 224, .box_w = 14, .box_h = 15, .ofs_x = 0, .ofs_y = -2},
    {.bitmap_index = 4599, .adv_w = 224, .box_w = 14, .box_h = 15, .ofs_x = 0, .ofs_y = -2},
    {.bitmap_index = 4649, .adv_w = 224, .box_w = 14, .box_h = 13, .ofs_x = 0, .ofs_y = -1},
    {.bitmap_index = 4693, .adv_w = 224, .box_w = 14, .box_h = 13, .ofs_x = 0, .ofs_y = -1},
    {.bitmap_index = 4737, .adv_w = 224, .box_w = 14, .box_h = 13, .ofs_x = 0, .ofs_y = -1},
    {.bitmap_index = 4778, .adv_w = 224, .box_w = 14, .box_h = 14, .ofs_x = 0, .ofs_y = -2},
    {.bitmap_index = 4826, .adv_w = 224, .box_w = 14, .box_h = 13, .ofs_x = 0, .ofs_y = -1},
    {.bitmap_index = 4863, .adv_w = 224, .box_w = 14, .box_h = 14, .ofs_x = 0, .ofs_y = -2},
    {.bitmap_index = 4907, .adv_w = 224, .box_w = 14, .box_h = 15, .ofs_x = 0, .ofs_y = -2},
    {.bitmap_index = 4958, .adv_w = 224, .box_w = 14, .box_h = 14, .ofs_x = 0, .ofs_y = -2},
    {.bitmap_index = 5005, .adv_w = 224, .box_w = 14, .box_h = 13, .ofs_x = 0, .ofs_y = -1},
    {.bitmap_index = 5047, .adv_w = 224, .box_w = 14, .box_h = 14, .ofs_x = 0, .ofs_y = -2},
    {.bitmap_index = 5096, .adv_w = 224, .box_w = 14, .box_h = 13, .ofs_x = 0, .ofs_y = -1},
    {.bitmap_index = 5142, .adv_w = 224, .box_w = 14, .box_h = 13, .ofs_x = 0, .ofs_y = -1},
    {.bitmap_index = 5187, .adv_w = 224, .box_w = 14, .box_h = 14, .ofs_x = 0, .ofs_y = -2},
    {.bitmap_index = 5230, .adv_w = 224, .box_w = 13, .box_h = 15, .ofs_x = 1, .ofs_y = -2},
    {.bitmap_index = 5274, .adv_w = 224, .box_w = 14, .box_h = 13, .ofs_x = 0, .ofs_y = -1},
    {.bitmap_index = 5318, .adv_w = 224, .box_w = 14, .box_h = 13, .ofs_x = 0, .ofs_y = -2},
    {.bitmap_index = 5356, .adv_w = 224, .box_w = 10, .box_h = 12, .ofs_x = 2, .ofs_y = -1},
    {.bitmap_index = 5376, .adv_w = 224, .box_w = 12, .box_h = 12, .ofs_x = 1, .ofs_y = -1},
    {.bitmap_index = 5395, .adv_w = 224, .box_w = 13, .box_h = 13, .ofs_x = 1, .ofs_y = -1},
    {.bitmap_index = 5432, .adv_w = 224, .box_w = 12, .box_h = 13, .ofs_x = 1, .ofs_y = -2},
    {.bitmap_index = 5466, .adv_w = 224, .box_w = 14, .box_h = 12, .ofs_x = 0, .ofs_y = -1},
    {.bitmap_index = 5503, .adv_w = 224, .box_w = 14, .box_h = 12, .ofs_x = 0, .ofs_y = -1},
    {.bitmap_index = 5540, .adv_w = 224, .box_w = 14, .box_h = 13, .ofs_x = 0, .ofs_y = -1},
    {.bitmap_index = 5583, .adv_w = 224, .box_w = 14, .box_h = 13, .ofs_x = 0, .ofs_y = -2},
    {.bitmap_index = 5624, .adv_w = 224, .box_w = 14, .box_h = 13, .ofs_x = 0, .ofs_y = -1},
    {.bitmap_index = 5667, .adv_w = 224, .box_w = 14, .box_h = 13, .ofs_x = 0, .ofs_y = -1},
    {.bitmap_index = 5703, .adv_w = 224, .box_w = 14, .box_h = 14, .ofs_x = 0, .ofs_y = -2},
    {.bitmap_index = 5750, .adv_w = 224, .box_w = 14, .box_h = 13, .ofs_x = 0, .ofs_y = -1},
    {.bitmap_index = 5785, .adv_w = 224, .box_w = 14, .box_h = 13, .ofs_x = 0, .ofs_y = -1},
    {.bitmap_index = 5823, .adv_w = 224, .box_w = 14, .box_h = 14, .ofs_x = 0, .ofs_y = -2},
    {.bitmap_index = 5864, .adv_w = 224, .box_w = 14, .box_h = 14, .ofs_x = 0, .ofs_y = -2},
    {.bitmap_index = 5911, .adv_w = 224, .box_w = 14, .box_h = 13, .ofs_x = 0, .ofs_y = -1},
    {.bitmap_index = 5951, .adv_w = 224, .box_w = 14, .box_h = 14, .ofs_x = 0, .ofs_y = -1},
    {.bitmap_index = 5999, .adv_w = 224, .box_w = 14, .box_h = 14, .ofs_x = 0, .ofs_y = -2},
    {.bitmap_index = 6045, .adv_w = 224, .box_w = 14, .box_h = 13, .ofs_x = 0, .ofs_y = -1},
    {.bitmap_index = 6089, .adv_w = 224, .box_w = 14, .box_h = 13, .ofs_x = 0, .ofs_y = -1},
    {.bitmap_index = 6112, .adv_w = 224, .box_w = 14, .box_h = 12, .ofs_x = 0, .ofs_y = -1},
    {.bitmap_index = 6139, .adv_w = 224, .box_w = 14, .box_h = 14, .ofs_x = 0, .ofs_y = -2},
    {.bitmap_index = 6175, .adv_w = 224, .box_w = 14, .box_h = 14, .ofs_x = 0, .ofs_y = -2},
    {.bitmap_index = 6219, .adv_w = 224, .box_w = 14, .box_h = 14, .ofs_x = 0, .ofs_y = -2},
    {.bitmap_index = 6266, .adv_w = 224, .box_w = 14, .box_h = 14, .ofs_x = 0, .ofs_y = -2},
    {.bitmap_index = 6311, .adv_w = 224, .box_w = 14, .box_h = 13, .ofs_x = 0, .ofs_y = -1},
    {.bitmap_index = 6354, .adv_w = 224, .box_w = 14, .box_h = 13, .ofs_x = 0, .ofs_y = -1},
    {.bitmap_index = 6397, .adv_w = 224, .box_w = 14, .box_h = 13, .ofs_x = 0, .ofs_y = -1},
    {.bitmap_index = 6442, .adv_w = 224, .box_w = 13, .box_h = 14, .ofs_x = 0, .ofs_y = -2},
    {.bitmap_index = 6485, .adv_w = 224, .box_w = 13, .box_h = 13, .ofs_x = 0, .ofs_y = -1},
    {.bitmap_index = 6526, .adv_w = 224, .box_w = 14, .box_h = 13, .ofs_x = 0, .ofs_y = -1},
    {.bitmap_index = 6573, .adv_w = 224, .box_w = 14, .box_h = 13, .ofs_x = 0, .ofs_y = -1},
    {.bitmap_index = 6615, .adv_w = 224, .box_w = 14, .box_h = 14, .ofs_x = 0, .ofs_y = -2},
    {.bitmap_index = 6661, .adv_w = 224, .box_w = 14, .box_h = 15, .ofs_x = 0, .ofs_y = -2},
    {.bitmap_index = 6709, .adv_w = 224, .box_w = 14, .box_h = 14, .ofs_x = 0, .ofs_y = -1},
    {.bitmap_index = 6753, .adv_w = 224, .box_w = 14, .box_h = 13, .ofs_x = 0, .ofs_y = -2},
    {.bitmap_index = 6793, .adv_w = 224, .box_w = 14, .box_h = 12, .ofs_x = 0, .ofs_y = -1},
    {.bitmap_index = 6832, .adv_w = 224, .box_w = 14, .box_h = 13, .ofs_x = 0, .ofs_y = -1},
    {.bitmap_index = 6867, .adv_w = 224, .box_w = 13, .box_h = 13, .ofs_x = 0, .ofs_y = -2},
    {.bitmap_index = 6903, .adv_w = 224, .box_w = 12, .box_h = 13, .ofs_x = 1, .ofs_y = -1},
    {.bitmap_index = 6927, .adv_w = 224, .box_w = 13, .box_h = 13, .ofs_x = 1, .ofs_y = -1},
    {.bitmap_index = 6961, .adv_w = 224, .box_w = 13, .box_h = 13, .ofs_x = 1, .ofs_y = -1},
    {.bitmap_index = 7001, .adv_w = 224, .box_w = 12, .box_h = 15, .ofs_x = 1, .ofs_y = -2},
    {.bitmap_index = 7042, .adv_w = 224, .box_w = 14, .box_h = 13, .ofs_x = 0, .ofs_y = -1},
    {.bitmap_index = 7083, .adv_w = 224, .box_w = 14, .box_h = 14, .ofs_x = 0, .ofs_y = -2},
    {.bitmap_index = 7125, .adv_w = 224, .box_w = 14, .box_h = 14, .ofs_x = 0, .ofs_y = -2},
    {.bitmap_index = 7174, .adv_w = 224, .box_w = 14, .box_h = 13, .ofs_x = 0, .ofs_y = -1},
    {.bitmap_index = 7219, .adv_w = 224, .box_w = 14, .box_h = 12, .ofs_x = 0, .ofs_y = -1},
    {.bitmap_index = 7252, .adv_w = 224, .box_w = 14, .box_h = 13, .ofs_x = 0, .ofs_y = -1},
    {.bitmap_index = 7297, .adv_w = 224, .box_w = 14, .box_h = 15, .ofs_x = 0, .ofs_y = -2},
    {.bitmap_index = 7342, .adv_w = 224, .box_w = 14, .box_h = 13, .ofs_x = 0, .ofs_y = -1},
    {.bitmap_index = 7386, .adv_w = 224, .box_w = 14, .box_h = 13, .ofs_x = 0, .ofs_y = -1},
    {.bitmap_index = 7429, .adv_w = 224, .box_w = 14, .box_h = 13, .ofs_x = 0, .ofs_y = -1},
    {.bitmap_index = 7470, .adv_w = 224, .box_w = 14, .box_h = 13, .ofs_x = 0, .ofs_y = -1},
    {.bitmap_index = 7509, .adv_w = 224, .box_w = 14, .box_h = 15, .ofs_x = 0, .ofs_y = -2},
    {.bitmap_index = 7558, .adv_w = 224, .box_w = 14, .box_h = 14, .ofs_x = 0, .ofs_y = -1},
    {.bitmap_index = 7603, .adv_w = 224, .box_w = 14, .box_h = 14, .ofs_x = 0, .ofs_y = -1},
    {.bitmap_index = 7651, .adv_w = 224, .box_w = 14, .box_h = 14, .ofs_x = 0, .ofs_y = -1},
    {.bitmap_index = 7692, .adv_w = 224, .box_w = 13, .box_h = 13, .ofs_x = 0, .ofs_y = -1},
    {.bitmap_index = 7730, .adv_w = 224, .box_w = 14, .box_h = 13, .ofs_x = 0, .ofs_y = -1},
    {.bitmap_index = 7777, .adv_w = 224, .box_w = 14, .box_h = 13, .ofs_x = 0, .ofs_y = -1},
    {.bitmap_index = 7821, .adv_w = 224, .box_w = 14, .box_h = 13, .ofs_x = 0, .ofs_y = -1},
    {.bitmap_index = 7867, .adv_w = 224, .box_w = 14, .box_h = 13, .ofs_x = 0, .ofs_y = -1},
    {.bitmap_index = 7911, .adv_w = 224, .box_w = 14, .box_h = 14, .ofs_x = 0, .ofs_y = -1},
    {.bitmap_index = 7960, .adv_w = 224, .box_w = 14, .box_h = 13, .ofs_x = 0, .ofs_y = -1},
    {.bitmap_index = 8007, .adv_w = 224, .box_w = 14, .box_h = 13, .ofs_x = 0, .ofs_y = -1},
    {.bitmap_index = 8055, .adv_w = 224, .box_w = 14, .box_h = 13, .ofs_x = 0, .ofs_y = -1},
    {.bitmap_index = 8098, .adv_w = 224, .box_w = 12, .box_h = 12, .ofs_x = 1, .ofs_y = -1},
    {.bitmap_index = 8132, .adv_w = 224, .box_w = 14, .box_h = 12, .ofs_x = 0, .ofs_y = -1},
    {.bitmap_index = 8166, .adv_w = 224, .box_w = 14, .box_h = 14, .ofs_x = 0, .ofs_y = -1},
    {.bitmap_index = 8213, .adv_w = 224, .box_w = 14, .box_h = 14, .ofs_x = 0, .ofs_y = -2},
    {.bitmap_index = 8262, .adv_w = 224, .box_w = 14, .box_h = 14, .ofs_x = 0, .ofs_y = -2},
    {.bitmap_index = 8312, .adv_w = 224, .box_w = 14, .box_h = 13, .ofs_x = 0, .ofs_y = -1},
    {.bitmap_index = 8357, .adv_w = 224, .box_w = 14, .box_h = 14, .ofs_x = 0, .ofs_y = -2},
    {.bitmap_index = 8390, .adv_w = 224, .box_w = 14, .box_h = 13, .ofs_x = 0, .ofs_y = -1},
    {.bitmap_index = 8435, .adv_w = 224, .box_w = 14, .box_h = 13, .ofs_x = 0, .ofs_y = -2},
    {.bitmap_index = 8479, .adv_w = 224, .box_w = 13, .box_h = 15, .ofs_x = 1, .ofs_y = -2},
    {.bitmap_index = 8522, .adv_w = 224, .box_w = 14, .box_h = 15, .ofs_x = 0, .ofs_y = -2},
    {.bitmap_index = 8571, .adv_w = 224, .box_w = 14, .box_h = 13, .ofs_x = 0, .ofs_y = -1},
    {.bitmap_index = 8607, .adv_w = 224, .box_w = 14, .box_h = 14, .ofs_x = 0, .ofs_y = -2},
    {.bitmap_index = 8648, .adv_w = 224, .box_w = 14, .box_h = 13, .ofs_x = 0, .ofs_y = -1},
    {.bitmap_index = 8686, .adv_w = 224, .box_w = 14, .box_h = 13, .ofs_x = 0, .ofs_y = -1},
    {.bitmap_index = 8728, .adv_w = 224, .box_w = 14, .box_h = 14, .ofs_x = 0, .ofs_y = -2},
    {.bitmap_index = 8770, .adv_w = 224, .box_w = 14, .box_h = 13, .ofs_x = 0, .ofs_y = -1},
    {.bitmap_index = 8805, .adv_w = 224, .box_w = 14, .box_h = 14, .ofs_x = 0, .ofs_y = -2},
    {.bitmap_index = 8850, .adv_w = 224, .box_w = 14, .box_h = 13, .ofs_x = 0, .ofs_y = -1},
    {.bitmap_index = 8890, .adv_w = 224, .box_w = 14, .box_h = 13, .ofs_x = 0, .ofs_y = -1},
    {.bitmap_index = 8930, .adv_w = 224, .box_w = 14, .box_h = 13, .ofs_x = 0, .ofs_y = -1},
    {.bitmap_index = 8973, .adv_w = 224, .box_w = 14, .box_h = 13, .ofs_x = 0, .ofs_y = -1},
    {.bitmap_index = 9015, .adv_w = 224, .box_w = 14, .box_h = 14, .ofs_x = 0, .ofs_y = -2},
    {.bitmap_index = 9060, .adv_w = 224, .box_w = 14, .box_h = 14, .ofs_x = 0, .ofs_y = -2},
    {.bitmap_index = 9103, .adv_w = 224, .box_w = 14, .box_h = 14, .ofs_x = 0, .ofs_y = -2},
    {.bitmap_index = 9151, .adv_w = 224, .box_w = 14, .box_h = 14, .ofs_x = 0, .ofs_y = -2},
    {.bitmap_index = 9198, .adv_w = 224, .box_w = 14, .box_h = 14, .ofs_x = 0, .ofs_y = -2},
    {.bitmap_index = 9242, .adv_w = 224, .box_w = 14, .box_h = 14, .ofs_x = 0, .ofs_y = -2},
    {.bitmap_index = 9283, .adv_w = 224, .box_w = 14, .box_h = 14, .ofs_x = 0, .ofs_y = -2},
    {.bitmap_index = 9326, .adv_w = 224, .box_w = 14, .box_h = 14, .ofs_x = 0, .ofs_y = -2},
    {.bitmap_index = 9372, .adv_w = 224, .box_w = 14, .box_h = 14, .ofs_x = 0, .ofs_y = -2},
    {.bitmap_index = 9418, .adv_w = 224, .box_w = 14, .box_h = 14, .ofs_x = 0, .ofs_y = -2},
    {.bitmap_index = 9465, .adv_w = 224, .box_w = 14, .box_h = 14, .ofs_x = 0, .ofs_y = -2},
    {.bitmap_index = 9512, .adv_w = 224, .box_w = 14, .box_h = 14, .ofs_x = 0, .ofs_y = -2},
    {.bitmap_index = 9559, .adv_w = 224, .box_w = 14, .box_h = 14, .ofs_x = 0, .ofs_y = -2},
    {.bitmap_index = 9606, .adv_w = 224, .box_w = 14, .box_h = 13, .ofs_x = 0, .ofs_y = -1},
    {.bitmap_index = 9650, .adv_w = 224, .box_w = 14, .box_h = 14, .ofs_x = 0, .ofs_y = -2},
    {.bitmap_index = 9693, .adv_w = 224, .box_w = 14, .box_h = 13, .ofs_x = 0, .ofs_y = -1},
    {.bitmap_index = 9734, .adv_w = 224, .box_w = 14, .box_h = 13, .ofs_x = 0, .ofs_y = -1},
    {.bitmap_index = 9774, .adv_w = 224, .box_w = 13, .box_h = 14, .ofs_x = 0, .ofs_y = -2},
    {.bitmap_index = 9818, .adv_w = 224, .box_w = 14, .box_h = 13, .ofs_x = 0, .ofs_y = -1},
    {.bitmap_index = 9861, .adv_w = 224, .box_w = 14, .box_h = 14, .ofs_x = 0, .ofs_y = -2},
    {.bitmap_index = 9907, .adv_w = 224, .box_w = 14, .box_h = 13, .ofs_x = 0, .ofs_y = -1},
    {.bitmap_index = 9951, .adv_w = 224, .box_w = 14, .box_h = 15, .ofs_x = 0, .ofs_y = -2},
    {.bitmap_index = 10004, .adv_w = 224, .box_w = 14, .box_h = 14, .ofs_x = 0, .ofs_y = -2},
    {.bitmap_index = 10047, .adv_w = 224, .box_w = 12, .box_h = 14, .ofs_x = 1, .ofs_y = -2},
    {.bitmap_index = 10084, .adv_w = 224, .box_w = 12, .box_h = 13, .ofs_x = 1, .ofs_y = -1},
    {.bitmap_index = 10111, .adv_w = 224, .box_w = 12, .box_h = 13, .ofs_x = 1, .ofs_y = -1},
    {.bitmap_index = 10142, .adv_w = 224, .box_w = 13, .box_h = 15, .ofs_x = 1, .ofs_y = -2},
    {.bitmap_index = 10182, .adv_w = 224, .box_w = 13, .box_h = 14, .ofs_x = 1, .ofs_y = -2},
    {.bitmap_index = 10226, .adv_w = 224, .box_w = 13, .box_h = 13, .ofs_x = 1, .ofs_y = -1},
    {.bitmap_index = 10268, .adv_w = 224, .box_w = 13, .box_h = 14, .ofs_x = 1, .ofs_y = -2},
    {.bitmap_index = 10311, .adv_w = 224, .box_w = 13, .box_h = 14, .ofs_x = 1, .ofs_y = -2},
    {.bitmap_index = 10356, .adv_w = 224, .box_w = 14, .box_h = 13, .ofs_x = 0, .ofs_y = -2},
    {.bitmap_index = 10397, .adv_w = 224, .box_w = 14, .box_h = 13, .ofs_x = 0, .ofs_y = -2},
    {.bitmap_index = 10435, .adv_w = 224, .box_w = 14, .box_h = 12, .ofs_x = 0, .ofs_y = -1},
    {.bitmap_index = 10469, .adv_w = 224, .box_w = 14, .box_h = 13, .ofs_x = 0, .ofs_y = -1},
    {.bitmap_index = 10513, .adv_w = 224, .box_w = 14, .box_h = 14, .ofs_x = 0, .ofs_y = -2},
    {.bitmap_index = 10561, .adv_w = 224, .box_w = 14, .box_h = 14, .ofs_x = 0, .ofs_y = -2},
    {.bitmap_index = 10610, .adv_w = 224, .box_w = 4, .box_h = 6, .ofs_x = 1, .ofs_y = -2},
    {.bitmap_index = 10617, .adv_w = 224, .box_w = 4, .box_h = 12, .ofs_x = 1, .ofs_y = -3},
    {.bitmap_index = 10629, .adv_w = 224, .box_w = 7, .box_h = 12, .ofs_x = 0, .ofs_y = -1}
};

/*---------------------
 *  CHARACTER MAPPING
 *--------------------*/

static const uint16_t unicode_list_0[] = {
    0x0, 0x2f4b, 0x4d49, 0x4d52, 0x4d53, 0x4d54, 0x4d56, 0x4d57,
    0x4d6d, 0x4d73, 0x4d76, 0x4da8, 0x4dd5, 0x4dd7, 0x4ddd, 0x4ded,
    0x4e03, 0x4e0e, 0x4e16, 0x4e2d, 0x4e2e, 0x4e44, 0x4e63, 0x4e96,
    0x4e9c, 0x4e9e, 0x4ea2, 0x4ea5, 0x4ea9, 0x4ec8, 0x4f26, 0x4f2a,
    0x4f37, 0x4f62, 0x4f90, 0x4fa5, 0x4ff1, 0x5091, 0x50ae, 0x50b1,
    0x50b6, 0x50ba, 0x50bc, 0x50d6, 0x50e2, 0x510f, 0x5136, 0x5144,
    0x514f, 0x5164, 0x5169, 0x5179, 0x5196, 0x51b2, 0x51e8, 0x51e9,
    0x51f1, 0x5248, 0x52ba, 0x52bc, 0x52e8, 0x5315, 0x531a, 0x531f,
    0x5320, 0x5321, 0x5333, 0x5338, 0x5340, 0x5355, 0x5356, 0x5357,
    0x5378, 0x53d5, 0x55b1, 0x5624, 0x5627, 0x5671, 0x5679, 0x5689,
    0x5690, 0x57e7, 0x584d, 0x5850, 0x5856, 0x587a, 0x587d, 0x5914,
    0x5a99, 0x5aa0, 0x5aa1, 0x5ad2, 0x5ad5, 0x5ae3, 0x5b0f, 0x5b4f,
    0x5b63, 0x5b7a, 0x5d3b, 0x5ddc, 0x5e43, 0x5e49, 0x5e9c, 0x5e9e,
    0x5ece, 0x5f0e, 0x5f4a, 0x5fab, 0x5fb8, 0x6058, 0x6159, 0x615f,
    0x6180, 0x619c, 0x61c2, 0x61cd, 0x61ed, 0x621b, 0x6232, 0x624a,
    0x6252, 0x62ab, 0x62b7, 0x62d1, 0x62d5, 0x62ee, 0x62f0, 0x6319,
    0x63ed, 0x6416, 0x6482, 0x6491, 0x64b9, 0x64bd, 0x64d0, 0x64f6,
    0x64f9, 0x6529, 0x652e, 0x6530, 0x653f, 0x6557, 0x6568, 0x6587,
    0x65cb, 0x663d, 0x6648, 0x6652, 0x6668, 0x6673, 0x6675, 0x6683,
    0x668c, 0x672e, 0x6809, 0x6a6a, 0x6a6b, 0x6aab, 0x6aac, 0x6aad,
    0x6aae, 0x6b0a, 0x6b18, 0x6b8b, 0x6bea, 0x6c1e, 0x6c98, 0x6cd1,
    0x6d44, 0x6d4e, 0x7191, 0x7195, 0x71ff, 0x72f9, 0x734f, 0x7468,
    0x7471, 0x747a, 0x747e, 0x74a2, 0x75cd, 0x7654, 0x774a, 0x77b7,
    0x77f9, 0x7883, 0x78ca, 0x7904, 0x790a, 0x791b, 0x7956, 0x7a14,
    0x7a75, 0x7a92, 0x7ac7, 0x7ac9, 0x7aea, 0x7e08, 0x7e18, 0x7e25,
    0x7e26, 0x7e30, 0x7e33, 0x7e36, 0x7e5f, 0x7e9a, 0x7eb7, 0x8046,
    0x813d, 0x8300, 0x8518, 0x8795, 0x87f4, 0x88ca, 0x8911, 0x892f,
    0x8949, 0x8aed, 0x8af9, 0x8b07, 0x8b08, 0x8b0a, 0x8b1e, 0x8b26,
    0x8b36, 0x8b38, 0x8b40, 0x8c6e, 0x8c6f, 0x8eda, 0x8edc, 0x8f10,
    0x8f17, 0x8f1a, 0x8f1d, 0x8f24, 0x8f27, 0x8f4a, 0x8f52, 0x8f63,
    0x9031, 0x9096, 0x9116, 0x93e8, 0x93ee, 0x9449, 0x944a, 0x9462,
    0x9477, 0x94c8, 0x9536, 0x9537, 0x953d, 0x958d, 0x95ad, 0x95b2,
    0x95d8, 0x95d9, 0x9649, 0x97be, 0x97c2, 0x97c4, 0x99d5, 0x9e21,
    0xfe55, 0xfe64, 0xfe68
};

/*Collect the unicode lists and glyph_id offsets*/
static const lv_font_fmt_txt_cmap_t cmaps[] =
{
    {
        .range_start = 183, .range_length = 65129, .glyph_id_start = 1,
        .unicode_list = unicode_list_0, .glyph_id_ofs_list = NULL, .list_length = 267, .type = LV_FONT_FMT_TXT_CMAP_SPARSE_TINY
    }
};



/*--------------------
 *  ALL CUSTOM DATA
 *--------------------*/

#if LVGL_VERSION_MAJOR == 8
/*Store all the custom data of the font*/
static  lv_font_fmt_txt_glyph_cache_t cache;
#endif

#if LVGL_VERSION_MAJOR >= 8
static const lv_font_fmt_txt_dsc_t font_dsc = {
#else
static lv_font_fmt_txt_dsc_t font_dsc = {
#endif
    .glyph_bitmap = glyph_bitmap,
    .glyph_dsc = glyph_dsc,
    .cmaps = cmaps,
    .kern_dsc = NULL,
    .kern_scale = 0,
    .cmap_num = 1,
    .bpp = 2,
    .kern_classes = 0,
    .bitmap_format = 1,
#if LVGL_VERSION_MAJOR == 8
    .cache = &cache
#endif
};

extern const lv_font_t lv_font_montserrat_12;


/*-----------------
 *  PUBLIC FONT
 *----------------*/

/*Initialize a public general font descriptor*/
#if LVGL_VERSION_MAJOR >= 8
const lv_font_t lv_font_cipherport_14 = {
#else
lv_font_t lv_font_cipherport_14 = {
#endif
    .get_glyph_dsc = lv_font_get_glyph_dsc_fmt_txt,    /*Function pointer to get glyph's data*/
    .get_glyph_bitmap = lv_font_get_bitmap_fmt_txt,    /*Function pointer to get glyph's bitmap*/
    .line_height = 16,          /*The maximum line height required by the font*/
    .base_line = 3,             /*Baseline measured from the bottom of the line*/
#if !(LVGL_VERSION_MAJOR == 6 && LVGL_VERSION_MINOR == 0)
    .subpx = LV_FONT_SUBPX_NONE,
#endif
#if LV_VERSION_CHECK(7, 4, 0) || LVGL_VERSION_MAJOR >= 8
    .underline_position = -2,
    .underline_thickness = 1,
#endif
    .dsc = &font_dsc,          /*The custom font data. Will be accessed by `get_glyph_bitmap/dsc` */
#if LV_VERSION_CHECK(8, 2, 0) || LVGL_VERSION_MAJOR >= 9
    .fallback = &lv_font_montserrat_12,
#endif
    .user_data = NULL,
};

#endif /*#if LV_FONT_CIPHERPORT_14*/
