/*******************************************************************************
 * Size: 19 px
 * Bpp: 2
 * Opts: --font C:\Windows\Fonts\NotoSansSC-VF.ttf --range 0x20-0x7e,0xb7,0x3002,0x4e00,0x4e09,0x4e0a,0x4e0b,0x4e0d,0x4e24,0x4e2a,0x4e2d,0x4e5f,0x4e8c,0x4e8e,0x4e94,0x4ea4,0x4eba,0x4ec5,0x4ecd,0x4ee4,0x4ee5,0x4efb,0x4f1a,0x4f4d,0x4f55,0x4f59,0x4f5c,0x4f7f,0x4fdd,0x4fe1,0x4fee,0x5019,0x5047,0x505c,0x50a8,0x5141,0x5148,0x5165,0x5168,0x516d,0x5171,0x5173,0x518d,0x5199,0x51c6,0x51ed,0x51fb,0x521b,0x5220,0x5230,0x524d,0x5269,0x529f,0x52a0,0x52a8,0x52ff,0x5371,0x5373,0x539f,0x53cc,0x53d1,0x53d6,0x53d7,0x53d8,0x53ea,0x53ef,0x53f0,0x53f7,0x540d,0x540e,0x542f,0x5468,0x548c,0x5668,0x56db,0x56de,0x5728,0x5730,0x5740,0x5747,0x589e,0x5904,0x5907,0x590d,0x5931,0x5934,0x59cb,0x5b50,0x5b57,0x5b58,0x5b89,0x5b8c,0x5b9a,0x5bc6,0x5c06,0x5c1a,0x5c31,0x5df2,0x5e93,0x5efa,0x5f00,0x5f53,0x5f55,0x5f85,0x5fc5,0x6001,0x6062,0x606f,0x60c5,0x6210,0x6211,0x6216,0x6237,0x6253,0x6279,0x6284,0x62a4,0x62d2,0x62e9,0x6301,0x6309,0x6362,0x636e,0x6388,0x63a5,0x63d0,0x64a4,0x64cd,0x6539,0x6548,0x6570,0x6574,0x6587,0x65ad,0x65b0,0x65e0,0x65e5,0x65e7,0x65f6,0x660e,0x663e,0x6682,0x66f4,0x66ff,0x6709,0x671f,0x672a,0x672c,0x673a,0x6743,0x67e5,0x6807,0x68c0,0x6b21,0x6b22,0x6b62,0x6b63,0x6b64,0x6b65,0x6bc1,0x6c42,0x6ca1,0x6cd5,0x6ce8,0x6d4f,0x6d88,0x6dfb,0x6e05,0x6eda,0x724c,0x72b6,0x73b0,0x7406,0x751f,0x7528,0x7535,0x7559,0x7684,0x770b,0x7801,0x786e,0x78b0,0x793a,0x7981,0x79bb,0x79d2,0x79f0,0x7a0d,0x7acb,0x7b2c,0x7b49,0x7b7e,0x7ba1,0x7ebf,0x7ecf,0x7edc,0x7edd,0x7ee7,0x7eea,0x7eed,0x7f16,0x7f51,0x7f6e,0x80fd,0x81f4,0x83b7,0x85cf,0x884c,0x88ab,0x8981,0x89c8,0x89e6,0x8a00,0x8ba4,0x8bb0,0x8bb8,0x8bbe,0x8bbf,0x8bc1,0x8bd5,0x8bdd,0x8be6,0x8bed,0x8bef,0x8bf7,0x8d25,0x8d26,0x8f91,0x8f93,0x8fc7,0x8fce,0x8fd1,0x8fd4,0x8fdb,0x8fde,0x9001,0x9009,0x901a,0x90e8,0x914d,0x91cd,0x94a5,0x9500,0x9501,0x9519,0x952e,0x957f,0x95ed,0x95ee,0x9644,0x9650,0x9664,0x9669,0x968f,0x9690,0x9700,0x9875,0x9879,0x987b,0x9898,0x9a8c,0x9ed8,0xff0c,0xff0f,0xff1a,0xff1f --size 19 --bpp 2 --format lvgl --lv-include lvgl.h --lv-font-name lv_font_cipherport_19 --lv-fallback lv_font_montserrat_20 -o main\lv_font_cipherport_19.c
 ******************************************************************************/

#ifdef LV_LVGL_H_INCLUDE_SIMPLE
#include "lvgl.h"
#else
#include "lvgl.h"
#endif

#ifndef LV_FONT_CIPHERPORT_19
#define LV_FONT_CIPHERPORT_19 1
#endif

#if LV_FONT_CIPHERPORT_19

/*-----------------
 *    BITMAPS
 *----------------*/

/*Store the image of the glyphs*/
static LV_ATTRIBUTE_LARGE_CONST const uint8_t glyph_bitmap[] = {
    /* U+0020 " " */

    /* U+0021 "!" */
    0x20, 0xff, 0xe7, 0x41, 0xd0, 0x10,

    /* U+0022 "\"" */
    0x62, 0x50, 0x7d, 0x83, 0x2, 0x22, 0x0,

    /* U+0023 "#" */
    0x9, 0xa, 0xe, 0xc3, 0xff, 0x9e, 0xcd, 0x4c,
    0x6, 0x6b, 0x83, 0x60, 0x43, 0x90, 0xc8, 0x54,
    0xeb, 0x81, 0x35, 0x34, 0xf, 0xfe, 0x7e, 0x10,

    /* U+0024 "$" */
    0xf, 0xfe, 0x2, 0x1f, 0xfc, 0x1a, 0xc1, 0x55,
    0xc8, 0x7c, 0x87, 0xff, 0x1a, 0x88, 0x7a, 0x64,
    0x3d, 0x10, 0x79, 0xd0, 0xf3, 0x87, 0xe5, 0x6,
    0xa2, 0x57, 0x1, 0xa7, 0x7, 0xf8,

    /* U+0025 "%" */
    0x5, 0x48, 0x72, 0x1d, 0x5b, 0xe, 0xc3, 0xfa,
    0x81, 0x50, 0x3f, 0xf8, 0x58, 0x7f, 0xf0, 0xa5,
    0x50, 0x3e, 0x71, 0xce, 0xa0, 0x68, 0x34, 0xda,
    0x2, 0x82, 0x54, 0x50, 0x3f, 0x9a, 0x3, 0xf,
    0xfe, 0x14, 0x87, 0xff, 0x5, 0xc3, 0xff, 0x85,
    0xa1, 0x68, 0x28, 0x1a, 0x81, 0x92, 0x98,

    /* U+0026 "&" */
    0xd, 0x50, 0x7e, 0xab, 0x83, 0xec, 0x8, 0x7f,
    0xcc, 0x1f, 0x62, 0x1f, 0xe9, 0x41, 0xf2, 0x1f,
    0x20, 0x7b, 0x43, 0x60, 0xe1, 0x10, 0x38, 0x79,
    0xd3, 0x43, 0xeb, 0xd0, 0x64, 0x39, 0x82, 0x8a,
    0xfc, 0x80,

    /* U+0027 "'" */
    0x64, 0x36, 0x20,

    /* U+0028 "(" */
    0x9, 0xf, 0xd2, 0x16, 0x12, 0x82, 0xc3, 0xff,
    0xc1, 0xa1, 0x38, 0x6c, 0x32, 0x83, 0x20,

    /* U+0029 ")" */
    0x10, 0xb0, 0xb4, 0xe, 0x1f, 0x68, 0x1c, 0x3f,
    0xf9, 0x78, 0x14, 0xc, 0x3c, 0xc0, 0xc2, 0x80,

    /* U+002A "*" */
    0x2, 0x82, 0x40, 0x85, 0x40, 0x97, 0x1, 0xa2,
    0x0,

    /* U+002B "+" */
    0xf, 0xfe, 0x12, 0x83, 0xff, 0xaf, 0x5b, 0xa8,
    0x15, 0xba, 0x83, 0xff, 0x9c, 0x86,

    /* U+002C "," */
    0x11, 0x85, 0x6, 0xa0,

    /* U+002D "-" */
    0x2b, 0x0,

    /* U+002E "." */
    0x15, 0x0,

    /* U+002F "/" */
    0xf, 0x28, 0x3d, 0xa1, 0xff, 0xc1, 0xa0, 0x7f,
    0xf0, 0x5c, 0x3d, 0xa1, 0xff, 0xc1, 0x60, 0xf6,
    0x1f, 0x61, 0xe9, 0xf, 0xfe, 0xb, 0x87, 0xb4,
    0x3f, 0xf8, 0x2c, 0x1f, 0xfc, 0x20,

    /* U+0030 "0" */
    0x5, 0x60, 0xab, 0xc3, 0x87, 0xb4, 0x35, 0x3,
    0xff, 0xc9, 0xa1, 0xa8, 0xe1, 0xf5, 0x78,

    /* U+0031 "1" */
    0x3, 0xc1, 0xce, 0x1f, 0xff, 0xf0, 0xff, 0x54,
    0xd1,

    /* U+0032 "2" */
    0x3, 0x58, 0x29, 0xae, 0x4, 0x1f, 0xfc, 0x2c,
    0x3f, 0x61, 0xff, 0xc4, 0x70, 0xfb, 0x43, 0xd4,
    0xf, 0x50, 0x3d, 0x40, 0xf5, 0x3, 0xd9, 0x5e,

    /* U+0033 "3" */
    0x3, 0x58, 0x25, 0x56, 0xc0, 0x87, 0x48, 0x7d,
    0xa1, 0xeb, 0xc, 0xfc, 0x86, 0x7e, 0x83, 0xeb,
    0x43, 0xe7, 0xf, 0xfe, 0x3c, 0x1d, 0x42, 0x6b,
    0x80,

    /* U+0034 "4" */
    0xf, 0x41, 0xf9, 0xf, 0xef, 0x7, 0xd4, 0xf,
    0xa8, 0x1f, 0x38, 0x7e, 0xd0, 0xfa, 0x81, 0xf2,
    0x57, 0x70, 0xd7, 0xb8, 0x3f, 0xfa, 0x60,

    /* U+0035 "5" */
    0x7, 0x5c, 0x13, 0x5c, 0x1f, 0xfc, 0xc, 0x3e,
    0x7a, 0x90, 0x92, 0xa3, 0xa, 0x9, 0xa0, 0x7c,
    0xa0, 0xfc, 0x87, 0xff, 0x11, 0xc8, 0x3b, 0x4a,
    0xf8,

    /* U+0036 "6" */
    0xa, 0xb0, 0x4d, 0x70, 0x5c, 0x1e, 0x70, 0xfb,
    0x4a, 0x83, 0x2a, 0xb0, 0x11, 0xa, 0x82, 0x83,
    0xff, 0x9b, 0x40, 0xfe, 0x42, 0xa0, 0x22, 0xb0,
    0x0,

    /* U+0037 "7" */
    0x2b, 0xec, 0xaf, 0x18, 0x7f, 0xf0, 0xe8, 0x1f,
    0x61, 0xf4, 0x87, 0xff, 0x13, 0xf, 0x90, 0xfd,
    0xa1, 0xf2, 0x1f, 0xfc, 0xa0,

    /* U+0038 "8" */
    0xa, 0xb0, 0x77, 0x5b, 0x9, 0x83, 0x48, 0x7e,
    0x70, 0x38, 0x67, 0xa, 0x43, 0x21, 0x3a, 0xa4,
    0x24, 0x95, 0xc1, 0x68, 0x4d, 0x3, 0xff, 0x8e,
    0x83, 0x43, 0x30, 0x12, 0xb0, 0x80,

    /* U+0039 "9" */
    0x3, 0x52, 0x13, 0xd4, 0x40, 0xe0, 0x90, 0xfe,
    0xa0, 0x7f, 0xf1, 0x53, 0x82, 0x58, 0x6b, 0x28,
    0x35, 0x41, 0xfe, 0x70, 0xfb, 0x44, 0x35, 0x0,
    0xd7, 0x0,

    /* U+003A ":" */
    0x76, 0x10, 0xff, 0x95, 0x0,

    /* U+003B ";" */
    0x71, 0x80, 0x87, 0xff, 0x15, 0x18, 0x50, 0x6a,
    0x0,

    /* U+003C "<" */
    0xf, 0xfe, 0x23, 0x40, 0xea, 0x14, 0x3, 0x34,
    0x43, 0x79, 0xf, 0xa2, 0x81, 0xf3, 0x46, 0x43,
    0xe6, 0x20,

    /* U+003D "=" */
    0x2b, 0xf0, 0x2b, 0xf0, 0x7f, 0xf2, 0xab, 0xf0,

    /* U+003E ">" */
    0xf, 0xfa, 0x88, 0x7d, 0x42, 0x81, 0xf3, 0x46,
    0x43, 0xe7, 0x83, 0xd4, 0x30, 0x99, 0xa2, 0x14,
    0xc8, 0x70,

    /* U+003F "?" */
    0x5, 0x60, 0x9a, 0xe0, 0x21, 0xff, 0xcf, 0xa0,
    0x75, 0x3, 0x9c, 0x3d, 0xa1, 0xec, 0x3e, 0x43,
    0xe4, 0x3e, 0x90, 0x80,

    /* U+0040 "@" */
    0xe, 0x6b, 0x21, 0xfa, 0x2b, 0x32, 0x19, 0xa2,
    0x1d, 0x8, 0x5c, 0x1f, 0x9c, 0x14, 0x9, 0xa0,
    0x83, 0x56, 0x14, 0x54, 0x81, 0xf2, 0x7, 0x43,
    0xff, 0x81, 0xa1, 0xff, 0xcb, 0xc3, 0xff, 0x83,
    0x21, 0xfa, 0x9, 0xcc, 0x2a, 0x9b, 0xa0, 0x8c,
    0x15, 0x11, 0xa2, 0x17, 0x7, 0xff, 0x5, 0xe4,
    0x32, 0x83, 0xcc, 0x56, 0x10, 0xc0,

    /* U+0041 "A" */
    0xe, 0xc3, 0xf9, 0x90, 0xfd, 0xb8, 0x7e, 0xc3,
    0xfa, 0x49, 0xf, 0xf6, 0x1c, 0xe1, 0x61, 0xd7,
    0x57, 0x83, 0x35, 0xc8, 0x4c, 0x1d, 0xa0, 0xc3,
    0xce, 0xc, 0x3f, 0xa4, 0x3e, 0xa0,

    /* U+0042 "B" */
    0xeb, 0xc1, 0x35, 0xf0, 0x7f, 0xf4, 0x10, 0x9a,
    0xbe, 0x80, 0xd5, 0xf4, 0x1f, 0x9a, 0x7, 0xff,
    0x6a, 0x83, 0x5f, 0x0,

    /* U+0043 "C" */
    0x9, 0xac, 0x85, 0x15, 0xb0, 0x51, 0xd, 0x8,
    0x7f, 0x70, 0x7f, 0xf1, 0x90, 0xfe, 0x43, 0xff,
    0x8f, 0xc1, 0xf9, 0xf, 0xf5, 0x10, 0xcc, 0x8,
    0xac, 0x40,

    /* U+0044 "D" */
    0xeb, 0x83, 0x35, 0xf0, 0x7e, 0x84, 0x3f, 0x50,
    0x3f, 0x90, 0xfe, 0xd0, 0xff, 0xe8, 0x68, 0x7e,
    0x43, 0xf5, 0x3, 0xe8, 0x46, 0xbe, 0x0,

    /* U+0045 "E" */
    0xeb, 0xca, 0xaf, 0x21, 0xff, 0xcc, 0x6b, 0x91,
    0xae, 0x43, 0xff, 0xba, 0xd7, 0x90,

    /* U+0046 "F" */
    0xeb, 0xca, 0xaf, 0x21, 0xff, 0xd4, 0x6b, 0x91,
    0xae, 0x43, 0xff, 0xba,

    /* U+0047 "G" */
    0x9, 0xac, 0x86, 0x8a, 0xca, 0x5, 0x10, 0xe4,
    0x43, 0xfd, 0xc1, 0xfc, 0x87, 0xff, 0x12, 0xb0,
    0x87, 0x54, 0x1f, 0xfc, 0x1a, 0x7, 0xff, 0x26,
    0x88, 0x72, 0x14, 0x57, 0x60,

    /* U+0048 "H" */
    0x83, 0xe8, 0x3f, 0xfb, 0xad, 0x7c, 0x8d, 0x7c,
    0x87, 0xff, 0xc4,

    /* U+0049 "I" */
    0x83, 0xff, 0x80,

    /* U+004A "J" */
    0xf, 0xa0, 0xff, 0xff, 0x84, 0xe4, 0x1b, 0x4a,
    0xf0,

    /* U+004B "K" */
    0x83, 0xd2, 0x1f, 0x5a, 0x1e, 0xb4, 0x3c, 0xe8,
    0x79, 0xd0, 0xf3, 0x87, 0xcf, 0x8, 0x67, 0x8a,
    0x7, 0x41, 0x50, 0x24, 0x32, 0x1f, 0xea, 0x7,
    0xf6, 0x87, 0xe7, 0x0,

    /* U+004C "L" */
    0x83, 0xff, 0xfe, 0x1f, 0xfc, 0x86, 0xbc, 0x0,

    /* U+004D "M" */
    0xd0, 0xfa, 0x8e, 0x1f, 0xfc, 0x5b, 0x5, 0x3,
    0xc8, 0x7e, 0x70, 0xda, 0x16, 0x86, 0x70, 0xff,
    0xe0, 0xb0, 0x7a, 0x4c, 0x3f, 0x66, 0x1f, 0xb9,
    0xf, 0xce, 0x1f, 0xe4, 0x38,

    /* U+004E "N" */
    0xc3, 0xe8, 0x60, 0xfe, 0xd0, 0xfc, 0xe1, 0xfd,
    0x40, 0xfe, 0xd0, 0xfc, 0xe1, 0xfd, 0x40, 0xfe,
    0xd0, 0xfc, 0xe1, 0xfd, 0x4c, 0x3f, 0xb0, 0xfd,
    0x20,

    /* U+004F "O" */
    0x9, 0xac, 0x87, 0x45, 0x6d, 0xa, 0x88, 0x6b,
    0x44, 0x3f, 0x59, 0xc1, 0xff, 0xc8, 0xd0, 0xff,
    0xeb, 0x6d, 0x3, 0xff, 0x8f, 0x60, 0xa2, 0x1a,
    0xd0, 0xa2, 0xb9, 0x0,

    /* U+0050 "P" */
    0xeb, 0x90, 0x35, 0xcc, 0x1f, 0xfc, 0x5d, 0xf,
    0xb4, 0x3c, 0xe3, 0x5c, 0xa1, 0xae, 0xf, 0xff,
    0x20,

    /* U+0051 "Q" */
    0x9, 0xac, 0x87, 0x45, 0x6d, 0xa, 0x88, 0x6b,
    0x44, 0x3f, 0x59, 0xc1, 0xff, 0xc8, 0xd0, 0xff,
    0xeb, 0x6d, 0x3, 0xff, 0x8f, 0x60, 0xa0, 0x75,
    0xa1, 0x4d, 0xd4, 0x87, 0x34, 0x20, 0xfe, 0x48,
    0x3f, 0xd7, 0x50,

    /* U+0052 "R" */
    0xeb, 0xc0, 0x6b, 0xe0, 0xff, 0xe2, 0xe8, 0x7d,
    0xa1, 0xe8, 0xd, 0x5d, 0xc3, 0x53, 0x21, 0xea,
    0x7, 0xed, 0xf, 0x9c, 0x3f, 0x50, 0x3f, 0x90,

    /* U+0053 "S" */
    0x5, 0x70, 0x55, 0xf0, 0x7e, 0x83, 0xff, 0x91,
    0x50, 0x7d, 0x46, 0x43, 0xcc, 0x41, 0xf3, 0x40,
    0xff, 0xe3, 0x50, 0x3a, 0xeb, 0xf2,

    /* U+0054 "T" */
    0x2b, 0x75, 0x81, 0x59, 0xac, 0x1f, 0xff, 0xf0,
    0xff, 0xf1, 0x80,

    /* U+0055 "U" */
    0x83, 0xe8, 0x3f, 0xff, 0xe1, 0xff, 0xc5, 0x43,
    0xf5, 0x3, 0xb8, 0x1d, 0x76, 0x0,

    /* U+0056 "V" */
    0x83, 0xf5, 0xa1, 0xf6, 0xe1, 0xe9, 0xf, 0xfb,
    0x43, 0x38, 0x1c, 0x36, 0x87, 0xff, 0x6, 0x40,
    0xe1, 0xd8, 0x34, 0x3f, 0xf8, 0x72, 0xb0, 0xfb,
    0xc8, 0x7d, 0x87, 0x0,

    /* U+0057 "W" */
    0x50, 0x75, 0x3, 0x91, 0xc3, 0xff, 0x81, 0x87,
    0xec, 0x3f, 0xf8, 0x4a, 0xd0, 0xd8, 0x34, 0x2c,
    0x70, 0x94, 0x7, 0xf, 0xf6, 0x1f, 0xb0, 0x68,
    0x7f, 0xa4, 0xe, 0x1f, 0x68, 0x7e, 0x70, 0xce,
    0x1f, 0xb4, 0x3c, 0xe1, 0xb4, 0x3f, 0x68, 0x67,
    0xf, 0xb0, 0xfd, 0x84,

    /* U+0058 "X" */
    0x20, 0xf4, 0xd, 0xc, 0xe0, 0x70, 0xda, 0x15,
    0x1, 0x40, 0xfd, 0x87, 0xaa, 0x43, 0xf6, 0x1f,
    0xbc, 0x1f, 0x4d, 0x3, 0x98, 0x1a, 0x1b, 0x9,
    0xc2, 0xa0, 0x6a, 0xe, 0x1f, 0x80,

    /* U+0059 "Y" */
    0x83, 0xe8, 0xa0, 0x73, 0x87, 0xed, 0x5, 0x2,
    0x60, 0xd8, 0x58, 0x73, 0xc, 0x1e, 0xdc, 0x3e,
    0x68, 0x1f, 0x90, 0xff, 0xf0, 0x80,

    /* U+005A "Z" */
    0x2b, 0xec, 0x15, 0xee, 0xf, 0xda, 0x1f, 0x50,
    0x3e, 0x70, 0xfd, 0xa1, 0xf5, 0x3, 0xe7, 0xf,
    0xda, 0x1f, 0x50, 0x3e, 0x70, 0xfd, 0xa1, 0xf6,
    0x57, 0xc0,

    /* U+005B "[" */
    0x94, 0x5, 0x7, 0xff, 0xc9, 0x40,

    /* U+005C "\\" */
    0x83, 0xed, 0xf, 0x38, 0x7f, 0xf0, 0xe4, 0x3e,
    0xc3, 0xec, 0x3e, 0x60, 0xff, 0xe1, 0xe8, 0x79,
    0xc3, 0xff, 0x87, 0x21, 0xf6, 0x1f, 0x61, 0xf3,
    0x7, 0xff, 0xe, 0x0,

    /* U+005D "]" */
    0x5a, 0x58, 0x3f, 0xfe, 0x2b, 0x60,

    /* U+005E "^" */
    0x9, 0xf, 0xb8, 0x39, 0xf0, 0x76, 0xa8, 0x3f,
    0xea, 0x2, 0x43, 0xec, 0x70, 0xda,

    /* U+005F "_" */
    0x6b, 0xf8,

    /* U+0060 "`" */
    0xc, 0xa0, 0x22, 0x7, 0x41, 0x20,

    /* U+0061 "a" */
    0x5, 0x60, 0xab, 0xc0, 0x83, 0x68, 0x7f, 0x9a,
    0xb0, 0x45, 0x62, 0x88, 0x7f, 0xf0, 0x90, 0x98,
    0xba, 0x88,

    /* U+0062 "b" */
    0x83, 0xff, 0xc5, 0x59, 0x3, 0x5d, 0xa3, 0x6,
    0xb0, 0xff, 0xf1, 0x28, 0x35, 0x4, 0xae, 0x0,

    /* U+0063 "c" */
    0x3, 0x52, 0x8, 0xa8, 0x8, 0x84, 0x9c, 0x1f,
    0xfd, 0x2d, 0xf, 0x3a, 0x19, 0x22, 0xb2,

    /* U+0064 "d" */
    0xf, 0x94, 0x1f, 0xfd, 0xa6, 0xb0, 0x51, 0x5c,
    0x22, 0x1a, 0x38, 0x3f, 0xfa, 0xda, 0x1f, 0x30,
    0x66, 0x7, 0x58, 0x80,

    /* U+0065 "e" */
    0x3, 0x52, 0x14, 0x54, 0x23, 0xa1, 0x39, 0xa1,
    0xf3, 0x5e, 0x3, 0x5f, 0x7, 0xfb, 0x83, 0xe4,
    0x43, 0x20, 0x8a, 0xc8,

    /* U+0066 "f" */
    0xa, 0x88, 0x2a, 0x43, 0xff, 0x8f, 0x34, 0x4,
    0xd0, 0x3f, 0xfc, 0xa0,

    /* U+0067 "g" */
    0x5, 0x5e, 0x92, 0xb6, 0xca, 0xc3, 0x68, 0x7f,
    0x9c, 0x36, 0x83, 0xa9, 0x82, 0xea, 0x43, 0x61,
    0xfb, 0xf, 0xea, 0xe4, 0x7a, 0xe2, 0xd0, 0xe4,
    0x8, 0x75, 0xc5, 0x79,

    /* U+0068 "h" */
    0x43, 0xec, 0x3f, 0xfa, 0xb5, 0x80, 0xd7, 0x81,
    0x7, 0x90, 0xff, 0xe0, 0xe1, 0xff, 0xdd,

    /* U+0069 "i" */
    0x30, 0x40, 0x41, 0x7, 0xff, 0x40,

    /* U+006A "j" */
    0xb, 0xa, 0x9, 0xa, 0xf, 0xff, 0x23, 0x50,

    /* U+006B "k" */
    0x43, 0xec, 0x3f, 0xfb, 0x12, 0x1c, 0xe8, 0x76,
    0x87, 0x50, 0x3a, 0xf, 0x53, 0x42, 0x71, 0xc2,
    0x50, 0x28, 0x1f, 0x68, 0x79, 0xc0,

    /* U+006C "l" */
    0x83, 0xff, 0xa0, 0x80,

    /* U+006D "m" */
    0x8a, 0xc0, 0x6a, 0x3, 0x5b, 0x66, 0xb0, 0x20,
    0x9a, 0x7, 0x90, 0xe4, 0x3f, 0xff, 0xe1, 0xff,
    0xc4,

    /* U+006E "n" */
    0x8a, 0xc1, 0x57, 0x86, 0xf, 0x21, 0xff, 0xc1,
    0xc3, 0xff, 0xba,

    /* U+006F "o" */
    0x3, 0x58, 0x34, 0x57, 0x1, 0xd0, 0xda, 0x68,
    0x73, 0x87, 0xff, 0x4f, 0x43, 0x9c, 0x74, 0x36,
    0x82, 0x2b, 0x80,

    /* U+0070 "p" */
    0x8a, 0xc8, 0x1a, 0xed, 0x18, 0x35, 0x87, 0xff,
    0x89, 0x41, 0xa8, 0x25, 0x70, 0x4d, 0x60, 0xff,
    0xe9, 0x0,

    /* U+0071 "q" */
    0x3, 0x59, 0x44, 0x57, 0x8, 0x86, 0x8e, 0xf,
    0xfe, 0xb6, 0x87, 0xcc, 0x19, 0xc1, 0xd6, 0x30,
    0xab, 0x21, 0xff, 0xd1,

    /* U+0072 "r" */
    0x8a, 0x25, 0x4a, 0x82, 0x43, 0xff, 0xac,

    /* U+0073 "s" */
    0x5, 0x64, 0xf, 0x50, 0x5a, 0x12, 0xd, 0xf,
    0x24, 0x87, 0x33, 0x40, 0xf5, 0xa1, 0xe7, 0x20,
    0xd6, 0x57, 0x68,

    /* U+0074 "t" */
    0x4, 0x1f, 0xfc, 0x79, 0xa2, 0x9, 0xa2, 0x1f,
    0xfe, 0x8a, 0xc0,

    /* U+0075 "u" */
    0x20, 0xe8, 0x3f, 0xfd, 0x68, 0x7a, 0x4a, 0xf0,

    /* U+0076 "v" */
    0x83, 0xca, 0xa0, 0x76, 0x87, 0xfb, 0x42, 0x70,
    0x38, 0x5a, 0x1f, 0xfc, 0xd, 0x18, 0x33, 0x98,
    0x7c, 0xe1, 0xea, 0x21, 0x0,

    /* U+0077 "w" */
    0x50, 0x6a, 0x6, 0x5b, 0xf, 0xf6, 0x87, 0xbc,
    0x1f, 0x68, 0x16, 0x83, 0xce, 0xc, 0x39, 0xc3,
    0xff, 0x81, 0xa1, 0xce, 0xd, 0xf, 0x4e, 0x81,
    0xcc, 0x3b, 0xf, 0x48, 0x7b, 0xd, 0xa1, 0x0,

    /* U+0078 "x" */
    0x20, 0xca, 0x34, 0x2d, 0x1c, 0x14, 0xa, 0x8e,
    0x1d, 0xe4, 0x3b, 0xf, 0x35, 0x6, 0xc1, 0xa0,
    0xa0, 0x1c, 0x70, 0xd4,

    /* U+0079 "y" */
    0x83, 0xe6, 0x81, 0xd2, 0x1f, 0xed, 0x9, 0xc0,
    0xe1, 0x68, 0x58, 0x7e, 0x61, 0xc3, 0xed, 0xe,
    0xa0, 0x7f, 0x41, 0xff, 0xc3, 0x70, 0xfb, 0x43,
    0x35, 0x7, 0x0,

    /* U+007A "z" */
    0x1a, 0xda, 0x35, 0x94, 0x1d, 0x40, 0xe7, 0xf,
    0x68, 0x75, 0x3, 0x9c, 0x3d, 0xa1, 0xd4, 0xe,
    0x55, 0x72,

    /* U+007B "{" */
    0xa, 0x42, 0x64, 0x2c, 0x3f, 0xf8, 0xb8, 0x7f,
    0xd8, 0x6b, 0xd, 0x61, 0xd8, 0x7f, 0xd8, 0x7f,
    0xf2, 0xf4, 0x32, 0x20,

    /* U+007C "|" */
    0x70, 0xff, 0xe3, 0x80,

    /* U+007D "}" */
    0x54, 0x5, 0x61, 0xc8, 0x7f, 0x21, 0xff, 0xc2,
    0x42, 0x78, 0x2e, 0x2, 0x83, 0xff, 0x84, 0x87,
    0xff, 0x7, 0x45, 0x60,

    /* U+007E "~" */
    0x5, 0x3, 0xea, 0xc8, 0x20, 0x40, 0x8a, 0x80,

    /* U+00B7 "·" */
    0xf, 0x5c, 0x4, 0x40, 0x88,

    /* U+3002 "。" */
    0x4, 0x81, 0x53, 0x1a, 0x9, 0xe, 0xc3, 0x35,
    0xc0,

    /* U+4E00 "一" */
    0x2b, 0xff, 0x8a, 0x0,

    /* U+4E09 "三" */
    0x5, 0x7f, 0xf0, 0x50, 0xab, 0xff, 0x82, 0x87,
    0xff, 0xf2, 0xbf, 0xe0, 0xf5, 0x7f, 0xc1, 0xff,
    0xff, 0xf, 0xfe, 0xb, 0x5f, 0xfc, 0x40,

    /* U+4E0A "上" */
    0xf, 0xfe, 0x62, 0x1f, 0xff, 0xf0, 0xff, 0xe7,
    0xf5, 0xe4, 0x3f, 0xba, 0xf2, 0x1f, 0xff, 0xf0,
    0xff, 0xf0, 0xb5, 0xee, 0xbf, 0x80,

    /* U+4E0B "下" */
    0xf, 0xfe, 0x32, 0xfe, 0xd7, 0xf0, 0xbf, 0xfc,
    0x50, 0xff, 0xf1, 0x48, 0x7f, 0xf1, 0x22, 0xf,
    0xfe, 0x23, 0x30, 0x7f, 0xf1, 0x1a, 0x21, 0xff,
    0xc4, 0x90, 0xff, 0xff, 0x87, 0xff, 0x5c,

    /* U+4E0D "不" */
    0x6b, 0xff, 0x86, 0x35, 0xfb, 0xaf, 0x7, 0xff,
    0x3b, 0x43, 0xff, 0x85, 0x21, 0xff, 0xc2, 0xa0,
    0x24, 0x3f, 0xd4, 0xa, 0x20, 0xfd, 0x40, 0xe6,
    0x88, 0x75, 0x3, 0xf4, 0x20, 0x98, 0x3f, 0xc8,
    0xa9, 0xf, 0xfe, 0x2, 0xc1, 0xff, 0xff, 0xf,
    0xe0,

    /* U+4E24 "两" */
    0x17, 0xff, 0x86, 0x21, 0xa0, 0xd0, 0x79, 0x7a,
    0x5d, 0x2f, 0x7, 0xff, 0x1d, 0xaf, 0xfe, 0x10,
    0x3a, 0x9a, 0xcd, 0x60, 0xff, 0xe6, 0x21, 0x90,
    0xff, 0xa8, 0x15, 0x3, 0xf9, 0x52, 0x2a, 0x81,
    0xfb, 0xd, 0x82, 0x43, 0xd4, 0x3, 0x40, 0xb0,
    0xe7, 0x9, 0x83, 0x41, 0xca, 0x9, 0xf, 0xfe,
    0xd5, 0x40,

    /* U+4E2A "个" */
    0xf, 0xfe, 0x84, 0x1f, 0xfc, 0x54, 0x43, 0xff,
    0x8b, 0x7, 0xff, 0x12, 0x46, 0xf, 0xfe, 0xd,
    0x2, 0xa0, 0x7f, 0x95, 0x2, 0x4, 0xa0, 0xfa,
    0x10, 0xf9, 0x20, 0xcd, 0x10, 0xfe, 0x68, 0x81,
    0x83, 0xff, 0x83, 0x21, 0xff, 0xff, 0xf, 0xff,
    0xf8, 0x40,

    /* U+4E2D "中" */
    0xf, 0xa0, 0xff, 0xec, 0xd7, 0xcd, 0x79, 0x2b,
    0xcd, 0x7b, 0xf, 0xff, 0xfb, 0x5e, 0x6b, 0xca,
    0xaf, 0x35, 0xe6, 0xf, 0xfe, 0xc, 0x1f, 0xff,
    0x0,

    /* U+4E5F "也" */
    0xf, 0xf4, 0x1f, 0xfc, 0x4, 0x3f, 0xf8, 0xd8,
    0x7f, 0xf4, 0x54, 0x1f, 0xfc, 0x26, 0x86, 0x1f,
    0xf2, 0xea, 0x21, 0xf9, 0xa2, 0xe0, 0xfe, 0x64,
    0xa2, 0x1f, 0x61, 0x2a, 0x50, 0x7f, 0xf0, 0x90,
    0xff, 0xe0, 0xa8, 0x3f, 0xf8, 0xb8, 0x7f, 0xf0,
    0xda, 0x61, 0xff, 0xc3, 0x68, 0x87, 0xff, 0x6,
    0xf, 0x41, 0xff, 0xcc, 0xc3, 0xff, 0x8c, 0xd7,
    0xff, 0x4,

    /* U+4E8C "二" */
    0x5, 0x7f, 0xf0, 0x43, 0x57, 0xff, 0x4, 0x3f,
    0xff, 0xe1, 0xff, 0xff, 0xe, 0x6b, 0xff, 0x88,

    /* U+4E8E "于" */
    0xf, 0xfe, 0x3a, 0xfb, 0x5f, 0x6, 0x5f, 0xfe,
    0x8, 0x7f, 0xfe, 0xab, 0xf3, 0x5f, 0xfc, 0x46,
    0xbf, 0x7, 0xff, 0xfc, 0x3f, 0xfa, 0x6d, 0x41,
    0xfc,

    /* U+4E94 "五" */
    0x1a, 0xee, 0xbe, 0x9, 0xae, 0x6b, 0xe0, 0xff,
    0xe7, 0x61, 0xff, 0xc3, 0x50, 0x7f, 0xf0, 0xf0,
    0xff, 0xe0, 0x35, 0x35, 0xf0, 0x73, 0x53, 0x5e,
    0xc3, 0xff, 0x9d, 0x87, 0x21, 0xfc, 0xa0, 0xf2,
    0x1f, 0xb0, 0xff, 0xe5, 0xe1, 0x97, 0xff, 0x95,
    0xaf, 0xb5, 0xc0,

    /* U+4EA4 "交" */
    0xf, 0xd0, 0x7f, 0xf1, 0x64, 0x3f, 0xf9, 0xed,
    0x7d, 0xd7, 0xc0, 0x6b, 0xff, 0x86, 0x1e, 0x43,
    0xca, 0xf, 0xc8, 0x7c, 0xa8, 0x3d, 0x28, 0x3f,
    0x50, 0x35, 0x0, 0x87, 0x40, 0xa0, 0x50, 0x58,
    0x67, 0xa, 0xf, 0xa4, 0x2d, 0xf, 0xfe, 0x1d,
    0x3, 0xff, 0x82, 0xd3, 0xf, 0xfe, 0x22, 0x1f,
    0xfc, 0x3a, 0x64, 0x1f, 0xe6, 0x60, 0x35, 0x21,
    0x9a, 0x12, 0x1d, 0x42, 0x88, 0x28, 0x87, 0xf3,
    0x44,

    /* U+4EBA "人" */
    0xf, 0xc8, 0x7f, 0xf1, 0x70, 0xff, 0xeb, 0xa1,
    0xff, 0xd7, 0x50, 0x7f, 0xf0, 0xdf, 0x7, 0xff,
    0xf, 0x43, 0xff, 0x8d, 0x87, 0xff, 0x9, 0xc6,
    0xf, 0xfe, 0xe, 0x87, 0xff, 0x13, 0xa, 0x81,
    0xff, 0x48, 0x6c, 0x3f, 0xd4, 0xe, 0x60, 0xfd,
    0x61, 0xf5, 0x3, 0xd4, 0x43, 0xf5, 0x2, 0x68,
    0x1f, 0xf5, 0x43, 0x7, 0xff, 0x6, 0x80,

    /* U+4EC5 "仅" */
    0xf, 0x21, 0xff, 0xc5, 0x50, 0x7f, 0xf1, 0x72,
    0xbf, 0xb0, 0xf3, 0x17, 0x5f, 0x21, 0xec, 0x2c,
    0x3f, 0xf8, 0x30, 0x6c, 0x3e, 0xc3, 0x38, 0x65,
    0x7, 0x48, 0x48, 0x87, 0x61, 0xff, 0x21, 0xec,
    0x35, 0x3, 0x21, 0xf3, 0x5, 0x87, 0xff, 0xb,
    0x4, 0x87, 0xff, 0x9, 0xa8, 0x3f, 0xf8, 0xa8,
    0x7f, 0xf1, 0x1e, 0x43, 0xff, 0x85, 0xa, 0x10,
    0xff, 0x9a, 0x20, 0x48, 0x3f, 0xa2, 0xe, 0x68,
    0x87, 0x44, 0x87, 0xe9, 0x0,

    /* U+4ECD "仍" */
    0xf, 0xfe, 0x54, 0x1f, 0xfc, 0x5c, 0x56, 0xbd,
    0x7, 0x94, 0x2f, 0xc6, 0x1e, 0x83, 0xfc, 0x87,
    0x48, 0x7f, 0x61, 0xec, 0x3f, 0xf8, 0x92, 0x1f,
    0xe6, 0xa0, 0x41, 0xff, 0x74, 0xc3, 0xfb, 0xf,
    0xb0, 0xfc, 0x87, 0xff, 0x19, 0xf, 0xfe, 0x26,
    0x1f, 0xfc, 0x5c, 0x3f, 0xf8, 0x92, 0x1f, 0xfc,
    0x4c, 0x3f, 0x38, 0x7a, 0x43, 0x35, 0x68, 0x68,
    0x83, 0x9a, 0xc0,

    /* U+4EE4 "令" */
    0xf, 0xe4, 0x3f, 0xf8, 0xac, 0x1f, 0xfc, 0x44,
    0xe0, 0xff, 0xe1, 0x22, 0x4a, 0xf, 0xf9, 0x10,
    0x92, 0xf, 0xe9, 0x42, 0x80, 0xd0, 0x3c, 0xd0,
    0x24, 0x42, 0x98, 0x29, 0x83, 0x90, 0xe6, 0x80,
    0x83, 0xf2, 0x1e, 0x83, 0x35, 0xfe, 0xd0, 0xf3,
    0x5f, 0xdc, 0x87, 0xff, 0xd, 0x10, 0xff, 0x21,
    0x91, 0xf, 0xf9, 0x91, 0x10, 0xff, 0xe0, 0xc7,
    0x90, 0xff, 0xe1, 0xb8, 0x7f, 0xf1, 0xe8, 0x1f,
    0xfc, 0x68, 0x3e,

    /* U+4EE5 "以" */
    0xf, 0xfe, 0x94, 0x1a, 0xc, 0x87, 0xff, 0x15,
    0xe, 0xc3, 0xf9, 0xc3, 0x21, 0xff, 0x50, 0x32,
    0x1f, 0xf6, 0x16, 0x1f, 0xfc, 0x4, 0x3f, 0xfb,
    0x38, 0x7f, 0xf0, 0xe4, 0x3f, 0xf9, 0xd2, 0x14,
    0x21, 0xe6, 0x64, 0xf, 0x8, 0x4b, 0x48, 0x48,
    0x88, 0x81, 0xc3, 0x91, 0x9, 0xc3, 0xe6, 0x50,
    0x75, 0x3, 0xe8, 0x3f, 0x40,

    /* U+4EFB "任" */
    0xf, 0x21, 0xff, 0xc5, 0x50, 0x79, 0xa2, 0x1f,
    0x62, 0xa9, 0xaa, 0x88, 0x7a, 0x8b, 0x51, 0x41,
    0xfe, 0x44, 0x3f, 0xf8, 0x72, 0x1f, 0xfc, 0x4a,
    0x7, 0xff, 0x12, 0x81, 0xff, 0xc5, 0xc2, 0x6b,
    0x9a, 0xf0, 0x10, 0x9a, 0xe6, 0xbc, 0x1f, 0xff,
    0xf0, 0xff, 0xf1, 0x2f, 0x6b, 0xe0,

    /* U+4F1A "会" */
    0xf, 0xfe, 0x76, 0x87, 0xff, 0xe, 0xc4, 0x3f,
    0xf8, 0x34, 0x11, 0xf, 0xfa, 0x81, 0x2a, 0xf,
    0xd3, 0x7, 0xa8, 0x86, 0x68, 0x57, 0xf1, 0x22,
    0x43, 0x5f, 0x86, 0x2, 0x83, 0xff, 0x84, 0x87,
    0xff, 0x22, 0xbd, 0xd7, 0xe4, 0x15, 0xc7, 0x5f,
    0x90, 0xf3, 0x86, 0x43, 0xfe, 0xd0, 0xcc, 0x1f,
    0xd4, 0xf, 0x50, 0x3e, 0xa0, 0x16, 0xa8, 0xc3,
    0xb2, 0x50, 0xaa, 0xdc, 0x1b, 0xa2, 0xc1, 0xf4,
    0x0,

    /* U+4F4D "位" */
    0xf, 0xf2, 0x1f, 0xf4, 0x1d, 0x87, 0xff, 0x16,
    0x43, 0xf9, 0x83, 0xc8, 0x7f, 0x60, 0x6b, 0xf8,
    0x34, 0x13, 0x5f, 0xc1, 0x38, 0x64, 0x3c, 0x86,
    0xd0, 0xca, 0xc, 0x86, 0x60, 0xf6, 0x1c, 0x84,
    0x87, 0xff, 0x3, 0xf, 0xfe, 0x96, 0x1f, 0xfc,
    0x64, 0xe, 0x1f, 0xfc, 0x4, 0x32, 0x1f, 0xfc,
    0x4c, 0x3f, 0xf8, 0x48, 0x7f, 0xf0, 0x5a, 0xf1,
    0x58,

    /* U+4F55 "何" */
    0xe, 0x43, 0xff, 0x8d, 0x87, 0xff, 0x15, 0x9a,
    0xfe, 0xe0, 0xec, 0x6b, 0xf9, 0x83, 0x50, 0x3f,
    0xf8, 0xa8, 0x7f, 0xf1, 0x64, 0x2e, 0xb8, 0x3e,
    0x60, 0xcd, 0x60, 0xff, 0xe7, 0xa1, 0xff, 0xf2,
    0x6b, 0x61, 0xff, 0xc1, 0x6b, 0x21, 0xff, 0xc1,
    0x83, 0xff, 0xbd, 0x5b, 0xe, 0x83, 0xf5, 0x64,
    0x0,

    /* U+4F59 "余" */
    0xf, 0xe8, 0x3f, 0xf8, 0xb6, 0x87, 0xff, 0xe,
    0x88, 0x87, 0xff, 0x6, 0x80, 0x54, 0x1f, 0xf5,
    0x3, 0xa8, 0x87, 0xca, 0x83, 0xe8, 0x83, 0x32,
    0x56, 0xeb, 0x13, 0x5, 0xd, 0x66, 0xb2, 0x30,
    0x10, 0xff, 0xed, 0x57, 0xcd, 0x7c, 0x85, 0x5f,
    0x35, 0xf2, 0x1e, 0x43, 0xe8, 0x3f, 0x90, 0xfd,
    0x40, 0xf9, 0x10, 0xfd, 0x44, 0x34, 0xa0, 0xff,
    0x58, 0x68, 0x26, 0x81, 0xf4, 0x0,

    /* U+4F5C "作" */
    0xe, 0x42, 0x43, 0xff, 0x80, 0xa0, 0xff, 0xe2,
    0x61, 0x48, 0x7f, 0xcc, 0x13, 0x75, 0xe0, 0xd0,
    0x57, 0x35, 0xe0, 0xa4, 0xe, 0x1f, 0xf3, 0x85,
    0xa1, 0xfe, 0x44, 0x14, 0x9, 0xae, 0x40, 0x85,
    0x6, 0x6b, 0x91, 0xf, 0xff, 0x9b, 0x5e, 0xf,
    0xf9, 0xaf, 0x7, 0xff, 0xac,

    /* U+4F7F "使" */
    0xe, 0x83, 0xa0, 0xff, 0xe0, 0x61, 0xff, 0xc5,
    0x9a, 0xe6, 0xbc, 0x1d, 0x95, 0xcd, 0x78, 0x36,
    0x87, 0xff, 0x11, 0x9, 0xac, 0xd7, 0x21, 0x68,
    0x3a, 0xcd, 0x76, 0xa, 0x7, 0xff, 0x16, 0xf,
    0xfe, 0xf7, 0x59, 0xae, 0xc3, 0xe7, 0xa9, 0xae,
    0x43, 0xf6, 0x7, 0xf, 0xfe, 0x15, 0x1d, 0xf,
    0xfe, 0x1d, 0x3, 0xff, 0x88, 0xdd, 0x41, 0xff,
    0x33, 0x2, 0x8d, 0x10, 0xe8, 0x60, 0xf3, 0x45,
    0x0,

    /* U+4FDD "保" */
    0xe, 0x43, 0xff, 0x8d, 0x95, 0xfe, 0xf, 0x30,
    0x2b, 0xf0, 0x7d, 0x87, 0xff, 0x17, 0x83, 0xff,
    0x88, 0x87, 0xff, 0x1b, 0x43, 0x55, 0xd6, 0xc2,
    0xa0, 0x6a, 0xcd, 0x64, 0xc, 0x1f, 0xfc, 0x54,
    0x3f, 0xc8, 0x7f, 0xf0, 0x1a, 0xd9, 0xd6, 0x43,
    0xcd, 0x73, 0x5c, 0x87, 0xfa, 0x46, 0xf, 0xfe,
    0xd, 0x2, 0xa0, 0x7f, 0x9a, 0x7, 0x50, 0x3f,
    0x44, 0x1f, 0x50, 0x3e, 0x90, 0xfe, 0x90,

    /* U+4FE1 "信" */
    0xe, 0x43, 0x21, 0xff, 0xc5, 0x60, 0xff, 0x48,
    0x76, 0x1f, 0xfc, 0xa, 0xee, 0xb9, 0xb, 0x8a,
    0xff, 0x90, 0xff, 0xe4, 0x48, 0x4d, 0x7e, 0x9,
    0xc3, 0x35, 0xf8, 0x2d, 0xf, 0xfe, 0x24, 0x1c,
    0xd7, 0xe0, 0xfe, 0x6b, 0xf0, 0x7f, 0x57, 0xf0,
    0x7f, 0xab, 0xed, 0xf, 0xff, 0x93, 0x5f, 0x83,
    0xa0, 0xba, 0xfb, 0x40,

    /* U+4FEE "修" */
    0xf, 0xf9, 0xf, 0xf9, 0xe, 0x90, 0xff, 0xb0,
    0xca, 0xaf, 0x21, 0x98, 0x35, 0x7c, 0x21, 0xa0,
    0xd7, 0x83, 0x38, 0x65, 0x1, 0xa1, 0x44, 0x44,
    0x36, 0x17, 0x5, 0x79, 0x41, 0xa8, 0x1f, 0x37,
    0xa8, 0x13, 0x7, 0x32, 0xa5, 0x51, 0x84, 0x3c,
    0xc8, 0x24, 0xc, 0x1f, 0xf4, 0xc0, 0x43, 0xff,
    0x80, 0xc8, 0x24, 0x3f, 0xf8, 0x8, 0x26, 0x2,
    0x1f, 0xe6, 0x64, 0x12, 0x1f, 0x40, 0x64, 0xd,
    0x3, 0xff, 0x82, 0xca, 0x83, 0xfe, 0xa2, 0xa4,
    0x38,

    /* U+5019 "候" */
    0xc, 0x87, 0xff, 0x1b, 0x9, 0xaf, 0x83, 0xec,
    0x26, 0xbc, 0x1f, 0x28, 0x3f, 0xf8, 0xb8, 0x7f,
    0xd8, 0x72, 0x8, 0x6b, 0xee, 0x42, 0xc3, 0x37,
    0xab, 0xc8, 0x1c, 0x3d, 0xa1, 0xfd, 0xa1, 0xe5,
    0xb5, 0xc1, 0x41, 0xeb, 0x5f, 0x83, 0xf9, 0xc3,
    0xff, 0x8a, 0x8b, 0xf8, 0x3f, 0xf8, 0xe8, 0x7b,
    0x2, 0xc5, 0xae, 0xf, 0x21, 0x91, 0xd0, 0xff,
    0xe0, 0xc2, 0x24, 0x1f, 0xe6, 0x88, 0x4c, 0xa0,

    /* U+5047 "假" */
    0xc, 0x87, 0xff, 0x17, 0x3a, 0xc5, 0x70, 0x76,
    0x35, 0x2, 0xb0, 0x74, 0x87, 0xff, 0x11, 0xf,
    0xfe, 0x22, 0x1f, 0xfc, 0x5d, 0x3, 0x50, 0x2b,
    0x4, 0xe1, 0x35, 0x8a, 0xe0, 0x68, 0x7e, 0x6b,
    0x81, 0x6, 0x6a, 0x51, 0x50, 0x7e, 0x6a, 0x43,
    0xff, 0x8f, 0x23, 0x7, 0xff, 0xb, 0x30, 0xfc,
    0xd4, 0x82, 0xe0, 0xfc, 0xd4, 0x82, 0x50, 0x7f,
    0xf0, 0xaa, 0x10, 0xff, 0xa6, 0x2, 0x41, 0x40,
    0x82, 0x90, 0xcc,

    /* U+505C "停" */
    0xe, 0x43, 0x90, 0xff, 0xb0, 0xec, 0x3f, 0xcc,
    0xd6, 0x2b, 0xc1, 0xb1, 0xaf, 0xf8, 0x2a, 0x5,
    0x5f, 0x83, 0x90, 0xea, 0xf0, 0x74, 0x87, 0xff,
    0xd, 0x83, 0xd5, 0xe0, 0xff, 0xab, 0xf0, 0x48,
    0x6e, 0xbf, 0xe0, 0xf3, 0x5f, 0xe0, 0xfb, 0x6a,
    0xeb, 0x18, 0x79, 0x55, 0x35, 0x84, 0x3f, 0xfe,
    0x6a, 0xf, 0xf4, 0x1c, 0xa8, 0x3c,

    /* U+50A8 "储" */
    0xc, 0x87, 0xd0, 0x7f, 0x64, 0x1f, 0xe4, 0x36,
    0x48, 0xd1, 0xa3, 0x21, 0x28, 0x33, 0x46, 0x8e,
    0x1a, 0x9, 0xf, 0xa4, 0x25, 0x7, 0xfa, 0x81,
    0xb0, 0x54, 0x54, 0xed, 0x45, 0x1, 0x40, 0x54,
    0xfa, 0xa3, 0xf, 0xea, 0x7, 0x90, 0xfd, 0x35,
    0xc1, 0xfc, 0xd7, 0xd8, 0x7f, 0x30, 0x7f, 0xf1,
    0xeb, 0xc1, 0xff, 0xc0, 0xaf, 0x7, 0xf2, 0x83,
    0xff, 0x84, 0xb8, 0xaf, 0x7, 0xce, 0x15, 0x78,
    0x34, 0x1f, 0x21, 0x90,

    /* U+5141 "允" */
    0xf, 0xc8, 0x7f, 0xf1, 0xb0, 0xff, 0xe2, 0xd0,
    0x3f, 0xf8, 0x8c, 0x1a, 0xf, 0xf9, 0xf, 0x48,
    0x7f, 0xb4, 0x3e, 0x43, 0xf5, 0x3, 0xf4, 0x1f,
    0x65, 0x3a, 0x3a, 0x70, 0x7b, 0xa9, 0xa2, 0xe2,
    0x43, 0xfb, 0xf, 0xc8, 0x7f, 0xf3, 0xd4, 0x1f,
    0xfc, 0x5c, 0x3f, 0xf8, 0xd8, 0x7f, 0xa0, 0xf4,
    0x87, 0xff, 0x12, 0x81, 0xff, 0xc2, 0x66, 0xf,
    0x75, 0xd8, 0x19, 0xf, 0x9a, 0xe4,

    /* U+5148 "先" */
    0xf, 0xd0, 0x7f, 0xf0, 0x60, 0xff, 0xe2, 0x30,
    0x7f, 0xf1, 0x2b, 0x9a, 0xf2, 0x1d, 0x5c, 0xd7,
    0x90, 0xd2, 0x1f, 0xfc, 0x37, 0xf, 0xfe, 0x22,
    0x83, 0xff, 0x88, 0xbf, 0xfc, 0x40, 0xf6, 0x8,
    0x10, 0x7c, 0xb8, 0x5f, 0xf8, 0x3f, 0xfb, 0xae,
    0x1f, 0xe4, 0x3b, 0x43, 0xfd, 0x86, 0xa0, 0x7f,
    0xf0, 0xa6, 0xf, 0xd5, 0xb0, 0x48, 0x7e, 0xae,
    0x40,

    /* U+5165 "入" */
    0xf, 0xfe, 0x6c, 0x1f, 0xfc, 0x6a, 0x21, 0xff,
    0xc5, 0xb0, 0xff, 0xe3, 0x58, 0x7f, 0xf1, 0xd0,
    0xff, 0xe2, 0x36, 0x1f, 0xfc, 0x4d, 0xd0, 0xff,
    0xe2, 0xb8, 0x7f, 0xf0, 0x98, 0x1a, 0x1f, 0xfc,
    0x1c, 0x27, 0xf, 0xfe, 0x3, 0x6, 0xd0, 0xff,
    0xb0, 0xe7, 0xf, 0xf5, 0x3, 0xd4, 0xf, 0xd4,
    0xf, 0xda, 0x1e, 0xa0, 0x7f, 0x24, 0x13, 0x40,
    0xff, 0x9e, 0x3, 0x7, 0xff, 0x5, 0x80,

    /* U+5168 "全" */
    0xf, 0xfe, 0x86, 0x1f, 0xfc, 0x56, 0x43, 0xff,
    0x86, 0x8b, 0x7, 0xff, 0x5, 0x10, 0x90, 0xff,
    0x91, 0x9, 0x50, 0x7f, 0x42, 0x1e, 0xa0, 0x7d,
    0x44, 0x3f, 0x51, 0xa, 0xbf, 0x75, 0xe2, 0x5,
    0xa, 0xe6, 0xb8, 0x60, 0xff, 0xef, 0xd7, 0x35,
    0xc8, 0x7d, 0x5c, 0xd7, 0x21, 0xff, 0xf1, 0x7f,
    0xe7, 0xfe, 0x40,

    /* U+516D "六" */
    0xf, 0x90, 0xff, 0xe2, 0xa8, 0x3f, 0xf8, 0xb8,
    0x7f, 0xf1, 0x74, 0x3f, 0xf8, 0x88, 0x7f, 0x35,
    0xfb, 0xaf, 0x86, 0xbf, 0xf8, 0x81, 0xff, 0xde,
    0x83, 0x94, 0x1f, 0xd4, 0xe, 0x70, 0xff, 0xe2,
    0xd0, 0x3e, 0xa0, 0x7e, 0x90, 0xe7, 0xf, 0xf6,
    0x1d, 0xa1, 0xfe, 0xa0, 0x54, 0xf, 0xfe, 0x6,
    0x96, 0x1f, 0xfc, 0x17, 0x24, 0x3f, 0xf8, 0x50,

    /* U+5171 "共" */
    0xe, 0x43, 0xc8, 0x7f, 0xb0, 0xf6, 0x1f, 0xfd,
    0xfa, 0x9a, 0xf3, 0x58, 0x2a, 0x9a, 0xf3, 0x58,
    0x3f, 0xff, 0xcb, 0xd2, 0xff, 0xc2, 0xee, 0x5e,
    0xd7, 0x83, 0xff, 0x96, 0xa0, 0xe8, 0x3f, 0x91,
    0xe, 0xa2, 0x1e, 0x84, 0x3e, 0x84, 0x26, 0x88,
    0x7f, 0x24, 0x6, 0xf, 0xfe, 0x3, 0x0,

    /* U+5173 "关" */
    0xf, 0xfe, 0x54, 0x1f, 0x41, 0xfd, 0x21, 0xec,
    0x3f, 0xd8, 0x74, 0x87, 0x9a, 0x8a, 0xd9, 0x52,
    0x13, 0x5e, 0x2e, 0xb2, 0x1f, 0xfe, 0xda, 0xf9,
    0xaf, 0x90, 0x57, 0xee, 0xbc, 0x87, 0xe9, 0xc3,
    0xff, 0x87, 0x94, 0xf, 0xfe, 0xc, 0x82, 0x81,
    0xfe, 0x68, 0x1a, 0x81, 0xfa, 0x20, 0xf5, 0x10,
    0xd5, 0x21, 0xfa, 0x24, 0x14, 0xf, 0xf9, 0x90,

    /* U+518D "再" */
    0x1a, 0xfb, 0xaf, 0x90, 0x35, 0xf3, 0x5f, 0x21,
    0xff, 0xcb, 0x6b, 0x9a, 0xf0, 0x7b, 0xae, 0x6b,
    0x83, 0xff, 0xc2, 0xd7, 0x35, 0xc8, 0x79, 0xae,
    0x6b, 0x90, 0xff, 0xef, 0x51, 0xae, 0x2b, 0x9a,
    0x2, 0x8d, 0x7f, 0xcd, 0x3, 0xff, 0xcf, 0x56,
    0x1e, 0x83, 0xf5, 0x48, 0x40,

    /* U+5199 "写" */
    0x2b, 0xff, 0x86, 0x82, 0xae, 0xbf, 0xd8, 0x76,
    0x1f, 0xfc, 0xc, 0x2c, 0x3f, 0xd8, 0x82, 0xeb,
    0xf0, 0x10, 0xea, 0xfe, 0xf, 0xfe, 0x66, 0x1f,
    0xfc, 0x4e, 0xbf, 0xc1, 0xea, 0xff, 0x61, 0xff,
    0xc3, 0x50, 0x55, 0xff, 0x7, 0xab, 0xfe, 0x30,
    0xff, 0xea, 0xe1, 0xff, 0x35, 0x90, 0xff, 0x9a,
    0xc1, 0x80,

    /* U+51C6 "准" */
    0xf, 0xfe, 0x2a, 0x1e, 0x82, 0x83, 0x98, 0x3b,
    0xb, 0x43, 0xa4, 0x28, 0x58, 0xb, 0x7, 0x94,
    0x1a, 0xf, 0x90, 0x6b, 0xfe, 0xe, 0xa0, 0x7f,
    0xf0, 0x9c, 0x6b, 0x35, 0x83, 0x28, 0x6b, 0x35,
    0x83, 0xff, 0x92, 0x87, 0xff, 0xe, 0x40, 0xd6,
    0x6b, 0x7, 0xcd, 0x66, 0xb0, 0x28, 0x1f, 0xfd,
    0x3a, 0x6, 0x6b, 0x35, 0x98, 0x39, 0xad, 0xd6,
    0x40,

    /* U+51ED "凭" */
    0xf, 0xfe, 0x64, 0x1f, 0x98, 0x3e, 0x65, 0xa9,
    0xad, 0x7, 0xf2, 0xd4, 0x58, 0x3f, 0x68, 0x7f,
    0xf1, 0x24, 0x6b, 0x9a, 0xe4, 0x14, 0x3, 0x5c,
    0xd7, 0x20, 0x83, 0xff, 0xbd, 0x5c, 0xd7, 0x7,
    0x40, 0xae, 0xeb, 0x83, 0xea, 0xfc, 0x1f, 0xfc,
    0xa, 0xf9, 0xf, 0xff, 0x1b, 0x87, 0xfd, 0x6,
    0x44, 0x3f, 0xf8, 0x4c, 0x21, 0xfb, 0xa8, 0x26,
    0x43, 0xfa, 0xb8,

    /* U+51FB "击" */
    0xf, 0xc8, 0x7f, 0xf1, 0x30, 0xff, 0xe7, 0xd7,
    0x9a, 0xf0, 0x6a, 0xf3, 0x5e, 0xf, 0xff, 0x4b,
    0x5f, 0x35, 0xf2, 0xab, 0xe6, 0xbe, 0x40, 0x87,
    0xfc, 0x86, 0xc3, 0xfe, 0xc3, 0xff, 0xd9, 0x5c,
    0xd7, 0x21, 0xab, 0xdd, 0x72, 0x0,

    /* U+521B "创" */
    0xf, 0x21, 0xfc, 0x87, 0x38, 0x7f, 0x61, 0xdd,
    0x3, 0x21, 0xfa, 0x84, 0x85, 0x87, 0xce, 0x19,
    0xf, 0xe4, 0x42, 0x44, 0x3e, 0x44, 0x39, 0xc3,
    0xf3, 0xd6, 0xc8, 0x3e, 0x4a, 0xf0, 0x7f, 0xf5,
    0x70, 0xff, 0xe9, 0xd3, 0xb, 0xf, 0xf5, 0x10,
    0x90, 0xff, 0xe1, 0x41, 0xff, 0xc4, 0xc3, 0xfb,
    0xaf, 0x20, 0xa8,

    /* U+5220 "删" */
    0xf, 0xfe, 0x3f, 0x4c, 0x1d, 0x30, 0xd0, 0x1a,
    0x20, 0xa9, 0xf, 0xfe, 0x3c, 0x1f, 0xff, 0xb5,
    0xf5, 0x17, 0x7, 0x2f, 0xa8, 0xb8, 0x3f, 0xfc,
    0x2a, 0xf, 0xfe, 0x54, 0x1b, 0xd, 0x87, 0xfa,
    0x43, 0xff, 0x8d, 0xc, 0x36, 0x14, 0x8, 0x14,
    0x40, 0xc8, 0x54,

    /* U+5230 "到" */
    0xf, 0xfe, 0x2a, 0xd2, 0xf0, 0x74, 0x2f, 0xf1,
    0x7, 0xce, 0x1f, 0xfc, 0x2c, 0x28, 0x3f, 0xd4,
    0xa, 0x81, 0xfa, 0x2b, 0x22, 0x1f, 0x75, 0xcc,
    0x1f, 0x90, 0xa0, 0x90, 0xff, 0xe5, 0xd6, 0x6a,
    0x43, 0xea, 0xcd, 0x48, 0x7f, 0xf5, 0x60, 0xfe,
    0x6a, 0x43, 0xcd, 0x4f, 0x52, 0x1e, 0x6a, 0x43,
    0xe6, 0x81, 0xff, 0xc1, 0x6a,

    /* U+524D "前" */
    0x9, 0xf, 0xe4, 0x3c, 0xc1, 0xf4, 0x87, 0xd4,
    0xf, 0x61, 0xab, 0x8a, 0xef, 0x54, 0xd7, 0xfd,
    0xd6, 0x43, 0xff, 0x8c, 0xd7, 0x61, 0x20, 0x50,
    0x55, 0xc8, 0x7f, 0xf3, 0xfa, 0xe4, 0x3f, 0xdd,
    0x72, 0x1f, 0xfc, 0xfe, 0xb9, 0xf, 0xf7, 0x5c,
    0x87, 0xff, 0x21, 0xf, 0xfe, 0x7d, 0x3, 0xa9,
    0xa0, 0x42, 0xa8, 0x35, 0x40,

    /* U+5269 "剩" */
    0xf, 0xf2, 0x1f, 0xcb, 0x56, 0xf, 0x40, 0x5c,
    0x54, 0x87, 0xe4, 0x3f, 0xd0, 0x66, 0xb3, 0x5c,
    0x1e, 0x69, 0xcd, 0xd4, 0x1f, 0xd8, 0x58, 0x10,
    0xf9, 0x60, 0xcc, 0x87, 0xcb, 0x6, 0x60, 0xfe,
    0x50, 0x7c, 0x87, 0x2e, 0x10, 0x22, 0x1e, 0x51,
    0x2, 0x82, 0x21, 0xfd, 0x34, 0x14, 0x1f, 0xd4,
    0x4, 0x40, 0x83, 0xd4, 0xc, 0xd0, 0x3c, 0xd0,
    0x3e, 0x83, 0xcc, 0x1f, 0xf5, 0x3, 0xe8, 0x3e,
    0xa8,

    /* U+529F "功" */
    0xf, 0xfe, 0x8a, 0x1f, 0xfc, 0xd5, 0xb5, 0x83,
    0xfe, 0x5f, 0x82, 0xc3, 0xff, 0x85, 0x53, 0x5d,
    0x87, 0xea, 0x9a, 0xe4, 0x3f, 0xfc, 0x78, 0x7f,
    0xf1, 0x10, 0xff, 0xe0, 0x34, 0x6, 0x87, 0x60,
    0x61, 0xa0, 0x7e, 0x40, 0xaa, 0x6, 0xa0, 0x79,
    0x10, 0xfb, 0xf, 0x61, 0xfd, 0x21, 0xff, 0xc2,
    0x54, 0x15, 0x6c, 0x3e, 0x50, 0x6a, 0xc8,

    /* U+52A0 "加" */
    0xc, 0x87, 0xff, 0x17, 0xf, 0xfe, 0xf4, 0xba,
    0x5, 0x4d, 0x58, 0x4b, 0xb0, 0x54, 0xd6, 0xf,
    0xfe, 0x2e, 0x1f, 0xfc, 0x1c, 0x3f, 0xfa, 0xc8,
    0x7f, 0xf1, 0x90, 0xff, 0xe2, 0x61, 0xff, 0xd7,
    0xc3, 0xff, 0x89, 0x21, 0xff, 0xcd, 0x6b, 0x81,
    0x40, 0x56, 0x3, 0x5c, 0x8, 0x2a, 0x82, 0x83,
    0x20,

    /* U+52A8 "动" */
    0xf, 0xfe, 0x8c, 0x1d, 0x5f, 0x7, 0xfa, 0xbe,
    0xf, 0xfe, 0xbd, 0x4d, 0x5d, 0x7e, 0x2b, 0xe6,
    0xae, 0xb0, 0x7f, 0xca, 0xf, 0x94, 0x1e, 0xc2,
    0x43, 0x61, 0xff, 0x61, 0xff, 0x30, 0x5a, 0x1f,
    0xb3, 0xc, 0xe1, 0x61, 0xf3, 0x52, 0x14, 0x84,
    0x8e, 0xd4, 0xc1, 0xf9, 0x60, 0xfa, 0x81, 0xb0,
    0xfe, 0x70, 0x55, 0x87, 0xf2, 0x81, 0x52, 0x0,

    /* U+52FF "勿" */
    0xe, 0x43, 0xff, 0x8b, 0x87, 0xff, 0x11, 0xc3,
    0xff, 0x89, 0x74, 0xea, 0xea, 0xc3, 0x35, 0x9a,
    0x9a, 0xc8, 0x5a, 0x16, 0x1f, 0x90, 0x30, 0x52,
    0x1f, 0xf6, 0x1f, 0xd8, 0x7a, 0x81, 0x30, 0x4a,
    0xf, 0x41, 0xb0, 0xd8, 0x6c, 0x3c, 0xc1, 0xb0,
    0xff, 0xb0, 0xd2, 0x1f, 0xea, 0x7, 0xff, 0xe,
    0x81, 0xa8, 0x1f, 0xd4, 0xc, 0xe1, 0xec, 0x28,
    0x3b, 0x43, 0x94, 0x1f, 0xa8, 0x15, 0x58, 0x7f,
    0x41, 0xab, 0x0,

    /* U+5371 "危" */
    0xf, 0x41, 0xff, 0xc4, 0x9a, 0xe4, 0x3f, 0xee,
    0xb6, 0x87, 0xf5, 0x3, 0xb0, 0xfe, 0xa0, 0x75,
    0x3, 0xf4, 0xd7, 0x8a, 0xf2, 0x51, 0xaf, 0xfe,
    0xa, 0x41, 0x9a, 0xfc, 0x1f, 0xea, 0xf8, 0x3f,
    0xff, 0x35, 0x83, 0x9c, 0x3e, 0xa8, 0x3d, 0xa1,
    0xff, 0xc1, 0x81, 0x87, 0xff, 0x12, 0x42, 0x6b,
    0xfe, 0x20, 0xea, 0xff, 0x0,

    /* U+5373 "即" */
    0x2b, 0xe0, 0x35, 0xb0, 0xab, 0x82, 0xeb, 0x21,
    0xff, 0xd8, 0x6b, 0x90, 0xff, 0x35, 0xc8, 0x7f,
    0xf8, 0x1a, 0xe0, 0xff, 0x9a, 0xf0, 0x7f, 0xf0,
    0x90, 0xff, 0xe2, 0x30, 0x7a, 0x43, 0xf2, 0x1e,
    0x98, 0x33, 0x3c, 0x1f, 0xe6, 0x64, 0xc3, 0xfd,
    0xc1, 0x90, 0xfe,

    /* U+539F "原" */
    0xa, 0xbf, 0xf8, 0x48, 0x5d, 0x7b, 0xaf, 0x21,
    0xfe, 0xc3, 0xff, 0x80, 0xd5, 0x95, 0xc1, 0xf7,
    0x57, 0x5c, 0x1f, 0xfc, 0xfa, 0xfe, 0x43, 0xf5,
    0x7f, 0x21, 0x90, 0xff, 0xe3, 0x20, 0xad, 0xd6,
    0x43, 0xea, 0xe6, 0xb6, 0x1b, 0xc, 0x87, 0x21,
    0xfe, 0x90, 0xe5, 0x7, 0x60, 0xa0, 0x7c, 0xc1,
    0x49, 0x40, 0xfe, 0xa0, 0x30, 0x40, 0x58, 0x3d,
    0x0,

    /* U+53CC "双" */
    0xf, 0xfe, 0x43, 0x5d, 0x8f, 0x5d, 0x84, 0xd7,
    0x85, 0x57, 0x21, 0xfd, 0x83, 0xf, 0xf2, 0x1f,
    0x28, 0x36, 0x1c, 0x85, 0x85, 0x85, 0x21, 0x9c,
    0xa, 0xf, 0xfe, 0x15, 0xc, 0x36, 0x16, 0x1f,
    0x68, 0x73, 0x12, 0x1f, 0x34, 0xf, 0xb0, 0xfe,
    0x60, 0xef, 0x21, 0xf9, 0xf0, 0x7f, 0xf1, 0x35,
    0x41, 0xbd, 0x7, 0xd4, 0x6, 0x82, 0x86, 0x87,
    0x38, 0x4a, 0x28, 0x7, 0x42, 0x44, 0x32, 0xa0,
    0xd1, 0x4, 0x87, 0x28, 0x3c, 0xc0,

    /* U+53D1 "发" */
    0xf, 0xe4, 0x3f, 0xf8, 0x30, 0x48, 0x68, 0x3f,
    0xf8, 0x3a, 0x15, 0x3, 0xe7, 0xf, 0xea, 0x7,
    0xb4, 0x3f, 0xd0, 0x79, 0xab, 0x6b, 0xf0, 0x77,
    0x53, 0xd7, 0xe0, 0xff, 0xe7, 0xaa, 0xbd, 0x87,
    0xfb, 0x6b, 0xc8, 0x7f, 0x34, 0x43, 0x38, 0x7f,
    0x61, 0xf6, 0x87, 0xea, 0x1, 0x81, 0x40, 0xfd,
    0x40, 0xd5, 0x83, 0xf5, 0x3, 0xf2, 0x1f, 0x50,
    0x39, 0x54, 0x20, 0xf4, 0x1a, 0x58, 0xc, 0xc8,
    0x7c, 0xc8, 0x79, 0x94, 0x0,

    /* U+53D6 "取" */
    0x2e, 0xb7, 0x21, 0xfe, 0x9a, 0xcc, 0x57, 0xc1,
    0xff, 0x37, 0x5b, 0xf, 0xfe, 0xe, 0x1b, 0xe,
    0xac, 0x87, 0xff, 0xa, 0xb2, 0x1f, 0xb0, 0xff,
    0xe0, 0xe1, 0x28, 0x3f, 0xf8, 0x2a, 0x6, 0x1e,
    0xac, 0x86, 0xc7, 0xf, 0x56, 0x43, 0x66, 0x87,
    0xff, 0xd, 0xf0, 0x7f, 0xcc, 0x86, 0x43, 0x95,
    0x45, 0xa4, 0x17, 0x7, 0x3d, 0x14, 0x1a, 0xca,
    0x7, 0xff, 0x6, 0xd0, 0x68, 0x7f, 0xce, 0x84,
    0x90, 0x7e, 0x85, 0x7, 0x30,

    /* U+53D7 "受" */
    0xf, 0xfe, 0x12, 0x83, 0xcb, 0x57, 0x2e, 0xc,
    0xa1, 0x57, 0x52, 0x84, 0x33, 0xa1, 0xfd, 0x21,
    0xd4, 0x9, 0x41, 0xb0, 0xfb, 0xf, 0xd2, 0x1a,
    0xae, 0xb7, 0x51, 0x58, 0x15, 0xff, 0xc3, 0xf,
    0xfe, 0x46, 0x5d, 0x7f, 0x81, 0x89, 0x4e, 0xbe,
    0xf0, 0x10, 0xce, 0x1e, 0x74, 0x3f, 0x50, 0x33,
    0xc1, 0xfe, 0xa2, 0x24, 0x1f, 0xfc, 0xb, 0xc2,
    0x1f, 0xfc, 0x6, 0xf1, 0x21, 0xf9, 0x95, 0x23,
    0x14, 0x42, 0x5a, 0x43, 0xcd, 0x14, 0x0,

    /* U+53D8 "变" */
    0xf, 0xc8, 0x7f, 0xf3, 0x5a, 0xee, 0xfa, 0xb9,
    0x55, 0xcd, 0x3a, 0xf2, 0x19, 0xf, 0xc8, 0x7a,
    0x43, 0xf9, 0xc, 0xe1, 0xfc, 0xe1, 0xb4, 0x3f,
    0xd4, 0xa, 0xf, 0xfe, 0x4, 0x1f, 0x41, 0x21,
    0xfa, 0xeb, 0xfb, 0xe, 0xb2, 0xbe, 0xe0, 0xfa,
    0x81, 0xc8, 0x87, 0xea, 0x20, 0x84, 0x3f, 0xd1,
    0xe9, 0xf, 0xf9, 0x3a, 0x21, 0xf3, 0x45, 0x86,
    0x55, 0x10, 0x2a, 0x88, 0x79, 0xa2, 0x0,

    /* U+53EA "只" */
    0x9, 0xaf, 0xf9, 0xe, 0xeb, 0xfe, 0xc3, 0xff,
    0xfe, 0x1f, 0xfd, 0xba, 0xff, 0x83, 0xd5, 0xff,
    0xc1, 0xf, 0xfe, 0x74, 0x1d, 0x7, 0xfa, 0x81,
    0xd4, 0xf, 0xd4, 0xf, 0xa8, 0x87, 0x50, 0x3f,
    0xa1, 0x3, 0x40, 0xff, 0x91, 0x18, 0x3f, 0xf8,
    0x2a,

    /* U+53EF "可" */
    0xf, 0xfe, 0x3a, 0xff, 0xf0, 0x75, 0x1, 0x7f,
    0xf8, 0x81, 0xff, 0xc9, 0xaf, 0x90, 0xff, 0xab,
    0xd8, 0x7f, 0xff, 0xc3, 0xff, 0x9a, 0xd7, 0xb0,
    0xff, 0x35, 0xe4, 0x3f, 0xd0, 0x7f, 0xf7, 0xeb,
    0x61, 0x0,

    /* U+53F0 "台" */
    0xf, 0x21, 0xff, 0xc2, 0x50, 0x7f, 0xf0, 0x50,
    0xff, 0xe2, 0x21, 0xa0, 0xfd, 0x21, 0xd4, 0x43,
    0xa8, 0x1f, 0x58, 0x4d, 0xae, 0xae, 0x30, 0x78,
    0x5d, 0x5e, 0xe2, 0x50, 0x7f, 0xd0, 0x55, 0xff,
    0x6, 0x7a, 0xfe, 0xd0, 0xff, 0xfc, 0x57, 0xfc,
    0x1d, 0x5f, 0xf0, 0x65, 0x7, 0xf2, 0x80,

    /* U+53F7 "号" */
    0x3, 0x5f, 0xf0, 0x7a, 0xbf, 0xc1, 0xff, 0xdd,
    0xaf, 0xf0, 0x79, 0xaf, 0xf8, 0x3f, 0xf9, 0xd,
    0x5d, 0x7f, 0xc3, 0x53, 0x5f, 0xf0, 0x67, 0xf,
    0xfe, 0x1f, 0xab, 0xf6, 0x1e, 0xaf, 0xf2, 0x1f,
    0xfd, 0x47, 0xf, 0xfe, 0x1e, 0x87, 0xfd, 0x5b,
    0xf, 0xfe, 0x5, 0x64, 0x30,

    /* U+540D "名" */
    0xf, 0x90, 0xff, 0xe0, 0xc8, 0x7f, 0xf0, 0x26,
    0xbe, 0xc3, 0x5e, 0xaf, 0x78, 0x2a, 0x21, 0xfe,
    0x68, 0x21, 0xcb, 0x1, 0x80, 0xc1, 0x22, 0x1f,
    0xa8, 0xc2, 0x1f, 0xee, 0x88, 0x7f, 0x51, 0xc3,
    0xf3, 0x60, 0xaf, 0xb5, 0xa6, 0xbf, 0xca, 0xf,
    0xff, 0x1b, 0x5f, 0xe0, 0xcd, 0x7f, 0x83, 0x41,
    0xfc, 0x80,

    /* U+540E "后" */
    0xf, 0xfe, 0x12, 0x83, 0xf9, 0x55, 0x91, 0xe,
    0xd7, 0xab, 0x28, 0x3c, 0xb8, 0x3f, 0xfa, 0x8d,
    0x7f, 0xf0, 0x50, 0x9a, 0xff, 0xe0, 0xa1, 0xff,
    0xde, 0xaf, 0xf0, 0x76, 0xe, 0xbf, 0x61, 0x90,
    0xff, 0xe3, 0x21, 0xff, 0xc4, 0xc3, 0xff, 0x8b,
    0x87, 0xff, 0x12, 0x42, 0xaf, 0xf0, 0x7e, 0xaf,
    0xf0, 0x0,

    /* U+542F "启" */
    0xf, 0xfe, 0x74, 0x1f, 0xfc, 0x48, 0x3f, 0xdd,
    0x7f, 0xd8, 0x66, 0xbf, 0xe4, 0x3f, 0xfb, 0x4d,
    0x7f, 0xc1, 0xcd, 0x7f, 0xf0, 0x3, 0xff, 0x93,
    0x95, 0xff, 0x4, 0x85, 0x5f, 0xda, 0x12, 0x1f,
    0xfc, 0x3c, 0x3f, 0xfa, 0x8c, 0x6, 0xbf, 0xc0,
    0xc2, 0x6b, 0xfc, 0x8, 0x28, 0x3f, 0x94,

    /* U+5468 "周" */
    0xa, 0xbf, 0xf8, 0x28, 0x6a, 0xee, 0xbb, 0xf,
    0xf6, 0x1f, 0xfc, 0x6, 0xa6, 0xb0, 0x7e, 0x6a,
    0x6b, 0x7, 0xff, 0x36, 0xb3, 0x59, 0xf, 0xab,
    0x75, 0x90, 0xff, 0xe6, 0xf5, 0xf0, 0x7b, 0x5,
    0x7c, 0x1e, 0x50, 0x7f, 0xf0, 0xf0, 0xff, 0xe4,
    0x57, 0xd8, 0x66, 0xa, 0xbe, 0x43, 0x61, 0x90,
    0xe6, 0x9a, 0x41, 0xfe, 0x6a, 0x0,

    /* U+548C "和" */
    0xf, 0xfe, 0x42, 0xaa, 0x43, 0xfc, 0xb1, 0x44,
    0xaf, 0x80, 0x87, 0xea, 0xe0, 0xff, 0xec, 0x56,
    0x6a, 0x43, 0xf5, 0x59, 0x52, 0x1f, 0xf6, 0xc1,
    0xff, 0xc1, 0x62, 0x81, 0xff, 0xc0, 0xc2, 0xa0,
    0x7f, 0xa8, 0x1b, 0xf, 0xe7, 0xe, 0x43, 0xfc,
    0x87, 0xff, 0xd, 0xf, 0xcd, 0x72, 0x1f, 0xe6,
    0xb9, 0xf, 0xf6, 0x1d, 0x0,

    /* U+5668 "器" */
    0x3, 0x5c, 0x15, 0x72, 0x1d, 0x58, 0x37, 0x58,
    0x3f, 0xfc, 0x15, 0x83, 0x75, 0x83, 0x9a, 0xf0,
    0x2e, 0xa4, 0x3f, 0xd8, 0x4b, 0x7, 0x35, 0xde,
    0xa7, 0x7a, 0xa0, 0x35, 0x8e, 0xac, 0xae, 0xe,
    0x54, 0x1d, 0x30, 0x7a, 0xfa, 0x81, 0x53, 0x3c,
    0x82, 0x3a, 0x83, 0x75, 0x72, 0xb, 0xf, 0xff,
    0x6d, 0x64, 0x2a, 0xec, 0x0,

    /* U+56DB "四" */
    0xf, 0xfe, 0x34, 0xbb, 0x5b, 0x5d, 0x83, 0x5f,
    0xfe, 0x10, 0x7f, 0xf3, 0x30, 0xff, 0xea, 0x28,
    0x3f, 0xf8, 0x78, 0x7f, 0xf5, 0x28, 0x1b, 0xa9,
    0xe, 0xa0, 0x73, 0x52, 0x19, 0x83, 0xff, 0x86,
    0x87, 0xff, 0xe, 0xbf, 0xf8, 0x48, 0x2b, 0xff,
    0x84, 0x87, 0xff, 0x12, 0x0,

    /* U+56DE "回" */
    0x2b, 0xff, 0x86, 0xe, 0xbf, 0xf8, 0x38, 0x7f,
    0xf7, 0x2b, 0xe0, 0xff, 0xab, 0x83, 0xff, 0xfe,
    0x19, 0xae, 0x43, 0xfd, 0xd7, 0x61, 0xff, 0xdc,
    0xaf, 0xfe, 0x18, 0x2b, 0xff, 0x86, 0x0,

    /* U+5728 "在" */
    0xf, 0xfe, 0x5c, 0x1f, 0xfc, 0xfa, 0xed, 0xaf,
    0xe6, 0xb9, 0xeb, 0xf9, 0xc, 0xc1, 0x90, 0xff,
    0x61, 0xff, 0xc3, 0xe0, 0xff, 0xe1, 0x21, 0xff,
    0xc3, 0x44, 0x15, 0xfe, 0x11, 0xa, 0xbf, 0xc2,
    0x83, 0xff, 0xfe, 0x1f, 0xfc, 0x1a, 0xf7, 0x59,

    /* U+5730 "地" */
    0x9, 0xf, 0xd0, 0x7e, 0xc3, 0xff, 0x95, 0x7,
    0xff, 0x35, 0xf, 0xfe, 0x1b, 0x40, 0x2f, 0x7,
    0x99, 0x90, 0x2f, 0x4, 0xca, 0x83, 0xfe, 0x51,
    0x21, 0xff, 0xc0, 0x96, 0xf, 0xfe, 0x14, 0x1f,
    0xfd, 0x56, 0x43, 0xe5, 0x6, 0x51, 0x21, 0xf2,
    0xa0, 0x4e, 0x87, 0xd0, 0x64, 0x83, 0xff, 0x87,
    0x87, 0xff, 0x3b, 0xaf, 0xe0,

    /* U+5740 "址" */
    0xc, 0x87, 0xe4, 0x3f, 0xb0, 0xff, 0xf8, 0x21,
    0xff, 0x34, 0x68, 0x61, 0xff, 0x34, 0x68, 0x1f,
    0xfc, 0xda, 0xe0, 0xff, 0xe1, 0x57, 0x7, 0xff,
    0x81, 0x83, 0xff, 0x87, 0xc, 0x1f, 0xfc, 0x19,
    0xa0, 0x7f, 0xf0, 0xe4, 0x3f, 0xfb, 0xb4, 0x2b,
    0x75, 0x80,

    /* U+5747 "均" */
    0x9, 0xf, 0xfe, 0x2e, 0x1e, 0x83, 0xff, 0x8b,
    0x87, 0xff, 0x13, 0xd5, 0xe0, 0xff, 0x57, 0xd8,
    0x28, 0xd1, 0x24, 0x3f, 0xa8, 0xd1, 0xa2, 0x1f,
    0xfc, 0x38, 0x60, 0xff, 0xe2, 0xd0, 0x36, 0x1f,
    0xfc, 0xa, 0x7, 0xff, 0x16, 0x10, 0xfe, 0x43,
    0x99, 0xf, 0xa8, 0x84, 0xcc, 0x1e, 0x8a, 0x1,
    0x98, 0x3e, 0x68, 0x1d, 0x7, 0xf2, 0x1e, 0x43,
    0xce, 0x1f, 0xfc, 0x6, 0xad, 0xf, 0xfe, 0x3,
    0x58, 0x0,

    /* U+589E "增" */
    0x9, 0xe, 0x43, 0xfd, 0x87, 0x61, 0xa0, 0xff,
    0xa4, 0xc, 0x1f, 0xdd, 0x3b, 0xd5, 0x7, 0xcd,
    0xd1, 0xa8, 0xc, 0xd0, 0x2c, 0x34, 0x13, 0x34,
    0xa, 0x80, 0x70, 0xff, 0xe0, 0x40, 0x50, 0x7f,
    0x35, 0x9a, 0x83, 0xf7, 0x5b, 0xac, 0x1f, 0x9a,
    0xf2, 0x1f, 0xdd, 0x7b, 0xe, 0x60, 0xff, 0xe0,
    0xc3, 0x1, 0xaf, 0x20, 0x68, 0x19, 0xaf, 0x20,
    0x43, 0xff, 0x96, 0xd7, 0x90,

    /* U+5904 "处" */
    0xf, 0xfe, 0x2, 0x1f, 0xe8, 0x3e, 0xc3, 0xff,
    0xa2, 0xd5, 0x87, 0xff, 0x5, 0xae, 0xf, 0xfe,
    0xc, 0x85, 0x86, 0x43, 0xff, 0x8e, 0x87, 0x99,
    0xb, 0xc, 0x88, 0x76, 0xe0, 0x50, 0x72, 0x1c,
    0xc6, 0xc, 0x3e, 0x60, 0x90, 0x2d, 0x87, 0xe8,
    0x3e, 0xf2, 0x1f, 0xfc, 0x4d, 0xf, 0xfe, 0x2f,
    0xa0, 0xff, 0xe1, 0xd0, 0xa0, 0x50, 0x7f, 0x50,
    0x29, 0x90, 0xfd, 0x30, 0x73, 0x2d, 0x52, 0x9,
    0xf, 0xe5, 0x54, 0x80,

    /* U+5907 "备" */
    0xf, 0x90, 0xff, 0xe2, 0x48, 0x7f, 0xf0, 0xf2,
    0xbd, 0xc1, 0xf4, 0xf5, 0xdb, 0x7, 0xaa, 0x10,
    0x92, 0xf, 0x30, 0x12, 0x65, 0x7, 0xc8, 0x7a,
    0xf, 0xfe, 0xb, 0x17, 0x32, 0x1c, 0xd1, 0x52,
    0x13, 0x2a, 0x88, 0x2f, 0x56, 0xeb, 0x7a, 0x44,
    0xeb, 0x9a, 0xe0, 0xff, 0xe6, 0x35, 0xcd, 0x6f,
    0x7, 0x35, 0xcd, 0x6f, 0x7, 0xff, 0x75, 0xae,
    0x6b, 0x78, 0x3b, 0xae, 0xeb, 0x70, 0x0,

    /* U+590D "复" */
    0xe, 0x43, 0xff, 0x8a, 0x87, 0xff, 0x1a, 0xeb,
    0xfe, 0xe, 0xba, 0xff, 0xe0, 0x6, 0xa3, 0x5f,
    0xe4, 0x33, 0x1d, 0x7f, 0xb0, 0xc8, 0x7f, 0xf2,
    0xab, 0xfc, 0x1f, 0xd5, 0xfe, 0xf, 0xdd, 0xd7,
    0xec, 0x3e, 0x66, 0xbf, 0x21, 0xfb, 0x2b, 0xec,
    0x3f, 0x4d, 0x7d, 0xc1, 0xe6, 0xb2, 0x1a, 0x10,
    0xf3, 0x2, 0x26, 0xa4, 0x3f, 0xf8, 0x58, 0x10,
    0xf9, 0x55, 0x2a, 0xb3, 0x59, 0x9, 0xa9, 0xf,
    0x56, 0x40,

    /* U+5931 "失" */
    0xf, 0xc8, 0x7f, 0xf0, 0x50, 0xb0, 0xff, 0xe0,
    0x28, 0x3f, 0xf8, 0x98, 0x7f, 0xf1, 0x12, 0xb3,
    0x5e, 0xe, 0xeb, 0x9a, 0xf0, 0x6a, 0x7, 0xff,
    0x13, 0xf, 0xfe, 0x2a, 0x1f, 0xfc, 0x46, 0xbd,
    0xbd, 0x7c, 0x35, 0xf7, 0x5f, 0x83, 0xf6, 0x1f,
    0xfc, 0x46, 0x18, 0x3f, 0xf8, 0x8, 0x6d, 0xf,
    0xf2, 0x21, 0x22, 0x1f, 0xa1, 0xe, 0x48, 0x3a,
    0x64, 0x3e, 0x66, 0x41, 0x21, 0xff, 0x32, 0x0,

    /* U+5934 "头" */
    0xf, 0xe4, 0x3f, 0xc8, 0x76, 0x1f, 0xe5, 0x41,
    0xff, 0xc3, 0x65, 0x7, 0xff, 0xd, 0x41, 0xff,
    0x50, 0x3f, 0xf8, 0x75, 0x21, 0xff, 0xc3, 0x90,
    0xff, 0xe8, 0x35, 0xf9, 0xaf, 0x9a, 0xfb, 0xd5,
    0xf0, 0x7e, 0xc3, 0xff, 0x86, 0xcc, 0x1f, 0xfc,
    0x4, 0xc, 0xa0, 0xfe, 0x74, 0x25, 0x41, 0xe6,
    0x20, 0xf5, 0x10, 0x50, 0x90, 0xfd, 0x9, 0x44,
    0x3f, 0xe5, 0x0,

    /* U+59CB "始" */
    0xc, 0x87, 0xc8, 0x7f, 0xf1, 0xb0, 0xfe, 0x50,
    0x7a, 0x81, 0xfd, 0x87, 0xd8, 0x10, 0xea, 0x34,
    0xc2, 0x90, 0x30, 0x6a, 0xf0, 0x28, 0x1a, 0x43,
    0xfc, 0xe1, 0xec, 0x32, 0x81, 0x97, 0x59, 0x5c,
    0x16, 0x1d, 0xd7, 0x2d, 0x85, 0x85, 0x87, 0xf9,
    0x2, 0x12, 0x81, 0xd7, 0xb0, 0x92, 0x30, 0x9a,
    0xf2, 0x19, 0xb0, 0xff, 0xe3, 0x22, 0x1f, 0xfc,
    0x37, 0x84, 0x3f, 0xf8, 0x28, 0x8a, 0xf, 0xfe,
    0x4, 0x21, 0xcd, 0x79, 0xa, 0x43, 0xdd, 0x7b,
    0x0,

    /* U+5B50 "子" */
    0x5, 0x7f, 0xf0, 0x43, 0xab, 0xfe, 0xf0, 0x7f,
    0xf0, 0xe5, 0x7, 0xff, 0x5, 0x50, 0x7f, 0xf0,
    0x59, 0x41, 0xff, 0xc2, 0xe0, 0xff, 0xf0, 0x57,
    0xe6, 0xbf, 0x15, 0xf9, 0xaf, 0xc1, 0xff, 0xff,
    0xf, 0xfe, 0x43, 0x50, 0x7f, 0xf0, 0x9a, 0xc1,
    0xfc,

    /* U+5B57 "字" */
    0xf, 0xc8, 0x7f, 0xf1, 0x50, 0xfd, 0x5f, 0x75,
    0xf2, 0xa, 0xfb, 0xaf, 0x61, 0xff, 0xc6, 0xc1,
    0x5f, 0xc8, 0x31, 0x5, 0x7e, 0xc2, 0x43, 0xfe,
    0x84, 0x3f, 0xf8, 0xd, 0x10, 0xff, 0xe0, 0x24,
    0x1e, 0x6b, 0xff, 0x86, 0xaa, 0xfd, 0xd7, 0x90,
    0xff, 0xff, 0x4e, 0x1f, 0x80,

    /* U+5B58 "存" */
    0xf, 0x90, 0xff, 0xe3, 0x61, 0xff, 0xc0, 0x6b,
    0x9a, 0xfe, 0x9, 0xac, 0x75, 0xfc, 0x1f, 0xfc,
    0xea, 0x7, 0xff, 0x17, 0x5, 0x7d, 0xa1, 0xed,
    0x5, 0x7b, 0x90, 0xe9, 0xf, 0xd2, 0x83, 0xaf,
    0x7, 0xd4, 0xf, 0x5a, 0x1f, 0x38, 0x7d, 0x21,
    0x35, 0xff, 0x7, 0xcd, 0x7f, 0xc1, 0xff, 0xf6,
    0x69, 0xa1, 0xe0,

    /* U+5B89 "安" */
    0xf, 0xc8, 0x7f, 0xf1, 0x30, 0xfe, 0x6b, 0xcd,
    0x7c, 0xe, 0xbd, 0xd7, 0xb0, 0xfc, 0x87, 0xfb,
    0xf, 0xfe, 0x22, 0x19, 0x41, 0xf2, 0xa, 0xff,
    0xe1, 0xa5, 0x63, 0xae, 0x2a, 0x43, 0x30, 0x73,
    0x7, 0xff, 0xf, 0xf, 0xce, 0x86, 0xa0, 0x7e,
    0x65, 0x4d, 0x87, 0xff, 0x1, 0xa3, 0x87, 0xff,
    0x1, 0xbd, 0x50, 0x7e, 0x62, 0xa, 0xb0, 0x4c,
    0xa9, 0xf, 0x54, 0x6, 0x43, 0xfe, 0x80,

    /* U+5B8C "完" */
    0xf, 0xfe, 0x6a, 0x83, 0xff, 0x88, 0xe1, 0xfe,
    0xaf, 0x8e, 0xbc, 0x85, 0x5f, 0x75, 0xec, 0x3f,
    0xfb, 0x50, 0xd7, 0xf8, 0x10, 0x66, 0xbf, 0xc1,
    0xff, 0xca, 0x6b, 0xff, 0x86, 0x8d, 0x77, 0x51,
    0x5c, 0x87, 0x94, 0x1f, 0xfc, 0x4c, 0x3f, 0xfa,
    0xcc, 0x1f, 0xe4, 0x32, 0x1f, 0xfc, 0x36, 0x50,
    0x77, 0x5c, 0x13, 0x7, 0xcd, 0x72, 0x0,

    /* U+5B9A "定" */
    0xf, 0xc8, 0x7f, 0xf1, 0x70, 0xff, 0x57, 0xc5,
    0x7c, 0x85, 0x5f, 0xfc, 0x2c, 0x3f, 0xfb, 0x51,
    0x5d, 0xd7, 0x24, 0x1a, 0xb9, 0xae, 0x43, 0xff,
    0x9a, 0x87, 0xff, 0x11, 0x41, 0xab, 0xc1, 0xe8,
    0x3a, 0xbc, 0x1e, 0x50, 0x7f, 0xf0, 0xdb, 0xf,
    0xfe, 0x1e, 0x50, 0x3f, 0xf8, 0x2c, 0xa, 0x21,
    0xfe, 0x43, 0xa4, 0xaf, 0xc2, 0x83, 0xd5, 0xfc,
    0x0,

    /* U+5BC6 "密" */
    0xf, 0xe4, 0x3f, 0xf8, 0xb8, 0x7f, 0x57, 0xe6,
    0xbe, 0xa, 0xbb, 0xba, 0xf0, 0x7f, 0x30, 0x4a,
    0xe, 0xc3, 0x45, 0x4, 0x41, 0x81, 0x20, 0xea,
    0x9, 0x8, 0x4c, 0x19, 0xa2, 0xa, 0x4, 0x86,
    0x62, 0xa, 0x28, 0x12, 0x31, 0x21, 0xf4, 0x15,
    0x1a, 0xfe, 0xe, 0x68, 0x6, 0x9d, 0x41, 0xf9,
    0xe, 0xc3, 0x90, 0xec, 0x3f, 0xec, 0x3f, 0xf9,
    0x8b, 0xff, 0x7, 0xa5, 0xed, 0x78, 0x20,

    /* U+5C06 "将" */
    0xf, 0xfe, 0x54, 0x1e, 0x83, 0xff, 0x89, 0x40,
    0xff, 0xe1, 0xdd, 0x6c, 0xa, 0xe, 0x54, 0xd6,
    0x40, 0x88, 0x4b, 0xc1, 0x50, 0x27, 0x9, 0x2,
    0x2d, 0x7, 0x41, 0xfb, 0x50, 0x7f, 0xcd, 0x18,
    0x10, 0x7f, 0x2a, 0x81, 0xff, 0x40, 0xeb, 0xe6,
    0x81, 0x50, 0x15, 0xf9, 0xa0, 0x28, 0x1c, 0x87,
    0xf5, 0x3, 0xe4, 0x3f, 0x41, 0xf3, 0x87, 0xff,
    0x16, 0x43, 0xff, 0x8a, 0x87, 0xff, 0x1a, 0xac,
    0x20,

    /* U+5C1A "尚" */
    0xf, 0x90, 0xfd, 0x7, 0x61, 0xd0, 0x24, 0x3f,
    0x9c, 0x3f, 0xf8, 0x48, 0x4c, 0x1f, 0x48, 0x74,
    0x1f, 0x41, 0x4b, 0xed, 0x7d, 0xb, 0xff, 0xc1,
    0xf, 0xfe, 0x47, 0x5e, 0xf, 0xcd, 0x70, 0x7f,
    0xf6, 0xda, 0xe0, 0xfe, 0x6b, 0xc1, 0xfa, 0xf,
    0xfe, 0x4d, 0x58,

    /* U+5C31 "就" */
    0xf, 0xf9, 0xf, 0xf4, 0x1e, 0xc3, 0xff, 0x91,
    0x4, 0xd4, 0x54, 0x87, 0x50, 0xd, 0x7c, 0x87,
    0xa0, 0x9a, 0xf1, 0x46, 0xb2, 0xe, 0xb8, 0x14,
    0x6b, 0x21, 0xff, 0xd3, 0x43, 0xda, 0xb5, 0x61,
    0x61, 0xf2, 0xfc, 0x5, 0x7, 0xe8, 0x28, 0x2c,
    0x3f, 0x30, 0x52, 0x1f, 0xf6, 0x1d, 0x8e, 0x1f,
    0x38, 0x74, 0x68, 0x72, 0x28, 0x3c, 0xc1, 0xff,
    0x21, 0x21, 0x9a, 0xb0, 0xcc, 0x5, 0x6, 0xac,
    0x0,

    /* U+5DF2 "已" */
    0x2b, 0xff, 0x82, 0x85, 0x5f, 0xfc, 0x1c, 0x3f,
    0xf9, 0x28, 0x7f, 0xf1, 0x30, 0xff, 0xf3, 0x35,
    0xff, 0x7, 0x35, 0xff, 0x61, 0xff, 0xc4, 0x43,
    0xff, 0xae, 0x87, 0xff, 0x13, 0xf, 0xfe, 0xa3,
    0x3, 0xaf, 0xfe, 0x0, 0x0,

    /* U+5E93 "库" */
    0xf, 0xe4, 0x3f, 0xf8, 0xca, 0xf, 0xf3, 0x5f,
    0xfc, 0x30, 0xba, 0xfb, 0xaf, 0x83, 0xfd, 0x7,
    0xff, 0x1b, 0xf, 0xfe, 0x15, 0x5e, 0xaf, 0x83,
    0xea, 0xff, 0xe0, 0x7, 0xf4, 0x81, 0xf, 0xfe,
    0xb, 0x87, 0xff, 0x16, 0xeb, 0xf2, 0x1f, 0xba,
    0xfe, 0x43, 0xff, 0x97, 0x8d, 0x7f, 0xf0, 0x40,
    0x81, 0xaf, 0xfe, 0x8, 0x34, 0x3f, 0xf8, 0xb8,
    0x7f, 0xf1, 0x90, 0xfe, 0x43, 0xe0,

    /* U+5EFA "建" */
    0xf, 0xf2, 0x1f, 0x96, 0x83, 0xb0, 0xfc, 0xb8,
    0x15, 0x35, 0xc1, 0xcc, 0xa, 0x9a, 0xc1, 0xed,
    0x55, 0x9a, 0xcc, 0x13, 0xd, 0x66, 0xb3, 0x7,
    0xff, 0x22, 0xec, 0x6a, 0x6b, 0x61, 0x54, 0x8d,
    0x4d, 0x64, 0x24, 0x33, 0x53, 0x59, 0xb, 0xc,
    0xd4, 0xd6, 0x42, 0x95, 0x87, 0xff, 0xf, 0xca,
    0xac, 0xd7, 0x21, 0x68, 0xd6, 0x6b, 0x90, 0xba,
    0x7, 0xff, 0x9, 0xda, 0x21, 0x41, 0xfb, 0x41,
    0x35, 0xfe, 0x18, 0x3a, 0xbf, 0xc0,

    /* U+5F00 "开" */
    0x2b, 0x75, 0xee, 0xa4, 0x15, 0x9a, 0xf3, 0x52,
    0x1f, 0xff, 0xf0, 0xff, 0xe2, 0x35, 0x9a, 0xf3,
    0x58, 0x6b, 0xfe, 0x6b, 0x7, 0x21, 0xff, 0xc5,
    0xd0, 0xff, 0xea, 0xb0, 0x7f, 0xf1, 0x30, 0xff,
    0xe2, 0x50, 0x3f, 0xf8, 0x4a, 0x83, 0xff, 0x86,
    0xa0, 0xff, 0x41, 0xc0,

    /* U+5F53 "当" */
    0xf, 0x90, 0xfc, 0x87, 0x61, 0xc8, 0x30, 0xff,
    0xb0, 0x50, 0x3f, 0xa8, 0x16, 0x87, 0xec, 0x32,
    0x1f, 0xa4, 0x39, 0xf, 0xa0, 0xd5, 0xe6, 0xbc,
    0xa, 0xf7, 0x5d, 0x87, 0xff, 0x51, 0xaf, 0xfe,
    0x0, 0x1a, 0xff, 0xe0, 0x7, 0xff, 0x89, 0xaf,
    0xfe, 0x8,

    /* U+5F55 "录" */
    0x5, 0x7f, 0xf0, 0x3, 0xd5, 0xff, 0x68, 0x7f,
    0xf1, 0x50, 0xe6, 0xbf, 0xe0, 0xf3, 0x5f, 0xf0,
    0x7f, 0xf1, 0x70, 0xcd, 0x7d, 0xd6, 0x68, 0x8d,
    0x7c, 0xd6, 0xe8, 0x85, 0x7, 0x21, 0xd0, 0x74,
    0xc1, 0x30, 0x1a, 0x7, 0x99, 0xa, 0x89, 0x7,
    0xf2, 0xa4, 0xf2, 0x1f, 0xcc, 0xc8, 0xe8, 0x7d,
    0x2a, 0xe, 0x54, 0x86, 0x64, 0x3f, 0xa2, 0x40,
    0x84, 0xd0, 0x3c, 0xc8, 0x79, 0xa8, 0x3f, 0x80,

    /* U+5F85 "待" */
    0xe, 0x43, 0xc8, 0x7f, 0x94, 0x1e, 0xc3, 0xf9,
    0xf, 0xfe, 0x2c, 0x20, 0x6b, 0x35, 0x82, 0x64,
    0x46, 0xb3, 0x58, 0x24, 0x2c, 0x3f, 0xf8, 0xbc,
    0x2f, 0xfc, 0x1a, 0x40, 0xbd, 0xb8, 0xa0, 0x9c,
    0x3f, 0xe4, 0x34, 0x21, 0xff, 0xc4, 0x90, 0x9a,
    0xf9, 0xa8, 0x3e, 0x6b, 0xe6, 0xa0, 0xff, 0x41,
    0xff, 0xc6, 0xa0, 0x7f, 0xf1, 0xb0, 0xff, 0xe3,
    0x21, 0xff, 0xc8, 0xa0, 0x7f, 0x41, 0xf5, 0x41,
    0x80,

    /* U+5FC5 "必" */
    0xf, 0x21, 0xff, 0xc6, 0x58, 0x3c, 0x87, 0xf9,
    0x20, 0xec, 0x3f, 0xe6, 0x81, 0x50, 0x3f, 0xf8,
    0x30, 0x1c, 0x3f, 0xd0, 0x7b, 0x43, 0xe4, 0x3f,
    0x50, 0x3f, 0xf8, 0x94, 0x4, 0x1c, 0xa0, 0xf3,
    0x85, 0xa1, 0xb0, 0xf2, 0x21, 0x38, 0x6c, 0x39,
    0x10, 0xed, 0x4, 0x86, 0x94, 0x1e, 0x70, 0x61,
    0x98, 0x3c, 0x83, 0x2, 0x5, 0x83, 0xec, 0x8,
    0x4c, 0xa0, 0xff, 0xe1, 0x44, 0x1f, 0xfc, 0x49,
    0xb, 0xaf, 0xc1, 0x80,

    /* U+6001 "态" */
    0xf, 0xc8, 0x7f, 0xf1, 0x30, 0xff, 0xe6, 0xb5,
    0xed, 0xaf, 0xcd, 0x79, 0xca, 0xf8, 0x3f, 0xf9,
    0x74, 0x28, 0x1f, 0xf3, 0x85, 0x40, 0xfe, 0x86,
    0x41, 0x40, 0xf3, 0x44, 0x84, 0x15, 0x1, 0x68,
    0x32, 0x82, 0xa2, 0xe0, 0xe5, 0x7, 0x94, 0x8,
    0x80, 0x88, 0x68, 0x36, 0x1c, 0x88, 0x5a, 0x9,
    0xf, 0x28, 0xa, 0xc3, 0xff, 0x85, 0x98, 0xc0,
    0xeb, 0xf8, 0x40,

    /* U+6062 "恢" */
    0xf, 0xfe, 0x54, 0x1e, 0x43, 0xff, 0xb0, 0x87,
    0xff, 0x9, 0x55, 0x75, 0xf0, 0x48, 0x36, 0x8d,
    0x7e, 0xf, 0x61, 0xf2, 0x1e, 0x50, 0x14, 0x1e,
    0xc3, 0xd8, 0x64, 0x19, 0x6, 0x42, 0xc3, 0xca,
    0xf, 0x61, 0x21, 0xec, 0x18, 0x7f, 0xf0, 0xf2,
    0x44, 0xa0, 0x7f, 0x49, 0x8, 0x20, 0xfe, 0x70,
    0xde, 0x43, 0xfd, 0xa1, 0xec, 0x3f, 0x98, 0x35,
    0xa, 0x7, 0xe4, 0x35, 0x2, 0xd0, 0xff, 0x34,
    0xc, 0xa8, 0x34, 0x19, 0x83, 0xe8,

    /* U+606F "息" */
    0xf, 0xd0, 0x7f, 0xf1, 0x30, 0xff, 0xba, 0xdd,
    0x72, 0x1c, 0xd7, 0xf6, 0x1f, 0xfc, 0xb6, 0xbf,
    0xb0, 0xf3, 0x5f, 0xd8, 0x79, 0xaf, 0xec, 0x3c,
    0xd7, 0xf6, 0x1f, 0xfc, 0xca, 0xfe, 0xd0, 0xea,
    0xdd, 0x78, 0x3e, 0x40, 0xc1, 0xc8, 0x64, 0xc2,
    0xa0, 0x65, 0x2, 0x43, 0xd0, 0x48, 0x6c, 0x3f,
    0xf8, 0x2c, 0x20, 0xeb, 0xf2, 0x8,

    /* U+60C5 "情" */
    0xf, 0xfe, 0x4c, 0x1f, 0x41, 0xff, 0xd2, 0x6b,
    0x35, 0xc1, 0xc8, 0xd6, 0x6b, 0x80, 0x87, 0x56,
    0x6b, 0x81, 0x81, 0x45, 0x66, 0xb8, 0x3c, 0xbf,
    0xfc, 0x10, 0xf2, 0xf6, 0xbe, 0x20, 0xe6, 0xbf,
    0x7, 0xf7, 0x5f, 0x68, 0x7f, 0xf3, 0x9a, 0xfc,
    0x1f, 0xcd, 0x7e, 0xf, 0xe6, 0xbf, 0x7, 0xf3,
    0x5f, 0x83, 0xff, 0xaa, 0xad, 0xd, 0x5, 0x7,
    0x2a, 0x0,

    /* U+6210 "成" */
    0xf, 0xf9, 0xf, 0xfe, 0x36, 0x30, 0x7f, 0xf1,
    0x5a, 0x21, 0xff, 0xc5, 0x90, 0xee, 0xbe, 0x6b,
    0x90, 0xd5, 0xf9, 0xae, 0x43, 0xff, 0x8a, 0x87,
    0x56, 0xc3, 0xe5, 0x7, 0x57, 0x20, 0xc2, 0xc3,
    0xfe, 0x40, 0xa1, 0xc3, 0x90, 0xfe, 0xcd, 0xf,
    0x21, 0xfd, 0x40, 0xff, 0xe6, 0xe1, 0xb0, 0xfe,
    0x43, 0x9a, 0x61, 0x50, 0x36, 0x7, 0x1a, 0x22,
    0xa2, 0x81, 0xda, 0x1d, 0x28, 0x2a, 0xb0, 0x41,
    0xe8, 0x3d, 0x44,

    /* U+6211 "我" */
    0xf, 0xc8, 0x10, 0xff, 0xaa, 0xb, 0x14, 0x19,
    0xa2, 0x51, 0xc, 0x88, 0x4d, 0x10, 0xfe, 0x44,
    0x3f, 0xf8, 0x8a, 0xf, 0xfe, 0x45, 0x66, 0xb9,
    0xae, 0x4a, 0xcd, 0x73, 0x5c, 0x87, 0xfd, 0x85,
    0x7, 0xfc, 0x8a, 0x1c, 0x3e, 0x68, 0xa0, 0x66,
    0x85, 0x52, 0xa8, 0x86, 0xa0, 0x6a, 0x90, 0xf9,
    0x83, 0xff, 0x87, 0x68, 0x50, 0x7f, 0x34, 0x30,
    0xff, 0xe0, 0x44, 0xa, 0x7, 0x34, 0xa, 0x43,
    0x56, 0x3, 0x50, 0x7f, 0x50,

    /* U+6216 "或" */
    0xf, 0xf2, 0x21, 0xff, 0xc3, 0xc5, 0x41, 0xff,
    0xc4, 0x68, 0x15, 0x7f, 0x35, 0x84, 0x15, 0xfc,
    0xd7, 0x21, 0xff, 0xc9, 0xaf, 0x3, 0xc, 0x87,
    0x56, 0xc3, 0xd2, 0x1f, 0xfc, 0x5, 0x7, 0xff,
    0x17, 0x18, 0x3f, 0xf8, 0x98, 0x7d, 0x5b, 0xd,
    0x40, 0xf5, 0x78, 0x24, 0x3f, 0xf8, 0x2a, 0x18,
    0x3f, 0x35, 0x2e, 0x1c, 0x24, 0xa, 0xa9, 0x25,
    0xc, 0xc, 0x8, 0x66, 0x81, 0xaa, 0xf, 0xcc,
    0x1e, 0xa8,

    /* U+6237 "户" */
    0xf, 0xe4, 0x3f, 0xf8, 0x78, 0x7f, 0xf0, 0xf4,
    0x3f, 0xab, 0xbd, 0x59, 0x9, 0xeb, 0xfd, 0x87,
    0xff, 0x61, 0xf, 0xfe, 0x1d, 0x7f, 0xc8, 0x6a,
    0xff, 0x90, 0xb0, 0xff, 0xb0, 0xff, 0xe1, 0xa1,
    0xff, 0xc7, 0xc3, 0xff, 0x85, 0x21, 0xff, 0xc2,
    0xc3, 0xff, 0x85, 0x21, 0xff, 0xc2, 0x83, 0xff,
    0x84,

    /* U+6253 "打" */
    0xc, 0x87, 0xff, 0x1b, 0xf, 0xfe, 0x55, 0x7b,
    0xa8, 0x3f, 0xab, 0xcd, 0x40, 0xa9, 0xa8, 0x3f,
    0xf8, 0x15, 0x35, 0x7, 0xff, 0xb1, 0xf, 0xfe,
    0x1b, 0x28, 0x3f, 0xf8, 0x14, 0x54, 0x87, 0xff,
    0x6, 0x88, 0x7f, 0xff, 0xc3, 0xff, 0x8d, 0x40,
    0xf5, 0x6c, 0x3d, 0x50, 0x75, 0x64, 0x30,

    /* U+6279 "批" */
    0xc, 0x84, 0x86, 0x43, 0xfb, 0xb, 0xd, 0x87,
    0xff, 0x82, 0xa6, 0x81, 0xff, 0xc1, 0xa9, 0xa0,
    0x7f, 0x41, 0xfe, 0x6a, 0x3, 0x40, 0xff, 0x35,
    0xa, 0x83, 0xff, 0x88, 0x87, 0xf3, 0x21, 0xff,
    0xc1, 0x65, 0x48, 0x7f, 0xf0, 0x59, 0xf, 0xff,
    0xa2, 0x1c, 0x87, 0xf9, 0x90, 0xec, 0x2a, 0x60,
    0x5a, 0xa, 0xa0, 0xd4, 0x40, 0xe1, 0xab, 0x80,

    /* U+6284 "抄" */
    0xc, 0x87, 0xc8, 0x7f, 0x61, 0xf6, 0x1f, 0xfd,
    0xa4, 0x2a, 0x9a, 0x2, 0xf, 0xea, 0x9a, 0x7,
    0xe6, 0xf, 0xf6, 0x1e, 0xc3, 0xf9, 0x41, 0xe6,
    0xf, 0xd8, 0x7e, 0xc3, 0x32, 0x61, 0xf2, 0x8a,
    0x2a, 0x44, 0x3c, 0x85, 0x44, 0x3f, 0xed, 0xf,
    0xfe, 0xc, 0x50, 0x3f, 0xf8, 0x74, 0xf, 0xfe,
    0x1d, 0x3, 0xff, 0x82, 0xcc, 0x1f, 0x53, 0x3,
    0x12, 0x1f, 0xa8, 0x81, 0x90, 0xfc,

    /* U+62A4 "护" */
    0xc, 0x87, 0x90, 0xff, 0x61, 0xe6, 0xf, 0xfe,
    0x2c, 0x87, 0xff, 0x6, 0x5b, 0x58, 0xd, 0x1a,
    0x3, 0x5a, 0x50, 0x4d, 0x1a, 0x7, 0xff, 0xb2,
    0xbf, 0x7, 0x34, 0x5, 0x7e, 0x3, 0x46, 0x82,
    0x1f, 0x20, 0x68, 0x1c, 0x87, 0xff, 0x13, 0xf,
    0xfe, 0xb3, 0x87, 0xff, 0x13, 0x43, 0xfe, 0x56,
    0x30, 0x7f, 0xf0, 0x16, 0x10, 0xff, 0x80,

    /* U+62D2 "拒" */
    0xc, 0x87, 0xff, 0x17, 0x9, 0xaf, 0xc8, 0x7e,
    0xeb, 0xf2, 0x1f, 0xfc, 0x7a, 0x9a, 0x7, 0xff,
    0x2, 0xa6, 0x81, 0xff, 0xc7, 0x6b, 0xf0, 0x7f,
    0x35, 0xf0, 0x7f, 0xf3, 0x19, 0xf, 0xfe, 0x3,
    0x2a, 0x43, 0xff, 0x80, 0xc8, 0x66, 0xbe, 0xc3,
    0xf9, 0xaf, 0x90, 0xff, 0xf6, 0xd3, 0xb, 0xaf,
    0xc8, 0x28, 0x84, 0xd7, 0xe4,

    /* U+62E9 "择" */
    0x9, 0xf, 0xfe, 0x2e, 0x15, 0x7e, 0xc3, 0xfa,
    0x2b, 0xc8, 0x7f, 0xb4, 0x35, 0x0, 0xd1, 0xa0,
    0x11, 0x5, 0x2, 0x68, 0xd0, 0x24, 0xe8, 0x1f,
    0xfc, 0x2e, 0x10, 0xff, 0x99, 0x99, 0x90, 0xf9,
    0x69, 0x10, 0x4a, 0x9, 0x50, 0x86, 0xc3, 0x25,
    0x6, 0x4a, 0xcd, 0x60, 0x51, 0xd, 0x59, 0xac,
    0x1f, 0xfc, 0xea, 0xe6, 0xb8, 0x3e, 0xae, 0x6b,
    0x83, 0xff, 0x91, 0x4c, 0x3f, 0xf8, 0x74, 0x43,
    0xe8, 0x3c,

    /* U+6301 "持" */
    0x9, 0xf, 0xc8, 0x7e, 0xc3, 0xf6, 0x1f, 0xfd,
    0x3a, 0xcd, 0x48, 0x28, 0xd0, 0x15, 0x9a, 0x90,
    0x51, 0xa0, 0x7f, 0xf1, 0xd7, 0xfc, 0x1f, 0x97,
    0xb6, 0x50, 0x7f, 0xf0, 0xd0, 0xf3, 0x40, 0xff,
    0xe0, 0xd0, 0xa1, 0x5f, 0x34, 0x4a, 0x21, 0x57,
    0xcd, 0x10, 0xfe, 0x83, 0xff, 0x8b, 0x40, 0xff,
    0xe2, 0xe1, 0xff, 0xc5, 0x43, 0xf3, 0x7, 0xf5,
    0x3, 0x9a, 0x7, 0xea, 0x82,

    /* U+6309 "按" */
    0xc, 0x87, 0xc8, 0x7f, 0xb0, 0xfb, 0xf, 0xfe,
    0x3a, 0x1f, 0xfc, 0x9, 0x76, 0x2d, 0x1, 0xa3,
    0x22, 0xff, 0x4, 0xd1, 0x90, 0xd0, 0x7f, 0xf0,
    0xa0, 0xfe, 0x83, 0xfe, 0x60, 0xff, 0xe1, 0x57,
    0xee, 0x81, 0xf3, 0x4f, 0x56, 0x68, 0x1a, 0x58,
    0x18, 0x67, 0xd, 0x32, 0x81, 0x7, 0x68, 0x69,
    0xe, 0xa3, 0xe, 0x1f, 0xfc, 0x26, 0xa4, 0x3f,
    0xf8, 0x69, 0x40, 0xff, 0xe0, 0xb1, 0x32, 0x83,
    0x53, 0x3, 0x12, 0x12, 0xa0, 0xa8, 0x81, 0x90,
    0xfa, 0x0,

    /* U+6362 "换" */
    0x9, 0xf, 0x41, 0xff, 0x61, 0xce, 0x1f, 0xfc,
    0x5b, 0xab, 0xf, 0xfe, 0x5, 0xd5, 0xc1, 0xd4,
    0x68, 0x50, 0x24, 0x43, 0xa8, 0xd1, 0x2b, 0xba,
    0x7, 0xf2, 0x57, 0xd8, 0x7f, 0xf5, 0x50, 0xff,
    0x34, 0xf, 0x21, 0xf5, 0xa, 0x2f, 0x4b, 0x51,
    0x5, 0x10, 0x3a, 0xc6, 0xae, 0x43, 0xfe, 0xbc,
    0x1f, 0xfc, 0x37, 0x18, 0x3f, 0xf8, 0x28, 0x82,
    0x81, 0xff, 0x4a, 0xd, 0x44, 0x26, 0x2, 0xa0,
    0xfa, 0x20, 0x34, 0x14, 0x1f, 0xcc, 0x0,

    /* U+636E "据" */
    0x9, 0xf, 0xfe, 0x2e, 0x13, 0x5f, 0xc1, 0xfd,
    0x5f, 0x83, 0xff, 0x93, 0x46, 0x81, 0xff, 0xc1,
    0xa3, 0x40, 0x4b, 0x6b, 0x61, 0xfd, 0x2f, 0xe0,
    0xff, 0xe7, 0xd6, 0x6b, 0x21, 0x34, 0x3a, 0xcd,
    0x64, 0xa1, 0x40, 0xff, 0xe0, 0xd1, 0xe, 0xa9,
    0xac, 0x1f, 0xf5, 0x3a, 0x83, 0xf3, 0x87, 0xff,
    0x13, 0x43, 0xff, 0xa2, 0xc0, 0x60, 0x35, 0xe4,

    /* U+6388 "授" */
    0x9, 0xf, 0xf9, 0x41, 0xd8, 0x4d, 0x72, 0xe0,
    0xfe, 0x6a, 0xe5, 0x8, 0x7f, 0xa0, 0x28, 0x3e,
    0xa3, 0x40, 0x61, 0x60, 0x90, 0xa8, 0xd0, 0x8,
    0x50, 0xc1, 0xfe, 0xeb, 0xdd, 0x41, 0xf9, 0xaf,
    0xe0, 0xff, 0xe6, 0x32, 0x57, 0xf1, 0x2, 0x54,
    0x82, 0xeb, 0x83, 0xa4, 0x3f, 0xe7, 0xf, 0xfe,
    0x3, 0x5, 0xa1, 0xff, 0xc1, 0xa1, 0x40, 0xff,
    0xe2, 0x70, 0x7f, 0xf0, 0x9a, 0x72, 0x1c, 0xc1,
    0x34, 0x20, 0x4d, 0x10, 0x34, 0x3, 0x44, 0x3a,
    0x80,

    /* U+63A5 "接" */
    0x9, 0xf, 0x90, 0xff, 0x61, 0xf6, 0x1f, 0xfc,
    0x26, 0xa3, 0xac, 0x1f, 0xcd, 0x6e, 0xb0, 0x54,
    0x68, 0x14, 0x19, 0xe, 0xa3, 0x40, 0xa4, 0x2c,
    0x3f, 0xf8, 0xb4, 0xf, 0xf3, 0x57, 0x42, 0xb0,
    0x7c, 0xd6, 0xeb, 0xc1, 0xd4, 0xd, 0x21, 0xf9,
    0x9a, 0x34, 0xda, 0xdd, 0x0, 0xc8, 0x1a, 0x3d,
    0x5e, 0xa0, 0x7f, 0x70, 0x6c, 0x3f, 0xf8, 0x13,
    0x25, 0x3, 0xff, 0x80, 0xa8, 0xc3, 0xff, 0x86,
    0xc7, 0x50, 0x66, 0x9, 0xa1, 0x20, 0xa8, 0x26,
    0x80, 0x68, 0x87, 0xa0, 0x0,

    /* U+63D0 "提" */
    0x9, 0xf, 0xfe, 0x36, 0x15, 0x7f, 0x83, 0xfd,
    0x5f, 0x83, 0xfe, 0x5f, 0xc1, 0xa8, 0xd0, 0xb,
    0xf8, 0x35, 0x1a, 0x7, 0xff, 0x23, 0xaf, 0xd8,
    0x7f, 0x35, 0xf9, 0xf, 0xea, 0xff, 0x7, 0x34,
    0x2b, 0x7a, 0xb0, 0x54, 0x28, 0x4, 0x3f, 0xea,
    0x21, 0xff, 0xca, 0x43, 0x56, 0x43, 0xfb, 0xd,
    0x59, 0xf, 0xec, 0x3f, 0xf8, 0xb2, 0xa4, 0x3f,
    0x98, 0xc, 0x8, 0xf5, 0x70, 0x1a, 0x8, 0x66,
    0xbe, 0x0,

    /* U+64A4 "撤" */
    0x9, 0xc, 0x87, 0x41, 0xf6, 0x1c, 0x86, 0xc3,
    0xfd, 0x5e, 0x43, 0xff, 0x81, 0x47, 0xa3, 0xb,
    0x2, 0x8c, 0x8c, 0x40, 0x41, 0x5, 0x46, 0x43,
    0xa0, 0x2e, 0xf, 0xbd, 0x38, 0x87, 0xff, 0x3,
    0xa2, 0xae, 0xf, 0xf9, 0xab, 0x65, 0x7, 0xe6,
    0x2b, 0x6, 0x70, 0x99, 0x57, 0x58, 0x2f, 0x21,
    0x32, 0xe, 0xb0, 0x58, 0x7f, 0xf1, 0xd0, 0xfe,
    0xeb, 0x5, 0xa1, 0xfd, 0xd6, 0x3, 0xe4, 0x3f,
    0xf8, 0x7a, 0xb0, 0xd0, 0x7a, 0xca, 0x2, 0x81,
    0x50, 0x8, 0x28, 0xc1, 0xa0,

    /* U+64CD "操" */
    0x9, 0xf, 0xfe, 0x36, 0x1d, 0xd7, 0x21, 0xff,
    0xc0, 0x6b, 0xb0, 0xff, 0xe5, 0xd1, 0xa0, 0x4d,
    0x76, 0x1a, 0x8d, 0x2, 0xeb, 0x90, 0xff, 0x75,
    0xfe, 0xf, 0xcd, 0x40, 0xac, 0x1f, 0xfc, 0xc6,
    0x46, 0xa0, 0x56, 0x9, 0x89, 0x3a, 0xff, 0x5,
    0x21, 0xff, 0xc4, 0x43, 0x35, 0xbd, 0x5c, 0x1f,
    0x35, 0x1e, 0x2b, 0x7, 0xf2, 0xa0, 0x4a, 0xf,
    0xe6, 0x50, 0x65, 0x48, 0x50, 0x4c, 0x1f, 0xa4,
    0x2a, 0x7, 0xff, 0xc,

    /* U+6539 "改" */
    0xf, 0xf4, 0x1f, 0xab, 0xc1, 0xff, 0xc0, 0xae,
    0xd, 0x87, 0xff, 0x11, 0x41, 0xff, 0xc4, 0xae,
    0xf4, 0x1f, 0xf5, 0x67, 0x83, 0xfa, 0x81, 0xfd,
    0xd6, 0x6, 0xa0, 0xfc, 0xd7, 0x28, 0xc0, 0xe1,
    0xfe, 0x41, 0x83, 0x43, 0xff, 0x82, 0xc1, 0xff,
    0xc5, 0xe8, 0x1f, 0xfc, 0x44, 0x3f, 0x9a, 0x6,
    0xe4, 0x3d, 0x42, 0x81, 0x51, 0xc3, 0x4d, 0x10,
    0xd4, 0x5, 0x2, 0xb0, 0xea, 0x83, 0x4c, 0x1f,
    0xa8, 0x1e, 0x60,

    /* U+6548 "效" */
    0xf, 0xfe, 0x2, 0x1f, 0xe8, 0x3e, 0xc3, 0xfd,
    0x40, 0xf6, 0x1f, 0x35, 0x15, 0x1, 0x41, 0xf3,
    0x5f, 0x2, 0xbb, 0x83, 0x41, 0x21, 0x35, 0x98,
    0x2a, 0x7, 0x90, 0xec, 0x36, 0x19, 0x8c, 0x32,
    0x82, 0x90, 0xcc, 0xd8, 0x58, 0x68, 0x81, 0x22,
    0x30, 0x30, 0xf5, 0x3, 0xf9, 0x41, 0xf5, 0xc1,
    0xd3, 0x87, 0xf2, 0x83, 0xd4, 0xf, 0xd4, 0x10,
    0xcb, 0x7, 0xd4, 0x1c, 0x37, 0x8, 0x75, 0x2,
    0x80, 0xd0, 0x74, 0x2a, 0x7, 0xa2, 0xa, 0x20,
    0x41, 0xf4, 0x87, 0x30,

    /* U+6570 "数" */
    0xc, 0x87, 0x90, 0xf9, 0x6, 0x8, 0x2c, 0x3e,
    0x60, 0xd8, 0x7f, 0xf0, 0x30, 0x94, 0x7, 0xf,
    0x28, 0x54, 0x28, 0xf5, 0x5c, 0x2c, 0xc, 0x50,
    0xd5, 0xd0, 0x24, 0x5a, 0x19, 0x6, 0x85, 0x8,
    0x51, 0xa1, 0xf3, 0x24, 0x13, 0x98, 0x79, 0x2,
    0x19, 0x46, 0x38, 0x6a, 0xf6, 0x12, 0xb4, 0x35,
    0xea, 0x90, 0xde, 0xf, 0x41, 0x30, 0x7f, 0xf0,
    0x28, 0xa0, 0xe7, 0xc1, 0xe6, 0xe0, 0xc8, 0xd0,
    0x39, 0xa6, 0xa1, 0x10, 0x50, 0xc, 0x41, 0x30,
    0x86, 0xa0, 0xc8, 0x74, 0x87, 0xa0,

    /* U+6574 "整" */
    0xe, 0x83, 0xd0, 0x7c, 0xd4, 0xd4, 0x87, 0xf9,
    0xa9, 0xa9, 0x26, 0xae, 0xa, 0xa6, 0xa0, 0x3d,
    0x4c, 0x1a, 0x8d, 0x1, 0x44, 0xe, 0x1f, 0xfc,
    0xd, 0xc1, 0xa1, 0xd4, 0x68, 0x4, 0xac, 0x1d,
    0x41, 0x38, 0x32, 0x1f, 0xa8, 0x44, 0x15, 0xe8,
    0x32, 0xa0, 0x98, 0x98, 0x68, 0x81, 0x40, 0xc3,
    0x48, 0x69, 0x9, 0x61, 0x6d, 0x7e, 0xc, 0xbf,
    0xfc, 0x30, 0xf4, 0x19, 0xae, 0x43, 0xff, 0x80,
    0xd7, 0x21, 0xff, 0xcb, 0xf9, 0xfc, 0xff, 0xe0,

    /* U+6587 "文" */
    0xf, 0xfe, 0x7a, 0x1f, 0xfc, 0x66, 0xf, 0xfe,
    0x36, 0x1f, 0xe6, 0xbe, 0xeb, 0xf0, 0x1a, 0x15,
    0xfc, 0x54, 0x1d, 0x87, 0xe7, 0xf, 0xcc, 0x1f,
    0x68, 0x7f, 0x61, 0xe7, 0xf, 0xf3, 0x7, 0x68,
    0x7f, 0xd2, 0x15, 0x3, 0xff, 0x84, 0x8e, 0x1f,
    0xfc, 0x27, 0xb4, 0x3f, 0xf8, 0x7b, 0x87, 0xff,
    0xe, 0x32, 0xf, 0xfe, 0x3, 0x44, 0x78, 0x3f,
    0x98, 0x83, 0x33, 0x7, 0x31, 0x21, 0xf3, 0x34,
    0x3, 0x21, 0xff, 0x34, 0x0,

    /* U+65AD "断" */
    0xe, 0x43, 0xfa, 0x40, 0x85, 0x81, 0x3, 0x46,
    0x43, 0x21, 0x28, 0xda, 0x21, 0xec, 0x2c, 0x10,
    0x7f, 0xf0, 0x5c, 0x3f, 0xf8, 0x30, 0x14, 0x1f,
    0xfc, 0xa, 0x9a, 0x8d, 0x7c, 0x15, 0x32, 0xa0,
    0xe8, 0x3e, 0xd8, 0x2d, 0x7c, 0x19, 0xca, 0x7,
    0xff, 0x7, 0x41, 0x21, 0xff, 0x50, 0x32, 0x83,
    0xfd, 0x7, 0xc8, 0x7f, 0xf0, 0x30, 0xb0, 0xfe,
    0xad, 0xd1, 0xf, 0xf7, 0x5e, 0x70, 0xff, 0xe2,
    0x28, 0x3f, 0x0,

    /* U+65B0 "新" */
    0x9, 0xf, 0xfe, 0x23, 0x7, 0xcd, 0x12, 0xb3,
    0x51, 0x23, 0x44, 0xad, 0xdc, 0x4, 0x3f, 0x41,
    0x61, 0xff, 0xc3, 0x60, 0xff, 0xe0, 0x60, 0xc3,
    0xfe, 0x50, 0xf9, 0x61, 0x76, 0xbf, 0xf0, 0xbf,
    0x7, 0xff, 0x16, 0xb3, 0x52, 0x1f, 0xab, 0x35,
    0x21, 0xfc, 0x86, 0x83, 0xff, 0x89, 0xa6, 0x1f,
    0x48, 0x67, 0x50, 0x7d, 0x7, 0xac, 0x3f, 0xcd,
    0x81, 0x83, 0xfc, 0xc8, 0x10, 0xf4, 0x0,

    /* U+65E0 "无" */
    0x3, 0x5e, 0xeb, 0xe0, 0xcd, 0x79, 0xaf, 0x83,
    0xff, 0xa5, 0x87, 0xff, 0x61, 0xf, 0xf9, 0xaf,
    0xba, 0xf9, 0x3, 0x5e, 0x62, 0xbc, 0x87, 0xff,
    0x3d, 0xc3, 0xff, 0x8b, 0xa1, 0xff, 0xc4, 0x70,
    0xff, 0xe2, 0xe8, 0x7f, 0x21, 0xea, 0x7, 0xfb,
    0xc, 0xd0, 0x3f, 0xf8, 0x71, 0x7, 0xab, 0xd8,
    0x19, 0xf, 0x57, 0xc8,

    /* U+65E5 "日" */
    0x2b, 0xfe, 0x7, 0x5f, 0xda, 0x1f, 0xff, 0x6a,
    0xff, 0x81, 0x5f, 0xf0, 0x7f, 0xfd, 0xeb, 0xfe,
    0x5, 0x7f, 0xc0,

    /* U+65E7 "旧" */
    0xf, 0xfe, 0x1c, 0x1a, 0xbf, 0x83, 0x9e, 0xbe,
    0xc3, 0xff, 0xfe, 0x1e, 0xaf, 0xe0, 0xf5, 0x7f,
    0x7, 0xff, 0xfc, 0x3d, 0x5f, 0xc1, 0xea, 0xfe,
    0x20, 0x94, 0x1f, 0x20,

    /* U+65F6 "时" */
    0xf, 0xfe, 0x12, 0x1f, 0xfc, 0x5c, 0x37, 0x58,
    0x3f, 0xf8, 0x35, 0xb0, 0xff, 0xe3, 0xb5, 0xe6,
    0x81, 0xf9, 0xaf, 0x34, 0xf, 0xfe, 0x45, 0x70,
    0x48, 0x7f, 0x57, 0x7, 0xff, 0x25, 0x83, 0xff,
    0x8b, 0xa1, 0xff, 0xc4, 0x43, 0xff, 0x8c, 0x87,
    0xd5, 0xb0, 0xff, 0xe0, 0xd7, 0x7, 0xff, 0x5,
    0xf, 0xfe, 0x75, 0x6c, 0x20,

    /* U+660E "明" */
    0x2b, 0x91, 0xeb, 0xb5, 0x75, 0xb0, 0x57, 0xb0,
    0xff, 0xf0, 0x6b, 0xd0, 0x2b, 0x82, 0xd7, 0xb0,
    0x57, 0x7, 0xf2, 0x1f, 0xe4, 0x3f, 0xfa, 0x9a,
    0xfa, 0xf, 0xf2, 0xfb, 0x5, 0x76, 0x1f, 0x90,
    0x57, 0x2b, 0xf, 0xca, 0xe, 0xd0, 0xff, 0xe1,
    0x50, 0x3f, 0xf8, 0x4e, 0x1c, 0xd4, 0x87, 0x28,
    0x39, 0xa8,

    /* U+663E "显" */
    0x9, 0xaf, 0xf9, 0xf, 0x75, 0xff, 0x61, 0xff,
    0xce, 0xaf, 0xf8, 0x3f, 0x57, 0xfc, 0x1f, 0xfc,
    0xfa, 0xff, 0x83, 0xea, 0xff, 0xe0, 0x87, 0xfa,
    0xa, 0xf, 0xf2, 0x1f, 0xf2, 0x1f, 0xfc, 0xd6,
    0xf, 0xe9, 0xf, 0xb4, 0x3e, 0xa0, 0x7e, 0x50,
    0x7d, 0x7, 0x97, 0xff, 0x8a, 0x1f, 0xa0, 0xa0,
    0xf8,

    /* U+6682 "暂" */
    0xf, 0xfe, 0x4a, 0x1f, 0xe5, 0x2, 0xbf, 0x26,
    0xb0, 0x82, 0x87, 0x59, 0x25, 0xc1, 0xd8, 0x7f,
    0xf1, 0x24, 0x50, 0x6c, 0x3f, 0xa9, 0xd4, 0x81,
    0x6d, 0x40, 0xaf, 0x95, 0xaf, 0x83, 0xab, 0x22,
    0x1f, 0x32, 0xba, 0x9c, 0x3f, 0x32, 0xc1, 0x38,
    0x7f, 0xd4, 0xe9, 0xea, 0xc1, 0xe6, 0xbf, 0xe0,
    0xff, 0xe6, 0xd7, 0xfc, 0x87, 0xab, 0xfe, 0x43,
    0xff, 0x99, 0x5f, 0xf2, 0x1c, 0xd7, 0xfd, 0x84,

    /* U+66F4 "更" */
    0x6b, 0xee, 0xbe, 0x46, 0xbe, 0x6b, 0xe4, 0x3f,
    0xf9, 0x35, 0xe6, 0xbe, 0xe, 0xae, 0x6b, 0xc1,
    0xff, 0xcc, 0xae, 0x6b, 0xc1, 0xea, 0xe6, 0xbc,
    0x1f, 0xfc, 0xca, 0xe6, 0xbc, 0x1d, 0x75, 0x9a,
    0xf8, 0x39, 0x40, 0x70, 0xff, 0xe1, 0x26, 0x87,
    0xff, 0x5, 0x38, 0x3f, 0xf8, 0x51, 0xb2, 0x1f,
    0xcc, 0xc8, 0xcb, 0x57, 0x1, 0x90, 0xf2, 0xab,
    0x80,

    /* U+66FF "替" */
    0xc, 0x87, 0xc8, 0x7f, 0x61, 0xf6, 0x1e, 0xa9,
    0xa0, 0x1a, 0x35, 0x5, 0x53, 0x40, 0x34, 0x6a,
    0xf, 0x61, 0xff, 0xc1, 0x69, 0xd6, 0x2a, 0x6a,
    0x46, 0x8a, 0xe8, 0x50, 0xca, 0x21, 0x3c, 0x41,
    0x50, 0xa0, 0x64, 0x46, 0x4a, 0x5, 0x40, 0x23,
    0x5b, 0x8a, 0xc4, 0x8a, 0x5, 0x7f, 0x60, 0x43,
    0xff, 0x94, 0xd7, 0xf8, 0x3e, 0x6b, 0xfc, 0x1f,
    0xfd, 0xf6, 0xbf, 0xc1, 0xf7, 0x5f, 0xd8, 0x60,

    /* U+6709 "有" */
    0xf, 0xfe, 0x5c, 0x1f, 0xfd, 0xa, 0xdb, 0x5f,
    0xe2, 0xb3, 0xd7, 0xf8, 0x33, 0x7, 0xff, 0xe,
    0xbf, 0xc8, 0x74, 0xd7, 0xf0, 0x75, 0x3, 0xff,
    0x85, 0x41, 0xaf, 0xe0, 0xa8, 0x6, 0xbf, 0x82,
    0x83, 0xff, 0xb2, 0xd7, 0xec, 0x3e, 0x6b, 0xf6,
    0x1f, 0xfd, 0x26, 0xa4, 0x0,

    /* U+671F "期" */
    0xf, 0xc8, 0x7f, 0xf0, 0x10, 0xd8, 0x2b, 0xe0,
    0xff, 0xe0, 0x57, 0x1, 0xaf, 0x30, 0x7f, 0x35,
    0xe6, 0xf, 0xfe, 0x8d, 0x70, 0x65, 0xe0, 0xd5,
    0xc1, 0x97, 0x83, 0xff, 0x95, 0x5c, 0x1f, 0xfc,
    0x1a, 0xe0, 0x9a, 0xe0, 0xff, 0xe0, 0x35, 0xc0,
    0xa7, 0x58, 0x83, 0xfa, 0x9d, 0x78, 0xc3, 0xfb,
    0xa, 0x4, 0x87, 0xea, 0x5, 0x21, 0xfe, 0xa0,
    0x72, 0xb0, 0x9a, 0x64, 0x1f, 0x28, 0x26, 0x88,

    /* U+672A "未" */
    0xf, 0xe8, 0x3f, 0xfc, 0xd5, 0xe6, 0xbc, 0x87,
    0x57, 0x9a, 0xf2, 0x1f, 0xff, 0x6, 0xbd, 0xb5,
    0xf2, 0x6, 0xbc, 0xa2, 0xbc, 0x87, 0xea, 0x14,
    0xf, 0xfe, 0xd, 0x2, 0xa0, 0x7f, 0xd4, 0xe,
    0xa0, 0x7f, 0x50, 0x3e, 0xa0, 0x79, 0xa0, 0x7f,
    0x4a, 0xa, 0x20, 0xff, 0x95, 0x2, 0x43, 0xff,
    0x85, 0x0,

    /* U+672C "本" */
    0xf, 0xe4, 0x3f, 0xf8, 0xd8, 0x7f, 0xf9, 0x1a,
    0xf9, 0xaf, 0x90, 0x35, 0xe1, 0x2b, 0xc8, 0x7e,
    0x62, 0x43, 0xff, 0x85, 0x85, 0x87, 0xff, 0x6,
    0x81, 0x50, 0x3f, 0xe7, 0xe, 0xd0, 0xfe, 0x44,
    0x39, 0xf, 0xf6, 0x87, 0xcc, 0x1e, 0x68, 0x1f,
    0xd2, 0x82, 0x89, 0xac, 0xd6, 0x51, 0x2, 0x46,
    0xb3, 0x59, 0x18, 0x3f, 0xfb, 0x60,

    /* U+673A "机" */
    0xc, 0x87, 0xff, 0x1b, 0xd, 0x5f, 0x7, 0xff,
    0x6, 0xb8, 0x3f, 0xf9, 0x95, 0x35, 0x7, 0xff,
    0x2, 0xa2, 0xa0, 0xff, 0xea, 0xa2, 0x1f, 0xfc,
    0x4d, 0x10, 0xff, 0xe1, 0x30, 0xe8, 0x7f, 0xf0,
    0x70, 0xac, 0x3f, 0xf8, 0xc, 0x1a, 0xf, 0xfe,
    0x6, 0x1f, 0x61, 0xfe, 0x83, 0xca, 0xf, 0xa0,
    0xfe, 0xc3, 0xff, 0x8a, 0xc1, 0xff, 0xce, 0x83,
    0xd0, 0x10, 0xfa, 0xa0,

    /* U+6743 "权" */
    0xc, 0x87, 0xff, 0x1b, 0xf, 0xfe, 0x55, 0xd7,
    0xe0, 0xfe, 0xaf, 0xec, 0x15, 0x35, 0x7, 0xe5,
    0x2, 0xa2, 0xa0, 0xfd, 0x87, 0x24, 0x19, 0xe,
    0xc3, 0xb6, 0x40, 0xe1, 0x94, 0x1d, 0x84, 0x87,
    0xd8, 0x72, 0x80, 0xe0, 0x90, 0x38, 0x76, 0x1a,
    0xb, 0x6, 0x86, 0xa0, 0x7e, 0xac, 0x1d, 0x87,
    0xfc, 0x87, 0x90, 0xff, 0xa4, 0x3f, 0xf8, 0x4d,
    0x1d, 0xf, 0xfe, 0x4, 0x40, 0x88, 0x3f, 0x9a,
    0x21, 0x9a, 0x7, 0x40, 0x60, 0xfd, 0x0,

    /* U+67E5 "查" */
    0xf, 0xc8, 0x7f, 0xf1, 0x70, 0xff, 0xe7, 0xb5,
    0xed, 0xeb, 0xc8, 0xd7, 0x73, 0x95, 0xc8, 0x79,
    0x10, 0x50, 0x3f, 0xd2, 0x83, 0x4a, 0xf, 0x2a,
    0xf, 0x95, 0x20, 0x65, 0x56, 0x2b, 0x33, 0xc,
    0x3d, 0x7e, 0xc1, 0x7, 0xff, 0x2f, 0xaf, 0xc1,
    0xfd, 0xd7, 0xe0, 0xff, 0xe7, 0x3d, 0x7e, 0xf,
    0xea, 0xff, 0x7, 0x57, 0xff, 0xd, 0x0,

    /* U+6807 "标" */
    0xc, 0x87, 0xff, 0x1b, 0xf, 0xfe, 0x5d, 0x7e,
    0xf, 0xfa, 0xbf, 0x4, 0xd1, 0xa2, 0x1f, 0xfc,
    0x6, 0x85, 0x10, 0xff, 0xe1, 0x24, 0xa, 0xff,
    0x6, 0xdd, 0x2b, 0x15, 0xc1, 0xb1, 0xc3, 0xff,
    0x85, 0x20, 0x83, 0xf2, 0x19, 0xc3, 0xd0, 0x76,
    0x1b, 0x43, 0xff, 0x81, 0x40, 0xa0, 0xf3, 0x87,
    0xff, 0x17, 0x43, 0xda, 0x1f, 0x98, 0x3e, 0x70,
    0xfc, 0x87, 0xf4, 0x1f, 0xf5, 0x3, 0xfe, 0x83,
    0xaa, 0xf, 0x0,

    /* U+68C0 "检" */
    0xc, 0x87, 0xc8, 0x7f, 0xb0, 0xf3, 0x7, 0xff,
    0x17, 0x90, 0xff, 0xe1, 0xd1, 0xf, 0x9a, 0x34,
    0x5, 0x0, 0xa0, 0xe6, 0xca, 0x14, 0xc, 0xc1,
    0xec, 0x2a, 0xfe, 0x50, 0x73, 0x11, 0x5e, 0x14,
    0x13, 0x9a, 0x1f, 0xfc, 0x2d, 0x14, 0x20, 0x50,
    0x50, 0x7f, 0xb0, 0x21, 0x38, 0x54, 0xe, 0xc2,
    0xc1, 0xa1, 0x61, 0xe5, 0x7, 0x61, 0x90, 0xff,
    0x44, 0x87, 0xff, 0x1, 0xd, 0x87, 0xfd, 0x5e,
    0xf5, 0x10, 0xfd, 0x5e, 0xea, 0x40,

    /* U+6B21 "次" */
    0xf, 0xc8, 0x7f, 0xf0, 0xd4, 0x1f, 0xcc, 0x1b,
    0xf, 0xf3, 0x40, 0x9a, 0xfc, 0x1a, 0x3, 0x5f,
    0x83, 0xf6, 0x81, 0xf, 0xf9, 0xc2, 0xc2, 0x60,
    0xf6, 0x87, 0xd8, 0x7d, 0x6, 0x42, 0x83, 0xc8,
    0x7f, 0xf0, 0xe4, 0x33, 0x21, 0xf5, 0x3, 0xb7,
    0xf, 0x38, 0x73, 0x9a, 0x1d, 0xa1, 0xda, 0x38,
    0x6a, 0x7, 0x50, 0x2a, 0x5, 0x6, 0x54, 0x1d,
    0x40, 0xf4, 0xa0, 0xfa, 0x88, 0x68, 0x3f, 0xd2,

    /* U+6B22 "欢" */
    0xf, 0xf2, 0x1f, 0xfc, 0x6c, 0x3f, 0x97, 0xd0,
    0x30, 0xfe, 0x5f, 0x5, 0x5f, 0x21, 0xfe, 0x7a,
    0xed, 0x2, 0x83, 0x66, 0x4, 0x2c, 0x27, 0x9,
    0x46, 0xc, 0x2c, 0x35, 0x1, 0x81, 0x2, 0x12,
    0x1d, 0xa1, 0xff, 0xc5, 0x7a, 0x7, 0x90, 0xfe,
    0x90, 0xe6, 0xc3, 0xf9, 0x60, 0xda, 0x1f, 0xee,
    0xc3, 0xda, 0x1f, 0x50, 0xd0, 0x50, 0x70, 0xf5,
    0x0, 0xa1, 0xc2, 0xd0, 0xd4, 0xe, 0x44, 0x27,
    0x42, 0x83, 0xa1, 0xe, 0x88, 0x3f, 0x48, 0x7c,
    0xc0,

    /* U+6B62 "止" */
    0xf, 0xe4, 0x3f, 0xf8, 0x98, 0x7f, 0xfc, 0x60,
    0xff, 0xed, 0xb5, 0xe0, 0xff, 0x35, 0xe0, 0xff,
    0xff, 0x87, 0xff, 0x4d, 0xc, 0xa0, 0xf9, 0x69,
    0x71, 0x2f, 0xc0,

    /* U+6B63 "正" */
    0xf, 0xfe, 0x3a, 0xfd, 0x45, 0xf0, 0x4b, 0xf7,
    0x97, 0xc1, 0xff, 0xdd, 0x43, 0xff, 0x8b, 0x87,
    0xff, 0x2e, 0xbc, 0x87, 0xfd, 0x5e, 0x43, 0xff,
    0xfe, 0x1f, 0xfc, 0x65, 0xfb, 0xcb, 0xf0, 0x68,
    0x37, 0x83, 0xf0,

    /* U+6B64 "此" */
    0xe, 0x43, 0x21, 0xff, 0xc0, 0xc3, 0x61, 0xff,
    0xe1, 0x83, 0xff, 0x82, 0x87, 0xff, 0xd, 0x90,
    0xf3, 0x50, 0x68, 0x83, 0xe6, 0xa0, 0x4c, 0x87,
    0xff, 0xa, 0x43, 0xff, 0xfe, 0x21, 0xff, 0xc5,
    0xc3, 0xff, 0x8b, 0x86, 0x55, 0x10, 0xf9, 0x18,
    0x57, 0x44, 0x9a, 0xc2,

    /* U+6B65 "步" */
    0xf, 0xc8, 0x7f, 0xf1, 0x30, 0xff, 0xa0, 0xff,
    0xe4, 0xb5, 0xc1, 0xff, 0x35, 0xc1, 0xff, 0xc8,
    0x68, 0xd6, 0x6b, 0xe5, 0x53, 0xac, 0xd7, 0xc8,
    0x65, 0x7, 0xe4, 0x3d, 0xa1, 0xf4, 0x87, 0x50,
    0x3e, 0x70, 0xea, 0x7, 0xce, 0x86, 0xa0, 0x7c,
    0xf0, 0x74, 0x1e, 0xe2, 0xf, 0xfe, 0x5, 0xc8,
    0x7f, 0x9a, 0xc1, 0xf9, 0xa9, 0xa0, 0x7f, 0x9a,
    0x83, 0xff, 0x82,

    /* U+6BC1 "毁" */
    0xc, 0x87, 0xff, 0x11, 0x81, 0x50, 0x3a, 0xb0,
    0xc9, 0x25, 0x2, 0x6a, 0x43, 0xff, 0x99, 0x44,
    0xa2, 0x1f, 0xfc, 0xa, 0x25, 0x10, 0xff, 0xe4,
    0x38, 0x5c, 0x85, 0xaf, 0x3, 0x42, 0x64, 0xe,
    0x1d, 0x82, 0xbc, 0x19, 0x7e, 0x2e, 0xb0, 0x66,
    0xbe, 0x6, 0x13, 0x84, 0xd4, 0x54, 0xd, 0x6,
    0x87, 0xff, 0x5, 0xca, 0x7, 0xff, 0xe, 0xf0,
    0x7f, 0x95, 0x20, 0x90, 0xf5, 0x6d, 0x52, 0xaa,
    0x60, 0xd5, 0x90, 0x31, 0x5, 0x44, 0x3f, 0x99,
    0xe, 0x90,

    /* U+6C42 "求" */
    0xf, 0xd0, 0x10, 0xff, 0xe2, 0xac, 0x1f, 0xfc,
    0x45, 0x41, 0x35, 0xf3, 0x5c, 0x48, 0xd7, 0xc5,
    0x7c, 0x87, 0xff, 0x11, 0xd, 0x7, 0x30, 0x69,
    0xd, 0x40, 0xec, 0x2a, 0x7, 0xa8, 0x19, 0x45,
    0x3, 0xf4, 0x1d, 0xd0, 0x3f, 0xf8, 0x12, 0x41,
    0xff, 0xc0, 0x68, 0x83, 0x43, 0xf3, 0x30, 0x64,
    0x43, 0xd1, 0x7, 0xc8, 0x84, 0xa9, 0xf, 0xe4,
    0x80, 0xa0, 0xff, 0xe0, 0x34, 0xf, 0x55, 0x87,
    0xd0, 0x7a, 0xa4, 0x3f, 0x80,

    /* U+6CA1 "没" */
    0x2, 0x1f, 0xfc, 0x78, 0x35, 0x7c, 0x1e, 0x68,
    0x17, 0x5c, 0x1f, 0xd0, 0x7f, 0xf2, 0xb0, 0xff,
    0xe9, 0x30, 0x66, 0xf, 0x51, 0x3, 0x44, 0x83,
    0xea, 0x90, 0xd2, 0x48, 0x7f, 0xf1, 0x5e, 0xbe,
    0xc3, 0xf9, 0xca, 0xf2, 0x1f, 0x41, 0x61, 0xd4,
    0xf, 0xb0, 0x98, 0x27, 0xf, 0xa4, 0x35, 0x8,
    0x43, 0xec, 0x3d, 0xf2, 0x1f, 0x48, 0x74, 0x64,
    0x1e, 0x70, 0x99, 0x91, 0xa9, 0x9, 0x40, 0x54,
    0x87, 0x50, 0x40,

    /* U+6CD5 "法" */
    0x10, 0xfe, 0x43, 0xcc, 0x87, 0xd8, 0x7d, 0x30,
    0x7f, 0xf1, 0x20, 0xff, 0xe3, 0xd6, 0x6b, 0x7,
    0xea, 0xcd, 0x60, 0x48, 0x7f, 0xf0, 0xe2, 0xf,
    0xfe, 0x1b, 0x1, 0x7f, 0xe0, 0xf2, 0xee, 0x5e,
    0xf, 0xf9, 0xf, 0xe4, 0x35, 0x3, 0xfa, 0x43,
    0x61, 0x41, 0xce, 0x1a, 0x42, 0x90, 0xda, 0x15,
    0x3, 0xb4, 0xc, 0x14, 0x35, 0x9f, 0x3, 0xd,
    0xcd, 0x65, 0x49, 0x6, 0x43, 0xf9,

    /* U+6CE8 "注" */
    0x2, 0x1f, 0x21, 0xfe, 0x64, 0x39, 0x83, 0xfd,
    0x8, 0x76, 0x87, 0xf9, 0x41, 0xc8, 0x7f, 0xf0,
    0x57, 0xb1, 0x78, 0x3e, 0x5f, 0xfe, 0x0, 0x18,
    0x3f, 0xf8, 0xac, 0xa0, 0xff, 0xe2, 0xa8, 0x3f,
    0xf9, 0x35, 0x9a, 0xe0, 0xf9, 0x2b, 0x35, 0xc1,
    0xe5, 0x7, 0xff, 0x17, 0xf, 0xfe, 0x2d, 0x3,
    0xff, 0x8b, 0x87, 0xff, 0x16, 0x43, 0xff, 0x88,
    0xe0, 0x6b, 0x9a, 0xf0, 0x14, 0x6, 0xbb, 0xaf,
    0x0,

    /* U+6D4F "浏" */
    0xf, 0x90, 0xfc, 0x82, 0xf, 0xfe, 0xe, 0xa,
    0x4, 0xc1, 0xff, 0x42, 0xc2, 0xf0, 0x7e, 0x5a,
    0xd4, 0x1f, 0xfc, 0xa5, 0x4, 0x85, 0x87, 0xca,
    0x80, 0xc2, 0x1f, 0xe8, 0x29, 0xd0, 0xff, 0xe1,
    0xa1, 0xff, 0xc3, 0x43, 0xff, 0x81, 0x5, 0x44,
    0x3f, 0x98, 0x33, 0x87, 0xf6, 0x15, 0xa, 0xa,
    0xc, 0xc0, 0x70, 0xa0, 0xfb, 0xb, 0x43, 0xfe,
    0x81, 0x40, 0xfd, 0x4c, 0x34, 0x1f, 0xd4, 0x40,

    /* U+6D88 "消" */
    0x2, 0x1f, 0xc8, 0x7c, 0xc1, 0x41, 0xb0, 0x90,
    0xd4, 0x4, 0x87, 0xff, 0x6, 0xb, 0xf, 0x48,
    0x7f, 0x48, 0x74, 0x1f, 0xf2, 0x4, 0x3c, 0xc1,
    0xa5, 0xd2, 0xd0, 0x1a, 0x21, 0x2f, 0xe0, 0xe9,
    0xf, 0xfe, 0x43, 0x5f, 0x90, 0xfc, 0xd7, 0xe4,
    0x3a, 0xf, 0xfe, 0x2e, 0x6, 0xbf, 0x7, 0x48,
    0x1a, 0xfc, 0x19, 0xc3, 0xff, 0x89, 0xa1, 0xff,
    0xc4, 0x83, 0xfc, 0xd3, 0x0,

    /* U+6DFB "添" */
    0x2, 0x1f, 0xfc, 0x66, 0x5, 0x7f, 0xc1, 0xd4,
    0x2b, 0x75, 0xe0, 0xf4, 0x1d, 0x87, 0xff, 0x51,
    0xab, 0x29, 0xd6, 0x3, 0x23, 0x53, 0x53, 0x58,
    0xc, 0x1d, 0x40, 0xa8, 0x1f, 0x21, 0x50, 0x42,
    0xa0, 0x7f, 0x50, 0x18, 0x6a, 0x7, 0xcc, 0x1f,
    0xa8, 0x86, 0x44, 0x43, 0x93, 0x50, 0x6c, 0x3f,
    0xb1, 0xc3, 0xb0, 0x48, 0x7e, 0xa0, 0x52, 0x30,
    0x7a, 0xb, 0xb, 0x2, 0x1f, 0xf2, 0x5, 0x7,
    0x50, 0x3f, 0xc8, 0x7a, 0xa0, 0xfc,

    /* U+6E05 "清" */
    0xf, 0xf9, 0xf, 0xcc, 0x1f, 0x61, 0xf9, 0xa1,
    0x5c, 0xd7, 0x7, 0x45, 0x73, 0x5c, 0x1f, 0x35,
    0x9a, 0xc8, 0x7c, 0xd6, 0x6b, 0x20, 0x60, 0x2f,
    0xff, 0x4, 0x68, 0x2f, 0xb5, 0xf0, 0x50, 0x55,
    0xfc, 0x1f, 0xdd, 0x7c, 0x1f, 0xfc, 0xd8, 0x15,
    0xf9, 0xe, 0x60, 0x57, 0xe4, 0x3b, 0xa, 0xbf,
    0x21, 0x98, 0x2a, 0xfc, 0x86, 0xc3, 0xff, 0x88,
    0xc1, 0xfe, 0x90, 0xc8, 0x72, 0x1d, 0x30, 0x0,

    /* U+6EDA "滚" */
    0x2, 0x1f, 0x90, 0xfe, 0x83, 0xec, 0x3f, 0x34,
    0x2b, 0x8a, 0xe4, 0x34, 0x55, 0xd5, 0xd4, 0x87,
    0xe9, 0x9, 0x83, 0xfd, 0x42, 0xa, 0x88, 0x18,
    0x2a, 0xe, 0x1a, 0xd1, 0xa0, 0x21, 0x10, 0x40,
    0x90, 0xa0, 0x91, 0x14, 0x61, 0xfd, 0x4e, 0xe6,
    0xe0, 0xfd, 0x77, 0x40, 0xa0, 0xf4, 0x14, 0x2a,
    0xa, 0xc, 0xc0, 0x84, 0x1a, 0xd0, 0x6c, 0x9b,
    0x9, 0xc4, 0x33, 0x12, 0x1e, 0xb0, 0xec, 0x3f,
    0x20, 0xa2, 0x6, 0xc, 0xd1, 0x41, 0x44, 0x21,
    0xcf, 0x21, 0xcc,

    /* U+724C "牌" */
    0x2, 0x4, 0x3c, 0x87, 0xec, 0x18, 0x74, 0x87,
    0xff, 0xa, 0xa7, 0xac, 0x87, 0xfa, 0x9b, 0x5b,
    0xf, 0xfe, 0x5a, 0xf1, 0x53, 0x58, 0x39, 0x5a,
    0x8a, 0x9a, 0xc1, 0xff, 0xd2, 0xa6, 0xd6, 0xc,
    0xd4, 0x95, 0x3d, 0xd4, 0x13, 0x56, 0x15, 0x1,
    0x87, 0xff, 0x1, 0x50, 0x7f, 0xf0, 0xdf, 0x56,
    0x6a, 0xb, 0xc, 0xd7, 0x9a, 0x80, 0xa0, 0xff,
    0xe2, 0xe1, 0xff, 0xd9, 0x83, 0x41, 0xf4, 0x18,

    /* U+72B6 "状" */
    0xf, 0xfe, 0x64, 0x1d, 0x7, 0xff, 0x26, 0xf,
    0xfe, 0x35, 0x3, 0x28, 0x3f, 0xf8, 0x12, 0x12,
    0x21, 0xff, 0xc5, 0x70, 0xff, 0xe0, 0x21, 0xd0,
    0x1a, 0xcd, 0x78, 0x3e, 0x6b, 0x3d, 0x70, 0x7f,
    0xf0, 0x70, 0xff, 0x41, 0xec, 0x3f, 0xd4, 0xe,
    0x56, 0x87, 0xd4, 0xf, 0x63, 0x87, 0xa8, 0x1e,
    0x70, 0x61, 0xe8, 0x3e, 0xd0, 0x30, 0x7f, 0xf0,
    0x28, 0x1b, 0x43, 0xfd, 0x61, 0xc8, 0x87, 0xe6,
    0x43, 0xc9, 0x7, 0xa4, 0x3f, 0x98,

    /* U+73B0 "现" */
    0x17, 0x8a, 0xfc, 0x1d, 0x6, 0xaf, 0x6, 0x5e,
    0xf, 0xfe, 0x54, 0x1f, 0xfd, 0xca, 0x32, 0x1f,
    0xfc, 0xa, 0x32, 0x1f, 0xfc, 0xac, 0x3f, 0xfa,
    0x30, 0x11, 0x20, 0xff, 0xe0, 0x68, 0x7e, 0x64,
    0x27, 0xe, 0x99, 0xe4, 0x2d, 0xf, 0x32, 0x19,
    0xa0, 0x7f, 0xf0, 0x62, 0xd, 0x58, 0x3d, 0x21,
    0x9a, 0x80,

    /* U+7406 "理" */
    0xf, 0x9a, 0xdd, 0x60, 0x95, 0xa8, 0xeb, 0x35,
    0x6, 0x5e, 0xf, 0xfe, 0xe5, 0x66, 0xa4, 0x3f,
    0xd5, 0x9a, 0x90, 0xa8, 0xd0, 0x3f, 0xf8, 0x54,
    0x68, 0x1f, 0xfc, 0x8e, 0xb3, 0x50, 0x7f, 0x9a,
    0xcd, 0x60, 0xff, 0xe8, 0x35, 0x9a, 0xc1, 0xcd,
    0x6, 0xb3, 0x58, 0x2a, 0x74, 0xf, 0xfe, 0x15,
    0x3, 0xff, 0x95, 0x5e, 0x2b, 0x80,

    /* U+751F "生" */
    0xf, 0xc8, 0x7f, 0xf0, 0x10, 0xb0, 0xff, 0xa4,
    0x3f, 0xfa, 0x6a, 0xac, 0xd7, 0xc1, 0x7a, 0xb3,
    0x5f, 0x2, 0x81, 0xff, 0xc2, 0x70, 0xff, 0xe1,
    0xa8, 0x3f, 0xf8, 0xad, 0x73, 0x5e, 0xc, 0xd7,
    0x35, 0xe0, 0xff, 0xff, 0x87, 0xff, 0x1, 0xaf,
    0x9a, 0xfc,

    /* U+7528 "用" */
    0xa, 0xbd, 0xd7, 0xc1, 0xab, 0x9a, 0xf0, 0x7f,
    0xfa, 0xda, 0xe6, 0xbc, 0x19, 0xae, 0x6b, 0xc1,
    0xff, 0xda, 0x6b, 0x9a, 0xf0, 0x6a, 0xf3, 0x5e,
    0xf, 0xfe, 0x42, 0x83, 0xff, 0x87, 0x87, 0xff,
    0xd, 0xc3, 0xff, 0x87, 0xa1, 0xfc, 0xd5, 0x90,
    0x7d, 0x1, 0xa9,

    /* U+7535 "电" */
    0xf, 0x90, 0xff, 0xe2, 0x61, 0xff, 0xce, 0x7a,
    0xe6, 0xbc, 0x1a, 0xbc, 0xd7, 0x61, 0xff, 0xda,
    0xaf, 0x35, 0xe0, 0xd5, 0xe6, 0xbc, 0x1f, 0xfd,
    0xaa, 0xf3, 0x5d, 0x86, 0xaf, 0x35, 0xe0, 0x94,
    0x1f, 0xfc, 0x18, 0x3f, 0xfb, 0xf5, 0xf6, 0x0,

    /* U+7559 "留" */
    0xf, 0x21, 0xff, 0xc0, 0x68, 0xa1, 0xa7, 0x58,
    0x1b, 0x44, 0xd, 0x1a, 0xb0, 0x21, 0xff, 0xc8,
    0x50, 0x4e, 0x16, 0x1e, 0x70, 0xb4, 0x3f, 0x98,
    0x83, 0xfc, 0xd0, 0xa0, 0x28, 0x1f, 0x54, 0x83,
    0xa0, 0x1a, 0x80, 0x87, 0x30, 0x4d, 0x3, 0x4b,
    0xda, 0xf4, 0x1c, 0xbf, 0xf0, 0x7f, 0xf2, 0xeb,
    0x9a, 0xe4, 0x3a, 0xb9, 0xae, 0x43, 0xff, 0x95,
    0x5c, 0x57, 0x21, 0xab, 0xff, 0x81, 0x80,

    /* U+7684 "的" */
    0xc, 0x87, 0x21, 0xfc, 0xa0, 0xec, 0x3f, 0xb0,
    0xff, 0xe1, 0x73, 0x50, 0x15, 0x5c, 0x94, 0xe8,
    0x17, 0xab, 0x61, 0xfe, 0xc3, 0xff, 0x87, 0x21,
    0xe4, 0x3f, 0x61, 0xfd, 0x87, 0x92, 0xf, 0x9a,
    0xc8, 0x54, 0xb, 0x5, 0x72, 0x1a, 0x43, 0xff,
    0x89, 0x87, 0xff, 0x12, 0xf, 0xfe, 0x56, 0x1f,
    0xfc, 0x46, 0xb0, 0x7f, 0x60, 0xaf, 0x6, 0xac,
    0x80,

    /* U+770B "看" */
    0xf, 0xfe, 0x12, 0x83, 0x2a, 0xb7, 0x45, 0xe0,
    0xca, 0xac, 0xd1, 0x60, 0xfa, 0xb6, 0xd7, 0xc8,
    0x6a, 0xcf, 0x5f, 0x21, 0xfb, 0xf, 0xfa, 0xbb,
    0xd5, 0xfc, 0x95, 0xff, 0xc4, 0x43, 0xbd, 0x5f,
    0x90, 0xf4, 0xd7, 0xf6, 0x1d, 0x40, 0xff, 0xe1,
    0xd0, 0x6b, 0xf9, 0xa, 0x80, 0x6b, 0xf9, 0xa,
    0x9, 0xaf, 0xe4, 0x3e, 0x6b, 0xf9, 0xf, 0xfe,
    0x6b, 0x5f, 0xc8, 0x0,

    /* U+7801 "码" */
    0x2b, 0xc0, 0xaf, 0x61, 0x53, 0xa8, 0x15, 0xe4,
    0x3b, 0xf, 0xfe, 0x5a, 0x1f, 0xf6, 0x1d, 0x87,
    0xf9, 0x41, 0xff, 0xc4, 0xae, 0xf, 0xd8, 0x49,
    0x50, 0x4d, 0x6f, 0x49, 0xa1, 0xee, 0xb7, 0x4c,
    0x83, 0xff, 0xab, 0x87, 0xea, 0xf9, 0x41, 0xfd,
    0x5f, 0x22, 0x15, 0x41, 0xfe, 0xc3, 0x56, 0xf,
    0xfe, 0xe, 0x1f, 0xea, 0xc0,

    /* U+786E "确" */
    0xf, 0xf2, 0x1f, 0x97, 0xc1, 0x61, 0xf9, 0x58,
    0xa0, 0x2a, 0xac, 0x3e, 0x43, 0x7a, 0x9c, 0x1f,
    0xf3, 0x5, 0xa1, 0xec, 0x35, 0x6c, 0xa6, 0x12,
    0x82, 0x9a, 0x9a, 0xc1, 0x56, 0x60, 0xff, 0xe0,
    0xd4, 0x15, 0x4d, 0x60, 0x50, 0x3d, 0x53, 0x58,
    0x18, 0x7f, 0xf1, 0x50, 0xff, 0xe6, 0x35, 0x35,
    0x83, 0xf9, 0xa9, 0xac, 0x17, 0x50, 0xc1, 0xff,
    0x75, 0x38, 0x7f, 0xf0, 0x10, 0xa8, 0x1e, 0xa6,
    0x1f, 0x41, 0xd1, 0x50,

    /* U+78B0 "碰" */
    0xf, 0xc8, 0x72, 0x1d, 0x5c, 0x8c, 0x1b, 0xe,
    0xa1, 0x44, 0x1a, 0x16, 0x1f, 0xfc, 0x14, 0x29,
    0xf, 0xfa, 0xbc, 0xd4, 0x86, 0xc2, 0xa9, 0xa3,
    0x52, 0x12, 0x83, 0xff, 0x8b, 0x56, 0x21, 0xf9,
    0xe, 0xa2, 0x1f, 0xec, 0x29, 0xc, 0xa0, 0xfb,
    0xd, 0x87, 0x61, 0xe5, 0x5, 0x7, 0xff, 0x7,
    0xf, 0xfb, 0xf, 0x61, 0xff, 0x21, 0xe4, 0x3b,
    0xa0, 0x7f, 0xf1, 0x3a, 0x83, 0xff, 0x86, 0x85,
    0x59, 0xa3, 0x58,

    /* U+793A "示" */
    0xa, 0xbf, 0xf8, 0x21, 0xd5, 0xff, 0xc1, 0xf,
    0xfe, 0xdb, 0x5f, 0xfc, 0x34, 0x6b, 0xe2, 0xbe,
    0x43, 0xff, 0x96, 0x87, 0xc8, 0x7e, 0x50, 0x7c,
    0xc1, 0xf6, 0x1f, 0xda, 0x1d, 0x40, 0xfe, 0x70,
    0xd4, 0xf, 0xfa, 0x80, 0xb0, 0xff, 0xe0, 0xe0,
    0x90, 0xff, 0xe0, 0xa1, 0xf5, 0x58, 0x7e,

    /* U+7981 "禁" */
    0xe, 0x43, 0xe4, 0x3f, 0xb0, 0xfb, 0xf, 0x54,
    0xd1, 0x2a, 0x6a, 0xa, 0x99, 0x44, 0xa6, 0x74,
    0xf, 0x2c, 0x1c, 0x87, 0xd2, 0x22, 0x9, 0x18,
    0x35, 0x2, 0x5a, 0x81, 0x50, 0x14, 0xf, 0xa0,
    0xe9, 0x20, 0xa0, 0x90, 0xa0, 0x90, 0xd5, 0xff,
    0xc0, 0xf, 0x57, 0xff, 0x0, 0x26, 0xbe, 0xeb,
    0xe4, 0x6b, 0xe6, 0xbe, 0x43, 0xa0, 0xfa, 0xf,
    0xd4, 0xf, 0xa5, 0x7, 0x50, 0x3f, 0x91, 0x9,
    0x80, 0xb0, 0x79, 0xc, 0x84, 0xb4, 0x1e, 0x40,

    /* U+79BB "离" */
    0xf, 0xc8, 0x7f, 0xf1, 0x30, 0xfe, 0xaf, 0x8a,
    0xf9, 0x2b, 0x75, 0xdd, 0x64, 0x8, 0x19, 0x16,
    0x2, 0x1f, 0xa7, 0xc8, 0x7f, 0xf0, 0x27, 0xa2,
    0x1f, 0xea, 0x20, 0x83, 0xfa, 0x85, 0x3a, 0x74,
    0xe, 0x6b, 0x9a, 0xe4, 0x26, 0xbb, 0x6b, 0xe0,
    0x75, 0xcf, 0x5e, 0xf, 0xd4, 0x2, 0x83, 0xfc,
    0xc1, 0x30, 0x7f, 0x57, 0x2a, 0x81, 0xfa, 0xea,
    0x5a, 0xf, 0xfe, 0x2d, 0x30, 0x41, 0xff, 0x51,
    0x0,

    /* U+79D2 "秒" */
    0xf, 0xfe, 0x2, 0x1f, 0x9e, 0x43, 0xb0, 0xf2,
    0xe9, 0xf, 0xfe, 0x2, 0x83, 0xff, 0x80, 0x87,
    0xfd, 0x7, 0x61, 0x2f, 0xc1, 0xf4, 0x81, 0x61,
    0x63, 0xf, 0x61, 0xe8, 0xa, 0xf, 0x48, 0x53,
    0x26, 0x1f, 0xfc, 0xc, 0x19, 0x87, 0xe4, 0x12,
    0x9, 0x41, 0xe4, 0x36, 0x19, 0xf, 0xb0, 0xa4,
    0x3f, 0xa2, 0x81, 0x41, 0xff, 0x50, 0x3f, 0xf8,
    0x4d, 0x3, 0xff, 0x82, 0xc4, 0x1f, 0xfc, 0xa,
    0x12, 0x1f, 0xe8, 0x14, 0x43, 0xf0,

    /* U+79F0 "称" */
    0xf, 0xf2, 0x1f, 0xf3, 0x44, 0x2c, 0x3f, 0xca,
    0x24, 0x3f, 0xf8, 0x48, 0x79, 0x29, 0xd5, 0x87,
    0xfb, 0xa9, 0xa7, 0x7, 0xfb, 0xf, 0x68, 0x1a,
    0x34, 0x64, 0x3d, 0x4, 0xd0, 0xa2, 0x4, 0x32,
    0x1e, 0x54, 0x8, 0xc3, 0xff, 0x83, 0x40, 0x38,
    0x65, 0x6, 0x90, 0x49, 0xa1, 0xd8, 0x6c, 0x32,
    0x1f, 0xb0, 0xa4, 0x3a, 0x81, 0xe5, 0x2, 0xf,
    0x61, 0xff, 0xc6, 0x43, 0xf2, 0x1f, 0xfd, 0x3a,
    0x61, 0xc0,

    /* U+7A0D "稍" */
    0xf, 0xfe, 0xa, 0x1f, 0x34, 0x40, 0x85, 0x84,
    0x8b, 0x12, 0xc, 0x3c, 0xa1, 0x41, 0xea, 0x7,
    0xff, 0x17, 0xc, 0xa0, 0xff, 0x90, 0xc8, 0x4d,
    0x1a, 0x2, 0xb1, 0x4d, 0x1b, 0x28, 0xe, 0xbe,
    0xe, 0x60, 0xff, 0xe2, 0xd0, 0x15, 0xf8, 0x29,
    0x6, 0xa, 0xfc, 0x16, 0x12, 0x1f, 0xfc, 0x9,
    0xf, 0x57, 0xe0, 0x41, 0xf5, 0x7e, 0xf, 0xff,
    0x3b, 0x68, 0x68, 0x32, 0x19, 0xa0,

    /* U+7ACB "立" */
    0xf, 0x90, 0xff, 0xe2, 0x28, 0x3f, 0xf8, 0x98,
    0x7f, 0xf1, 0x20, 0xfe, 0xaf, 0xfe, 0x18, 0x2b,
    0xff, 0x86, 0x1c, 0x87, 0xd0, 0x7e, 0xc3, 0xff,
    0x99, 0x87, 0xec, 0x3c, 0xa0, 0xfc, 0xa0, 0xec,
    0x3f, 0xd8, 0x76, 0x1f, 0xfc, 0x35, 0x7, 0xfb,
    0xd, 0x87, 0xfc, 0x86, 0xc3, 0xff, 0x87, 0x21,
    0xea, 0xfe, 0x2b, 0xc8,

    /* U+7B2C "第" */
    0x9, 0xf, 0x21, 0xfd, 0x87, 0xb0, 0xfd, 0x1d,
    0x4b, 0x5d, 0x61, 0xec, 0xa3, 0xea, 0x75, 0x3a,
    0x1d, 0x40, 0x38, 0x68, 0x28, 0x18, 0x68, 0x24,
    0x5f, 0x4b, 0xe8, 0x25, 0xff, 0xe0, 0x86, 0xeb,
    0x9a, 0xf0, 0x66, 0xb9, 0xaf, 0x83, 0xff, 0x8e,
    0xaa, 0xe6, 0xbe, 0x3, 0xd6, 0x1a, 0xf0, 0x7e,
    0xa0, 0x7f, 0xf0, 0xa8, 0x1f, 0xfc, 0x16, 0x81,
    0xf9, 0xc0, 0xcc, 0x1f, 0x50, 0x40, 0xc1, 0xd0,
    0x54, 0x40,

    /* U+7B49 "等" */
    0x9, 0xf, 0xfe, 0x36, 0x1e, 0x83, 0xfc, 0xae,
    0xb2, 0xae, 0xb2, 0x17, 0xc5, 0x5e, 0xbd, 0x52,
    0xa, 0x7, 0x38, 0x58, 0x7a, 0xa, 0x3, 0x85,
    0x7, 0xea, 0xf3, 0x5e, 0xf, 0x57, 0x9a, 0xf0,
    0x7f, 0xf2, 0xeb, 0xf1, 0x57, 0x58, 0x15, 0xff,
    0xc0, 0x6b, 0x7, 0xff, 0x25, 0xaf, 0xf9, 0xa9,
    0x3, 0x51, 0xd7, 0x9a, 0x90, 0xf4, 0x21, 0xff,
    0xc5, 0x43, 0xff, 0x8e, 0x82, 0xac, 0x38,

    /* U+7B7E "签" */
    0x9, 0xf, 0x21, 0xff, 0x61, 0xec, 0x3f, 0xca,
    0xba, 0x31, 0x75, 0x90, 0xbd, 0x34, 0x3a, 0x65,
    0x48, 0x28, 0xc, 0xc, 0x16, 0x87, 0x41, 0x20,
    0xa8, 0xa, 0xf, 0xf2, 0xa6, 0x88, 0x7f, 0xd2,
    0x82, 0x99, 0xf, 0x33, 0x5f, 0xc4, 0x85, 0x12,
    0x57, 0xc3, 0x28, 0x12, 0x1c, 0x87, 0x20, 0x43,
    0x90, 0xc8, 0x6c, 0x3f, 0x61, 0x38, 0x4c, 0x1f,
    0xa8, 0x16, 0x16, 0x1f, 0xec, 0x25, 0x14, 0xf,
    0xf2, 0x19, 0x58, 0x7d, 0x5f, 0xf7, 0x59, 0x0,

    /* U+7BA1 "管" */
    0x2, 0x1f, 0x21, 0xff, 0xcc, 0xbb, 0xa8, 0xbb,
    0xa9, 0x3a, 0xf0, 0x2b, 0xcb, 0x1, 0xa, 0x80,
    0x50, 0x4a, 0xaf, 0x35, 0xba, 0x3, 0xaf, 0x75,
    0xec, 0x33, 0x5f, 0xc8, 0x68, 0xeb, 0xfb, 0x10,
    0xff, 0xe4, 0xb5, 0xfc, 0x1f, 0x35, 0xfe, 0xf,
    0xfe, 0x5b, 0x5f, 0xf0, 0x73, 0x5f, 0xe0, 0xff,
    0xe6, 0x57, 0xf9, 0xe, 0xaf, 0xfb, 0x0,

    /* U+7EBF "线" */
    0x9, 0xf, 0x41, 0xfe, 0xc3, 0xf9, 0x83, 0xd8,
    0x7f, 0x32, 0x1a, 0x43, 0xfc, 0x87, 0x60, 0x40,
    0xcc, 0xb8, 0x29, 0xe, 0x6a, 0x50, 0x68, 0x6d,
    0xf, 0xfe, 0xe, 0xf8, 0x3c, 0xb5, 0x12, 0x43,
    0x95, 0x70, 0xd1, 0xa, 0x42, 0x55, 0x48, 0x48,
    0x28, 0xa8, 0x3b, 0xa, 0x4d, 0x43, 0x7, 0xea,
    0x3, 0xca, 0xf, 0xb2, 0x81, 0xff, 0xc3, 0xe0,
    0xe6, 0xa4, 0x34, 0x21, 0x22, 0x54, 0x82, 0xa6,
    0x80, 0xc5, 0x6, 0x55, 0x2, 0xab, 0x0,

    /* U+7ECF "经" */
    0xe, 0x43, 0xff, 0x8b, 0x20, 0xaf, 0xb0, 0xff,
    0xab, 0xe4, 0x3d, 0x40, 0xfe, 0xa0, 0x7b, 0x2,
    0x1e, 0xa0, 0x7a, 0x41, 0x87, 0x78, 0x3c, 0xea,
    0xe0, 0xa7, 0x24, 0x34, 0x14, 0x6, 0x88, 0xc4,
    0x83, 0x56, 0x93, 0x7, 0x30, 0x75, 0x1, 0x7,
    0xf2, 0x15, 0x5, 0xb, 0xb5, 0xc1, 0x6c, 0x88,
    0xbf, 0xc1, 0x7a, 0x50, 0x7f, 0xf5, 0xda, 0x83,
    0xff, 0x83, 0x2a, 0xa0, 0xff, 0xe0, 0xc8, 0x6a,
    0xe6, 0xb8,

    /* U+7EDC "络" */
    0xf, 0xfe, 0x92, 0x1f, 0xf4, 0x1d, 0x21, 0xff,
    0x61, 0xcd, 0x76, 0x1d, 0x21, 0xab, 0xe4, 0x3b,
    0x2, 0x30, 0x75, 0x3, 0x48, 0x34, 0xc, 0xa,
    0x6, 0x71, 0xe5, 0x2, 0xb0, 0x74, 0x3c, 0x1f,
    0xfc, 0x2d, 0x42, 0x1a, 0x68, 0xa0, 0xf5, 0x2,
    0x99, 0x2, 0xd0, 0x54, 0x14, 0x45, 0x7b, 0x81,
    0xb2, 0xc0, 0xeb, 0xc1, 0xbd, 0x21, 0xff, 0xd8,
    0x68, 0x87, 0xff, 0x6, 0x55, 0x10, 0x35, 0xe4,
    0x29, 0xf, 0x35, 0xe4, 0x0,

    /* U+7EDD "绝" */
    0xf, 0xfe, 0x62, 0x19, 0xf, 0xfe, 0x2, 0x83,
    0x61, 0xff, 0xc0, 0xc3, 0x9a, 0xb0, 0xfa, 0x81,
    0xae, 0xa4, 0x3f, 0xc8, 0xc1, 0x50, 0x3d, 0x40,
    0x67, 0x56, 0xd4, 0x13, 0xab, 0x9e, 0xa7, 0xa0,
    0x68, 0x28, 0x43, 0xff, 0x81, 0xab, 0x43, 0xff,
    0x89, 0x40, 0xff, 0xe2, 0x50, 0x58, 0xa9, 0xa8,
    0x36, 0xc8, 0xa2, 0xae, 0xb0, 0x5e, 0x94, 0x1f,
    0xfd, 0x76, 0xa4, 0x3f, 0xa0, 0x50, 0xa9, 0xf,
    0xfe, 0x5, 0x10, 0xcd, 0x7e, 0xc0,

    /* U+7EE7 "继" */
    0xc, 0x87, 0xe4, 0x3f, 0x61, 0x42, 0xc, 0x8,
    0x67, 0xe, 0xc3, 0xb0, 0xda, 0x1d, 0x21, 0xb0,
    0x9c, 0x8, 0x6c, 0x29, 0xb, 0x43, 0xe8, 0x28,
    0x2b, 0x56, 0x81, 0xa9, 0xa9, 0x9, 0x30, 0x9a,
    0x8a, 0x92, 0x43, 0xfa, 0x60, 0xf4, 0x87, 0xd9,
    0x40, 0xd4, 0x18, 0x34, 0x82, 0x80, 0xd9, 0x50,
    0x54, 0xd, 0xa7, 0xa4, 0x3a, 0xe, 0x50, 0x7f,
    0xf2, 0x5a, 0x21, 0xe8, 0x3a, 0x55, 0x10, 0x57,
    0xf0,

    /* U+7EEA "绪" */
    0xf, 0xf9, 0xf, 0xe4, 0x3e, 0xc3, 0xfb, 0xf,
    0xfa, 0xc, 0xe1, 0x35, 0x35, 0x61, 0xb4, 0x26,
    0xa6, 0x82, 0x13, 0x82, 0xf, 0xa8, 0x1b, 0x55,
    0xb5, 0x9c, 0xa8, 0x84, 0xa, 0xac, 0xf5, 0x8a,
    0x3c, 0x1d, 0x40, 0xfc, 0xe1, 0xac, 0xac, 0x87,
    0x22, 0xa2, 0xbd, 0x81, 0xf2, 0xeb, 0xf, 0xe7,
    0x94, 0x1a, 0xbc, 0x87, 0xfd, 0x5e, 0x43, 0x9a,
    0x7, 0xff, 0x1, 0x95, 0x40, 0xff, 0xe0, 0x32,
    0x1e, 0xaf, 0x21, 0xfe, 0x7a, 0xec, 0x0,

    /* U+7EED "续" */
    0xf, 0xf9, 0xf, 0xe8, 0x3e, 0xc3, 0xff, 0x82,
    0xd4, 0xd4, 0x86, 0x60, 0x9a, 0x9a, 0x90, 0xd8,
    0x10, 0xff, 0xe0, 0xd0, 0x41, 0x59, 0xab, 0x44,
    0x6d, 0x2b, 0x75, 0x28, 0xf3, 0xc1, 0xa1, 0x40,
    0xc1, 0x21, 0xc9, 0x40, 0xc8, 0x69, 0x9, 0x88,
    0x43, 0xd6, 0xc8, 0x24, 0x3f, 0x68, 0xca, 0xa7,
    0x5f, 0x1e, 0x42, 0x6b, 0x35, 0xc1, 0xca, 0xd,
    0x44, 0x3c, 0xcb, 0x4, 0xe2, 0xc1, 0x2a, 0x43,
    0x42, 0x4, 0x80, 0x87, 0x34, 0x43, 0x34, 0xf,
    0x98, 0x3f, 0x40,

    /* U+7F16 "编" */
    0xc, 0x87, 0xc8, 0x7f, 0x61, 0xff, 0xc5, 0xc2,
    0xad, 0xea, 0x90, 0xa4, 0x35, 0x6e, 0xa0, 0xd8,
    0x10, 0xff, 0xe0, 0xc9, 0x23, 0x5f, 0x80, 0x8c,
    0x13, 0x5f, 0x92, 0xd2, 0xf, 0xfe, 0xe, 0xac,
    0x35, 0x7f, 0x5, 0xa1, 0xd4, 0x22, 0x81, 0x50,
    0x41, 0x87, 0xfb, 0x25, 0x7, 0xff, 0x7, 0xa2,
    0x5, 0xa8, 0xcd, 0x3, 0xca, 0xc6, 0x8c, 0xd0,
    0x26, 0x8a, 0xf, 0xfe, 0x4, 0x50, 0x70, 0xff,
    0xa4, 0x32, 0x1b, 0x32, 0xc3, 0xc8, 0x20, 0x22,
    0x48,

    /* U+7F51 "网" */
    0xaf, 0xfe, 0x16, 0xa, 0xff, 0xe1, 0x7, 0xff,
    0x2e, 0xc, 0x87, 0xa0, 0x38, 0x83, 0xf, 0x50,
    0xd0, 0xff, 0xe0, 0x68, 0x4c, 0x61, 0xf3, 0x61,
    0x5a, 0x1f, 0x9c, 0x3f, 0xf8, 0x78, 0x4d, 0x3,
    0xea, 0x30, 0x37, 0x43, 0xd8, 0x31, 0x87, 0xe,
    0x90, 0x28, 0x34, 0x19, 0x83, 0x68, 0x7e, 0x43,
    0xa0, 0xff, 0xe4, 0x53, 0x0,

    /* U+7F6E "置" */
    0x2b, 0xba, 0xfe, 0xa, 0xbf, 0x75, 0x83, 0xff,
    0x91, 0xd6, 0xee, 0xeb, 0x60, 0x6b, 0xff, 0x82,
    0x8d, 0x7b, 0xd5, 0xf0, 0xd7, 0x9a, 0xfc, 0x1b,
    0xa8, 0xae, 0xc3, 0xcd, 0x7f, 0x21, 0xe6, 0xbf,
    0x90, 0xf3, 0x5f, 0xc8, 0x79, 0xaf, 0xe4, 0x3c,
    0xd7, 0xf2, 0x1e, 0x6b, 0xf9, 0xf, 0x35, 0xfc,
    0x84, 0xd1, 0xaf, 0xe6, 0x88,

    /* U+80FD "能" */
    0x9, 0xe, 0x43, 0xff, 0x82, 0x85, 0x87, 0xfa,
    0x45, 0x7, 0x99, 0x9, 0x83, 0xe6, 0x84, 0x82,
    0xbd, 0xe0, 0x34, 0x43, 0x5d, 0x78, 0x3f, 0x21,
    0xf9, 0xf, 0xd8, 0x2b, 0xe3, 0xf, 0xf5, 0x70,
    0x15, 0x5e, 0x3, 0x5c, 0x9, 0xae, 0x9, 0xae,
    0xf, 0xd0, 0x7f, 0xf0, 0x99, 0x82, 0x6b, 0x82,
    0x95, 0x21, 0x9a, 0xe0, 0xa4, 0x3f, 0xf9, 0x50,
    0x7f, 0xf2, 0xda, 0x67, 0x5e, 0xc0,

    /* U+81F4 "致" */
    0xf, 0xf9, 0xf, 0xd5, 0x75, 0x81, 0x87, 0xea,
    0x9a, 0xc1, 0xff, 0xc1, 0xa0, 0x7b, 0xf, 0xf6,
    0x5, 0x2, 0xea, 0xf2, 0x14, 0x81, 0xc2, 0xeb,
    0x68, 0x22, 0x8a, 0x23, 0xc1, 0x61, 0xab, 0x2a,
    0xa4, 0x3f, 0xf8, 0x30, 0x59, 0x87, 0xff, 0x11,
    0x14, 0x38, 0x66, 0xa6, 0xa0, 0xb3, 0x43, 0x35,
    0x35, 0x5, 0x4c, 0x3f, 0xf8, 0xaa, 0xf, 0xfe,
    0x23, 0x40, 0xfe, 0x55, 0x11, 0x1d, 0xd, 0x53,
    0x34, 0x50, 0x88, 0x85, 0x52, 0x82, 0x94, 0x12,
    0x41, 0xfe, 0x83, 0xcc, 0x0,

    /* U+83B7 "获" */
    0xf, 0x21, 0xc8, 0x7f, 0xf0, 0x30, 0xff, 0xe0,
    0xb5, 0x9a, 0xff, 0x80, 0xd6, 0x6b, 0xfe, 0x9,
    0xb, 0xf, 0xfe, 0x13, 0x3, 0xe, 0xc8, 0x3e,
    0xba, 0x7, 0xd4, 0xf, 0x44, 0x1f, 0xd2, 0x12,
    0xae, 0x2b, 0x9a, 0xb8, 0xa, 0xd, 0x5b, 0x2b,
    0x83, 0x94, 0x1f, 0xfc, 0x44, 0x43, 0xb8, 0x3f,
    0x42, 0x1e, 0xd8, 0x3d, 0x44, 0x3d, 0x26, 0x1e,
    0x83, 0xea, 0x1, 0x83, 0xff, 0x81, 0x40, 0xd4,
    0xe, 0x6a, 0x28, 0x1e, 0xa2, 0x13, 0x40, 0x41,
    0xfa, 0x40,

    /* U+85CF "藏" */
    0xf, 0x21, 0xc8, 0x7f, 0xf0, 0x30, 0xe8, 0x3e,
    0x6b, 0x35, 0xc5, 0x64, 0xd, 0x66, 0xb8, 0xbd,
    0x21, 0xf4, 0x1d, 0xae, 0xc, 0x8d, 0x7f, 0xdc,
    0x1e, 0xaf, 0xcd, 0x60, 0xfa, 0xae, 0x81, 0x90,
    0xd5, 0x2, 0x8d, 0x2, 0x43, 0xaa, 0x5, 0x1a,
    0x19, 0xa1, 0x90, 0xd4, 0xe0, 0xfe, 0x76, 0xf,
    0xe6, 0xc, 0xb8, 0x14, 0xe0, 0x30, 0x7f, 0xd4,
    0x68, 0x28, 0x3f, 0xea, 0x34, 0x43, 0xe6, 0x30,
    0x53, 0xa6, 0xc9, 0x3, 0x14, 0x41, 0xa8, 0x14,
    0x14, 0x21, 0xf4, 0x13, 0x40,

    /* U+884C "行" */
    0xe, 0x43, 0xff, 0x8b, 0x20, 0xaf, 0xe4, 0x35,
    0x2, 0xaf, 0xe4, 0x2a, 0x7, 0xff, 0x12, 0x81,
    0x21, 0xff, 0xc1, 0x82, 0x90, 0xff, 0xe2, 0x30,
    0x7f, 0xf1, 0x1c, 0xb, 0xf6, 0xb0, 0x48, 0x65,
    0xff, 0x81, 0x8, 0x7f, 0xf1, 0x24, 0x3f, 0xff,
    0xe1, 0xff, 0xe3, 0x58, 0x38,

    /* U+88AB "被" */
    0x9, 0xf, 0xc8, 0x7f, 0xf1, 0xb0, 0xfe, 0x60,
    0xff, 0xe3, 0x41, 0x35, 0x35, 0xc0, 0xae, 0xce,
    0xa6, 0xb0, 0x55, 0xbc, 0x1f, 0xcc, 0x1e, 0xc3,
    0xfd, 0x87, 0x98, 0x3f, 0xd0, 0x73, 0x10, 0x3a,
    0x35, 0x61, 0xdb, 0xc0, 0xf5, 0xd6, 0xd, 0x42,
    0xd, 0x86, 0x90, 0xa8, 0x6, 0xa, 0x40, 0xe1,
    0xa0, 0xd1, 0x87, 0x68, 0x7f, 0x94, 0x6, 0xa0,
    0xff, 0xb0, 0xff, 0xe3, 0x60, 0x9a, 0x90, 0xfe,
    0x5a, 0x88, 0x26, 0x43, 0xa1, 0x18, 0x3d, 0x20,

    /* U+8981 "要" */
    0x6b, 0xba, 0xba, 0xe5, 0x57, 0xf3, 0x5c, 0x87,
    0xff, 0x19, 0xaf, 0xcd, 0x70, 0x55, 0xf9, 0xac,
    0x1f, 0xfc, 0x95, 0xda, 0xfe, 0x9, 0xf, 0xd0,
    0x68, 0x25, 0xc2, 0xfe, 0x3, 0x5b, 0x2b, 0xf9,
    0x55, 0x75, 0xf1, 0x52, 0x1b, 0x43, 0xa8, 0x1f,
    0x78, 0x3a, 0xc3, 0xf6, 0xaa, 0x7c, 0x87, 0xff,
    0x6, 0xca, 0x21, 0x35, 0x2a, 0x88, 0xd0, 0xa0,
    0xd4, 0x87, 0xe6, 0x80,

    /* U+89C8 "览" */
    0xe, 0x43, 0x41, 0xf4, 0x16, 0x1f, 0xfc, 0x85,
    0x57, 0x21, 0xfd, 0xf5, 0x64, 0x3f, 0x30, 0xc1,
    0xff, 0xc4, 0xa0, 0x68, 0x3c, 0x86, 0x90, 0xfa,
    0xf, 0xc8, 0x75, 0x7f, 0xc1, 0xf5, 0x7f, 0x61,
    0xff, 0x41, 0xff, 0xe5, 0xa8, 0x3f, 0xd0, 0x1c,
    0x39, 0x2, 0x1d, 0x8, 0x7e, 0xc0, 0xcc, 0x85,
    0x5f, 0xa, 0x90, 0xd5, 0xf0,

    /* U+89E6 "触" */
    0xc, 0x87, 0xe4, 0x3f, 0x28, 0x3f, 0x61, 0xfa,
    0xb8, 0x3f, 0xf8, 0x55, 0x70, 0x7f, 0xf0, 0x64,
    0x18, 0x55, 0x35, 0x4, 0xaa, 0x65, 0x1, 0x46,
    0x81, 0xcd, 0x1a, 0x7, 0xff, 0x1, 0xf, 0xfe,
    0x3b, 0x46, 0x81, 0xff, 0xc1, 0x68, 0xd0, 0x3f,
    0xf9, 0x54, 0x68, 0x1f, 0xfc, 0x1a, 0x9a, 0x83,
    0x34, 0x68, 0x1f, 0x21, 0xcd, 0x1a, 0x7, 0xe4,
    0x36, 0x1f, 0xfc, 0x7, 0x9, 0x41, 0xf9, 0x74,
    0x20, 0xc3, 0x36, 0xbb, 0x69, 0x82, 0xa, 0x65,
    0x83, 0xd0,

    /* U+8A00 "言" */
    0xf, 0x90, 0xff, 0xe2, 0x30, 0x7f, 0xf1, 0x28,
    0x1f, 0x35, 0xf8, 0xaf, 0x9a, 0xff, 0xe2, 0x7,
    0xff, 0x22, 0xbf, 0xc8, 0x7a, 0xbf, 0xc8, 0x79,
    0xaf, 0xe4, 0x3c, 0xd7, 0xf2, 0x1f, 0xfc, 0xba,
    0xff, 0x83, 0xdd, 0x7f, 0x61, 0xff, 0xed, 0xaf,
    0xf8, 0x3d, 0xd7, 0xf6, 0x10,

    /* U+8BA4 "认" */
    0xf, 0xf9, 0xf, 0xca, 0xf, 0xb0, 0xfc, 0x88,
    0x7f, 0xf1, 0x10, 0xff, 0xe3, 0x21, 0xff, 0xd3,
    0xac, 0x1f, 0x21, 0xea, 0xb0, 0xff, 0xef, 0x32,
    0x1f, 0xfc, 0x3d, 0xc3, 0xff, 0x8b, 0x87, 0xff,
    0xf, 0x14, 0x1f, 0xcc, 0x9, 0x6, 0x1f, 0x71,
    0x3, 0xa, 0x81, 0xe6, 0x41, 0x21, 0xb4, 0x3b,
    0xa, 0x81, 0xc9, 0x7, 0xe8, 0x3e, 0x60,

    /* U+8BB0 "记" */
    0xf, 0xfe, 0x44, 0x1a, 0xbf, 0x21, 0xa8, 0x15,
    0x7e, 0xc3, 0xa8, 0x1f, 0xfc, 0x58, 0x3f, 0xfa,
    0x75, 0x83, 0xff, 0x85, 0x50, 0x7f, 0xf2, 0xba,
    0xf8, 0x3f, 0xcd, 0x7d, 0x87, 0xff, 0x15, 0xf,
    0xff, 0x52, 0x1e, 0x83, 0xfd, 0x86, 0x54, 0x1f,
    0xfc, 0x26, 0x41, 0xd7, 0xec,

    /* U+8BB8 "许" */
    0xf, 0xc8, 0x7f, 0xc8, 0x76, 0x1f, 0xfc, 0x4,
    0x3f, 0xf8, 0x88, 0x81, 0x17, 0xe0, 0xe5, 0x3,
    0xc0, 0x83, 0xff, 0x83, 0xaf, 0xe0, 0x56, 0x4,
    0x87, 0xfa, 0xa0, 0xa0, 0xff, 0xeb, 0xd7, 0x35,
    0xc1, 0xf5, 0x73, 0x5c, 0x1f, 0xfd, 0xf4, 0x3f,
    0xf8, 0x72, 0x83, 0xff, 0x84, 0xc8, 0x7f, 0xf0,
    0xf0, 0xff, 0xe1, 0x0,

    /* U+8BBE "设" */
    0xf, 0xfe, 0x4c, 0x1c, 0xf5, 0x61, 0xea, 0x7,
    0x56, 0x43, 0xe9, 0xf, 0xfe, 0x2a, 0x19, 0xf,
    0xfe, 0x26, 0x1f, 0xd5, 0x82, 0xa0, 0x6e, 0x89,
    0x50, 0x54, 0xe, 0x68, 0x87, 0xd0, 0x7f, 0xf1,
    0x5e, 0xbf, 0x7, 0xe6, 0xbe, 0x20, 0xfe, 0x60,
    0xec, 0x3f, 0xed, 0xa, 0x43, 0xfe, 0x44, 0xa0,
    0x7f, 0x41, 0x3e, 0x83, 0xf3, 0x40, 0x92, 0x81,
    0xf7, 0x40, 0x51, 0x9a, 0x90, 0xda, 0x6, 0x81,
    0xa8, 0x20,

    /* U+8BBF "访" */
    0xf, 0xfe, 0x3c, 0x87, 0xc8, 0x7d, 0x61, 0xf6,
    0x1f, 0xa4, 0xb, 0xb5, 0xe0, 0xc8, 0x68, 0x3c,
    0x87, 0xcb, 0xfc, 0x56, 0xf, 0xfe, 0xd, 0x41,
    0xff, 0xcb, 0x6b, 0x68, 0x7f, 0xab, 0xc1, 0xfe,
    0x50, 0x72, 0x1f, 0xfc, 0xec, 0x3f, 0xf8, 0x28,
    0x30, 0xec, 0x39, 0x92, 0x43, 0xfc, 0xa8, 0x70,
    0xff, 0x98, 0x1a, 0x15, 0x58, 0x7e, 0x83, 0x54,
    0x80,

    /* U+8BC1 "证" */
    0xf, 0xfe, 0x3a, 0x83, 0xff, 0x88, 0x90, 0x17,
    0xb5, 0xe0, 0x9d, 0x17, 0xfe, 0xc, 0xa0, 0xff,
    0xe9, 0xb4, 0xc2, 0x43, 0xfc, 0xd1, 0xb, 0xf,
    0xfe, 0x4b, 0x58, 0x3f, 0xf8, 0x2d, 0x60, 0xff,
    0xff, 0x84, 0xa0, 0xff, 0xe1, 0xac, 0x1f, 0xfc,
    0x27, 0x4, 0x54, 0x57, 0x0,

    /* U+8BD5 "试" */
    0xf, 0xfe, 0xa, 0x1f, 0xa0, 0xfe, 0xc8, 0x3d,
    0x40, 0xff, 0x50, 0x3d, 0x21, 0xfe, 0x83, 0xe5,
    0x57, 0x9a, 0xc1, 0xf3, 0x5e, 0x6b, 0x2, 0xb0,
    0x7f, 0xf0, 0xea, 0xf, 0xfe, 0x55, 0x3a, 0x7,
    0xff, 0xa, 0x8d, 0xc, 0x3f, 0xf8, 0xe8, 0x7f,
    0xf1, 0x50, 0xff, 0xe3, 0xe1, 0xfe, 0x43, 0x28,
    0x3f, 0xe8, 0x65, 0xc6, 0x4, 0x34, 0xc9, 0x68,
    0x4c, 0x61, 0xac, 0x8, 0x7d, 0xd8, 0x7f, 0xf1,
    0x19, 0x0,

    /* U+8BDD "话" */
    0xf, 0xfe, 0x1a, 0x83, 0x28, 0x3c, 0xae, 0x58,
    0x32, 0x20, 0x65, 0xd2, 0x1f, 0x21, 0x32, 0x1f,
    0xfc, 0x14, 0x3f, 0xfa, 0xd5, 0x80, 0xd6, 0x6b,
    0x81, 0x50, 0x4d, 0x66, 0xb8, 0x3f, 0xfc, 0x75,
    0x9a, 0x90, 0xff, 0xaa, 0xea, 0xc3, 0xff, 0xc2,
    0xa0, 0xff, 0xe1, 0xae, 0xf, 0xfe, 0x26, 0x13,
    0x5f, 0x21, 0xc8, 0x6e, 0xbe, 0xc0,

    /* U+8BE6 "详" */
    0xf, 0xe4, 0x3c, 0x86, 0x83, 0xb0, 0xe5, 0x6,
    0xe0, 0xd4, 0xf, 0xf3, 0xa1, 0xb0, 0xa4, 0x3c,
    0xa0, 0x53, 0xb8, 0xa0, 0x7f, 0x56, 0x6b, 0x2,
    0xb0, 0x7f, 0xf0, 0xaa, 0xf, 0xfe, 0x53, 0x53,
    0x52, 0x1f, 0xcd, 0x4d, 0x48, 0x7f, 0xf8, 0x2b,
    0x9a, 0xe0, 0xf3, 0x5c, 0xd7, 0x7, 0x41, 0xff,
    0xc3, 0x54, 0x87, 0xff, 0xf, 0xf, 0xfe, 0x8,

    /* U+8BED "语" */
    0xf, 0xfe, 0x32, 0x82, 0xad, 0xd7, 0x1, 0xd0,
    0x57, 0xf8, 0x2b, 0xe, 0x50, 0x7f, 0x40, 0x6b,
    0xf0, 0x7e, 0x68, 0xd6, 0xa, 0xb0, 0x76, 0x1f,
    0x54, 0x1c, 0xa0, 0xff, 0xe0, 0x35, 0xf9, 0xa0,
    0x73, 0x4e, 0xbb, 0xa0, 0x7f, 0xf3, 0x3a, 0xfc,
    0x1f, 0xab, 0xf0, 0x7e, 0x43, 0xff, 0x84, 0xb0,
    0x7f, 0xf0, 0x56, 0xf, 0xfe, 0x16, 0x15, 0x7e,
    0xf, 0xee, 0xbf, 0x0,

    /* U+8BEF "误" */
    0xf, 0xfe, 0x3a, 0x83, 0x35, 0xf8, 0x27, 0x42,
    0xeb, 0xe0, 0xeb, 0xf, 0xfe, 0x2c, 0x1f, 0xfc,
    0x9e, 0xbe, 0xa, 0xb0, 0x4d, 0x7e, 0x5, 0x41,
    0xff, 0xca, 0xad, 0xd6, 0xf, 0xea, 0xcd, 0x60,
    0xff, 0xe7, 0x57, 0x35, 0xc1, 0xf5, 0x6d, 0xae,
    0xf, 0xfb, 0x90, 0xfe, 0x50, 0x4e, 0x1f, 0xe5,
    0x80, 0x88, 0xc8, 0x7b, 0x3, 0x28, 0x28, 0x90,
    0xf9, 0x83, 0xcc, 0x0,

    /* U+8BF7 "请" */
    0xf, 0xfe, 0x2, 0x1f, 0xd0, 0x7e, 0xc3, 0xfa,
    0x80, 0x6b, 0x35, 0x90, 0xe9, 0x1a, 0xcd, 0x64,
    0x3c, 0x82, 0xb3, 0x58, 0x3f, 0xd5, 0x9a, 0xc1,
    0x56, 0x2, 0xff, 0xc0, 0xa8, 0x25, 0xed, 0x78,
    0x3f, 0x9a, 0xf9, 0xf, 0xf7, 0x5e, 0xc3, 0xff,
    0xa4, 0xd7, 0xc1, 0xff, 0x35, 0xf0, 0x7f, 0xcd,
    0x7c, 0x1f, 0x94, 0x35, 0xf0, 0x7c, 0x88, 0x7f,
    0xf0, 0xdd, 0xf, 0x95, 0xa1, 0xc8, 0x68, 0x32,
    0xa0, 0x80,

    /* U+8D25 "败" */
    0xf, 0xfe, 0x4d, 0x78, 0x24, 0x3f, 0xd5, 0x83,
    0x61, 0xff, 0xc0, 0x43, 0x9a, 0xf0, 0x7b, 0xc,
    0xf5, 0x74, 0xf, 0xfb, 0xf, 0xfe, 0x32, 0x1b,
    0xf, 0xfe, 0x5, 0x3, 0xff, 0x8b, 0x28, 0x2c,
    0x3f, 0xf8, 0x58, 0x14, 0x1f, 0xb0, 0xe9, 0x30,
    0xfc, 0x87, 0xdb, 0x87, 0xb3, 0x4c, 0x35, 0x10,
    0xf2, 0x12, 0x83, 0x2c, 0x1f, 0x30, 0x7e, 0xb0,
    0xf2, 0x13, 0x1, 0x92, 0x81, 0x91, 0xa, 0x62,
    0xa, 0x60, 0x28, 0x39, 0x90, 0xe6, 0x0,

    /* U+8D26 "账" */
    0xf, 0xfe, 0x4d, 0x72, 0x8, 0x39, 0xe, 0xad,
    0x87, 0xca, 0xf, 0x21, 0xfe, 0xc3, 0xec, 0x3f,
    0xa8, 0x1f, 0xfc, 0x4a, 0x7, 0xff, 0x12, 0x81,
    0xff, 0xc5, 0x83, 0xff, 0x85, 0x46, 0xeb, 0x21,
    0xfd, 0x46, 0xf5, 0x48, 0x7f, 0xf0, 0xb0, 0xff,
    0xe3, 0x61, 0xf6, 0x1b, 0xe, 0x60, 0xf2, 0xb8,
    0x43, 0xd8, 0x7d, 0xb4, 0xf, 0x98, 0x39, 0x81,
    0x21, 0x98, 0xa0, 0x48, 0x7c, 0xa9, 0x81, 0x40,
    0x28, 0x32, 0xe, 0xe, 0x80,

    /* U+8F91 "辑" */
    0xc, 0x87, 0xff, 0x2e, 0xbf, 0x6, 0x6d, 0x41,
    0x57, 0x83, 0x23, 0x87, 0xff, 0xd, 0x7c, 0xe,
    0xbd, 0x87, 0x62, 0x13, 0x5e, 0x43, 0x28, 0x33,
    0xea, 0xee, 0xb, 0xe, 0x6e, 0xb9, 0x80, 0xba,
    0x50, 0x7f, 0xf0, 0x1d, 0x16, 0x7, 0x5c, 0x87,
    0x9c, 0x37, 0x5c, 0x87, 0xff, 0x1, 0xf, 0xf9,
    0xa2, 0x81, 0x5e, 0x42, 0x92, 0x8a, 0x7, 0x5c,
    0x85, 0x28, 0x33, 0xcd, 0x66, 0xf, 0xf5, 0x1a,
    0xcc, 0x1f, 0xc8, 0x7f, 0x80,

    /* U+8F93 "输" */
    0x9, 0xf, 0xd0, 0x7f, 0x61, 0xf2, 0x83, 0xea,
    0x34, 0x42, 0x4e, 0xf, 0x51, 0xa2, 0x4, 0x4a,
    0x21, 0xce, 0x1a, 0x10, 0xa2, 0xd, 0xa8, 0x14,
    0x2b, 0x89, 0xe, 0xc1, 0xd, 0x72, 0x21, 0x61,
    0xd5, 0xc2, 0x41, 0x5c, 0xc8, 0x2a, 0x6, 0x1d,
    0x53, 0x22, 0xe0, 0xff, 0xe1, 0xae, 0xf, 0xfe,
    0x2, 0x83, 0xff, 0x84, 0xc8, 0x8d, 0x48, 0x7c,
    0xa9, 0x40, 0x6a, 0x43, 0xe4, 0x3f, 0xf8, 0x10,
    0x7f, 0xf5, 0x5b, 0x18, 0x3e, 0x82, 0x86, 0x46,
    0x80,

    /* U+8FC7 "过" */
    0xf, 0xfe, 0xa, 0x1d, 0x7, 0xfd, 0x87, 0x50,
    0x3f, 0xf8, 0xb4, 0xf, 0xfe, 0x2c, 0x35, 0xf3,
    0x44, 0x3c, 0xd7, 0xcd, 0x10, 0xff, 0xe3, 0xd4,
    0x85, 0x7, 0xfa, 0xac, 0x2a, 0x7, 0xff, 0x17,
    0x43, 0xff, 0x88, 0xa0, 0xff, 0xf1, 0xa1, 0xcd,
    0x58, 0x72, 0xb4, 0x33, 0x52, 0x19, 0x11, 0x60,
    0xff, 0xe0, 0x21, 0x2f, 0xff, 0x0,

    /* U+8FCE "迎" */
    0xf, 0xe5, 0x7, 0xff, 0x9, 0x84, 0x3f, 0x28,
    0x2d, 0x92, 0xb6, 0x81, 0x50, 0x10, 0xea, 0xc1,
    0xd0, 0x7f, 0xf9, 0x9a, 0x83, 0xff, 0x84, 0xd0,
    0x3f, 0xfb, 0xe8, 0x7f, 0xf0, 0x5a, 0x28, 0x39,
    0xf, 0x4d, 0x10, 0x9b, 0xf, 0xa8, 0x1e, 0x68,
    0x19, 0x41, 0xff, 0xc3, 0x9d, 0x41, 0xd8, 0x7a,
    0x80, 0x55, 0x4a, 0x1a, 0xc4, 0x1d, 0x52, 0xea,
    0xc0,

    /* U+8FD1 "近" */
    0xf, 0xfe, 0xb, 0x21, 0x28, 0x34, 0xa9, 0x69,
    0x9, 0xf, 0x2a, 0x50, 0x7c, 0xc1, 0xff, 0xc5,
    0x83, 0xff, 0xb6, 0xd6, 0xea, 0x4a, 0xc1, 0x35,
    0x9a, 0x92, 0xa0, 0xff, 0xe5, 0x61, 0xff, 0xc4,
    0x43, 0xff, 0x8c, 0x87, 0xff, 0x13, 0xf, 0xfe,
    0x23, 0x87, 0xff, 0x6, 0xd1, 0xe, 0xc3, 0xd4,
    0x56, 0x87, 0x21, 0xcc, 0x14, 0xaa, 0xfc, 0x80,

    /* U+8FD4 "返" */
    0xf, 0xfe, 0x1a, 0x14, 0x1d, 0x5e, 0x58, 0x2a,
    0x6, 0xeb, 0x94, 0x1d, 0x40, 0xff, 0xe2, 0xc1,
    0xff, 0xc9, 0xaf, 0xe0, 0xfe, 0xaf, 0xc1, 0x34,
    0x40, 0x87, 0xcc, 0x6, 0x98, 0x49, 0x7, 0xff,
    0xb, 0x5, 0x1, 0x21, 0xff, 0xc1, 0xa7, 0x7,
    0xfb, 0xe, 0x90, 0xfe, 0x90, 0x34, 0x48, 0x3f,
    0x63, 0x10, 0x1a, 0x6, 0x40, 0x8c, 0x87, 0x41,
    0x4c, 0xa0, 0xff, 0xe0, 0x30, 0x17, 0xff, 0x82,
    0x0,

    /* U+8FDB "进" */
    0xf, 0xfe, 0x3c, 0x1e, 0x83, 0x41, 0xd4, 0xf,
    0xfe, 0x2d, 0x3, 0xff, 0x8b, 0xd, 0x1a, 0xcd,
    0x3, 0xe6, 0x8d, 0x66, 0x81, 0xff, 0xc8, 0x6a,
    0xf, 0xfe, 0x13, 0x40, 0x34, 0x6b, 0x34, 0x43,
    0xcd, 0x1a, 0xcd, 0x10, 0xff, 0xe7, 0x38, 0x7f,
    0xf1, 0x34, 0x3f, 0xf8, 0x74, 0xf, 0xfe, 0x4,
    0x24, 0x1e, 0x83, 0xaa, 0x64, 0x3f, 0xe6, 0xa,
    0x1a, 0xfc, 0x80,

    /* U+8FDE "连" */
    0x10, 0xf9, 0xf, 0xf2, 0x1e, 0xc3, 0xf9, 0x9,
    0xa6, 0x57, 0x83, 0x30, 0xd1, 0xaf, 0x83, 0xa0,
    0x9c, 0x8, 0x7f, 0xf0, 0x74, 0x18, 0x7f, 0xf0,
    0x1c, 0x3f, 0xcb, 0x40, 0xba, 0x9a, 0x90, 0x2c,
    0x17, 0x59, 0xa9, 0xf, 0xfe, 0xfd, 0x79, 0xac,
    0x87, 0xab, 0xcd, 0x64, 0x3f, 0xf9, 0x32, 0x1f,
    0xfc, 0x3a, 0x72, 0x1f, 0xfc, 0xa, 0x2, 0x2b,
    0x8a, 0xe2, 0xc, 0xd7, 0xfc, 0x0,

    /* U+9001 "送" */
    0xf, 0x90, 0xf2, 0x19, 0x41, 0xb0, 0xe4, 0x39,
    0x10, 0xa8, 0x1b, 0x43, 0x90, 0xe8, 0x26, 0xf,
    0x90, 0x56, 0xee, 0xa0, 0xfd, 0x5f, 0xe0, 0xff,
    0xe4, 0x2d, 0x7, 0xff, 0x9, 0x60, 0x35, 0xff,
    0x7, 0x9a, 0xc7, 0x5c, 0x1f, 0xf4, 0x21, 0xff,
    0xc2, 0x94, 0x21, 0xff, 0xc0, 0xa0, 0x11, 0xf,
    0xf5, 0x3, 0x38, 0x74, 0x8a, 0x83, 0xd2, 0x15,
    0x34, 0x43, 0xf2, 0xa, 0x1, 0x55, 0xff, 0x10,
    0x75, 0x7f, 0xc0,

    /* U+9009 "选" */
    0xf, 0xf9, 0xf, 0xa0, 0xf4, 0xc, 0x3e, 0xa0,
    0x66, 0xf, 0xfa, 0x81, 0x56, 0x6b, 0x7, 0x40,
    0x6b, 0x35, 0x83, 0xf9, 0xf, 0xfe, 0x22, 0x1f,
    0xf3, 0x44, 0x6a, 0xe7, 0xac, 0x34, 0xc6, 0xa6,
    0xda, 0xc1, 0xfe, 0xc3, 0xff, 0x89, 0x21, 0xff,
    0xcc, 0x43, 0xf5, 0x3, 0xec, 0x3c, 0xd0, 0x37,
    0x28, 0x39, 0x18, 0x39, 0x95, 0x1, 0xb9, 0xf,
    0xfe, 0x2, 0x44, 0x57, 0xfc, 0x28, 0x26, 0xbf,
    0xe0,

    /* U+901A "通" */
    0xf, 0xfe, 0x3a, 0x1a, 0xbf, 0xb0, 0x98, 0x2a,
    0x75, 0xb3, 0xd, 0x40, 0xca, 0xa9, 0x83, 0xd8,
    0x73, 0x61, 0xfc, 0x83, 0xae, 0x3b, 0xf, 0xcd,
    0x7b, 0xb0, 0x54, 0x87, 0xff, 0xa, 0xac, 0xd,
    0x5d, 0x6d, 0xf, 0x9a, 0xba, 0xda, 0x1f, 0xfc,
    0xd6, 0xae, 0xb6, 0x87, 0xcd, 0x5d, 0x6d, 0xf,
    0xfe, 0x4c, 0x16, 0x1e, 0x68, 0x15, 0x4b, 0x6,
    0x46, 0x80, 0xa0, 0x16, 0xa2, 0xea, 0xc4, 0x1c,
    0xd1, 0x75, 0x60,

    /* U+90E8 "部" */
    0xc, 0x87, 0xff, 0x15, 0xe, 0xaf, 0x15, 0x75,
    0x90, 0x55, 0xe2, 0xe9, 0xd4, 0x87, 0x68, 0x30,
    0xc8, 0x7d, 0x85, 0x21, 0x61, 0xe9, 0xd, 0x85,
    0x87, 0xff, 0x3, 0x4, 0x87, 0x38, 0x1a, 0x74,
    0x2a, 0x9, 0xc0, 0xd7, 0xf0, 0x6a, 0x1, 0xaf,
    0x83, 0xda, 0x75, 0xe0, 0xf9, 0xc3, 0xff, 0xa9,
    0x61, 0xff, 0xc1, 0x54, 0x82, 0xbc, 0x86, 0x50,
    0x6a, 0xf2, 0x1f, 0x80,

    /* U+914D "配" */
    0x69, 0xdd, 0x12, 0xbe, 0x1a, 0x33, 0x44, 0xaf,
    0x7, 0xff, 0x26, 0x8c, 0xd0, 0x3f, 0xf8, 0x13,
    0x36, 0x1f, 0xfd, 0xae, 0xb8, 0x3b, 0xf, 0x57,
    0x83, 0x49, 0xd0, 0x3f, 0x41, 0x40, 0x68, 0x1f,
    0xfd, 0x16, 0xbc, 0x1f, 0xf3, 0x5e, 0xf, 0xc8,
    0x7f, 0xf2, 0x1a, 0xf0, 0x7e, 0xc0, 0xd7, 0x81,
    0xd7, 0x0,

    /* U+91CD "重" */
    0xf, 0xfe, 0x2, 0xc1, 0xab, 0xdc, 0xa1, 0x41,
    0xab, 0xcc, 0xb0, 0x66, 0xbe, 0x6b, 0xe5, 0x57,
    0xcd, 0x7c, 0x87, 0xff, 0x1e, 0xbc, 0xd7, 0x61,
    0xd5, 0xcd, 0x72, 0x1d, 0x5c, 0xd7, 0x21, 0xd5,
    0xcd, 0x72, 0x1f, 0xfc, 0x9e, 0xb9, 0xae, 0xe,
    0x6b, 0x9a, 0xf0, 0x6a, 0xf3, 0x5e, 0x42, 0xaf,
    0x35, 0xe4, 0x3f, 0xf8, 0xcd, 0x7c, 0x57, 0xc8,

    /* U+94A5 "钥" */
    0x9, 0xf, 0xfe, 0x2e, 0x1e, 0xeb, 0xb0, 0x95,
    0x58, 0xd, 0x78, 0x2f, 0x56, 0xf, 0xfa, 0x81,
    0xff, 0xc4, 0x83, 0xf2, 0xfb, 0xa, 0x9d, 0x10,
    0xff, 0xe0, 0x51, 0xa2, 0x5, 0xf6, 0x1f, 0xfc,
    0xb4, 0x3f, 0xf8, 0x4b, 0xb, 0x1, 0xaf, 0x1,
    0x7e, 0x5, 0x7c, 0x1f, 0xe5, 0x7, 0xff, 0x13,
    0xf, 0xfe, 0x12, 0x83, 0xff, 0x84, 0xc2, 0xa0,
    0xff, 0xa6, 0x4c, 0x3a, 0x98, 0x6a, 0x5, 0x7,
    0x54, 0x0,

    /* U+9500 "销" */
    0x2, 0x1f, 0xd0, 0x7b, 0xe, 0x83, 0xe4, 0x55,
    0x49, 0x87, 0xa4, 0xf5, 0x48, 0xc1, 0x98, 0xa0,
    0x7d, 0x87, 0xd0, 0x7c, 0x8b, 0x84, 0xd, 0xd0,
    0x18, 0x50, 0x34, 0x66, 0x80, 0xd7, 0xd8, 0x7f,
    0xf3, 0xab, 0xf0, 0xd1, 0xa8, 0xaf, 0xc3, 0x46,
    0xa0, 0xff, 0xe3, 0x57, 0xe0, 0xfe, 0xaf, 0xc1,
    0xe4, 0x3f, 0xf8, 0x4c, 0x87, 0xff, 0x5, 0x50,
    0x7e, 0x6d, 0x3, 0x6, 0x43, 0x34, 0x0,

    /* U+9501 "锁" */
    0xf, 0xfe, 0x4a, 0x1f, 0xa0, 0xfd, 0x87, 0x21,
    0xe8, 0x25, 0x54, 0x87, 0xcc, 0x17, 0xaa, 0x46,
    0xf, 0xd4, 0xf, 0xa0, 0x94, 0x14, 0x1f, 0x2f,
    0x8, 0x66, 0xe8, 0xd, 0x5a, 0xd0, 0x4c, 0xd0,
    0x3f, 0xf9, 0x70, 0x7f, 0xf3, 0x1a, 0x34, 0x43,
    0xfe, 0x68, 0xd1, 0xf, 0xfe, 0xe6, 0x1f, 0xfc,
    0x4, 0x89, 0x40, 0x83, 0x99, 0x40, 0xa0, 0xd0,
    0x39, 0x24, 0x98, 0x2a, 0x90, 0x9c, 0x29, 0xf,
    0x48,

    /* U+9519 "错" */
    0x2, 0x1e, 0x42, 0x43, 0xb0, 0xff, 0x61, 0x91,
    0x60, 0xff, 0xe0, 0x78, 0x3a, 0xb9, 0xa2, 0xa5,
    0xc0, 0xae, 0x68, 0xa0, 0xff, 0xe2, 0xab, 0x50,
    0xad, 0x7e, 0x17, 0x82, 0xc2, 0x83, 0xfc, 0xbf,
    0xe0, 0xfc, 0xd7, 0x91, 0xa3, 0x44, 0xeb, 0xd8,
    0xd1, 0xa2, 0x1f, 0xfc, 0x66, 0xbc, 0x87, 0xf3,
    0x5e, 0x43, 0xc8, 0x7f, 0xf0, 0x96, 0xf, 0xfe,
    0xa, 0xc1, 0x35, 0xe4, 0x26, 0xd, 0xd7, 0xb0,

    /* U+952E "键" */
    0x9, 0xf, 0xe4, 0x3e, 0x43, 0x54, 0x2a, 0x58,
    0x35, 0xd0, 0xa0, 0x14, 0x2b, 0xd, 0x58, 0x2c,
    0x24, 0x3d, 0x21, 0xcb, 0x51, 0xa3, 0x3, 0xf,
    0x63, 0x46, 0x8c, 0x6, 0xe8, 0x50, 0x3f, 0xf8,
    0x13, 0x41, 0xa3, 0x46, 0x81, 0xfe, 0xed, 0xa3,
    0x50, 0x7f, 0xd8, 0x7f, 0xa8, 0xd0, 0x82, 0x5f,
    0x5, 0x46, 0x86, 0x62, 0xf8, 0x3f, 0x9d, 0x54,
    0x6a, 0x43, 0xfe, 0x68, 0xd4, 0x87, 0x91, 0xa0,
    0x7f, 0xf0, 0x19, 0x36, 0x89, 0x87, 0xe6, 0x28,
    0x9, 0xba, 0xc1, 0xa0, 0x41, 0xd5, 0xe0,

    /* U+957F "长" */
    0xc, 0x87, 0xff, 0x17, 0xf, 0xd0, 0x7f, 0xf1,
    0x28, 0x1f, 0xfc, 0x3a, 0x7, 0xff, 0x9, 0xa0,
    0x7f, 0xf0, 0xa2, 0xf, 0xfe, 0x15, 0x10, 0xff,
    0xe1, 0xc1, 0xfe, 0x6a, 0x6a, 0xeb, 0xe4, 0x6a,
    0x6a, 0xf5, 0x79, 0xf, 0xf6, 0x1f, 0xfc, 0x5a,
    0x7, 0xff, 0x17, 0x43, 0xff, 0x88, 0x88, 0x7f,
    0xf1, 0x12, 0xf, 0xf9, 0x90, 0x34, 0x43, 0xcc,
    0xa9, 0xd, 0x10, 0x77, 0x21, 0xf9, 0x80,

    /* U+95ED "闭" */
    0xf, 0xfe, 0x24, 0x15, 0x7f, 0x8a, 0x2, 0xbf,
    0x82, 0x83, 0xff, 0x81, 0x7, 0xe8, 0x3f, 0xf9,
    0x75, 0xe6, 0x88, 0x75, 0x76, 0x51, 0xf, 0xf9,
    0xf, 0xfe, 0x4, 0x87, 0xff, 0x2, 0x81, 0xff,
    0x2a, 0xf, 0xf9, 0x10, 0xff, 0x96, 0xf, 0xfe,
    0x2, 0x1f, 0xfc, 0x66, 0xa0, 0xff, 0x9a, 0x5,
    0x42, 0xf, 0xfa, 0xa0,

    /* U+95EE "问" */
    0xf, 0xfe, 0x24, 0x15, 0x7f, 0x8a, 0x2, 0xbf,
    0x82, 0x83, 0xff, 0x81, 0x7, 0xff, 0x56, 0xbe,
    0xf, 0xea, 0xe0, 0xff, 0xfd, 0x57, 0x61, 0xfd,
    0x5c, 0x87, 0xe8, 0x3f, 0xfb, 0xd, 0x8, 0x3f,
    0xcd, 0x40,

    /* U+9644 "附" */
    0xf, 0xe4, 0x39, 0xb, 0xac, 0x1f, 0xd8, 0x4d,
    0x38, 0xa, 0xf, 0xfe, 0x6, 0x16, 0x1f, 0xfc,
    0x1c, 0x14, 0xf, 0xfe, 0x4, 0x81, 0x1a, 0xe6,
    0x43, 0xd2, 0x35, 0xcc, 0x85, 0x2b, 0xf, 0xfe,
    0x1e, 0xa0, 0x90, 0xff, 0xa4, 0x33, 0x7, 0xfd,
    0x87, 0x61, 0xff, 0x61, 0xcc, 0x1f, 0xa8, 0x87,
    0xa0, 0xfd, 0x40, 0xff, 0xf8, 0xb4, 0xc2, 0x83,
    0xa0, 0xcd, 0x10, 0x0,

    /* U+9650 "限" */
    0xea, 0xca, 0xfc, 0x81, 0xa9, 0x5, 0x7d, 0x87,
    0x30, 0x7f, 0xf0, 0xf0, 0xff, 0xe1, 0xb8, 0x55,
    0xf0, 0x79, 0xa, 0xbe, 0xe, 0x60, 0xff, 0xe2,
    0x50, 0x15, 0xf0, 0x7f, 0xa9, 0xd7, 0x7, 0xfc,
    0xc1, 0x28, 0x3f, 0xf8, 0x50, 0x85, 0x4c, 0x3a,
    0xe8, 0x86, 0xa2, 0x1e, 0x60, 0xff, 0xe1, 0xd0,
    0x3f, 0xf8, 0xd, 0xa, 0x7, 0xf3, 0x34, 0x4,
    0xc4, 0x1d, 0xc1, 0xe6, 0x0,

    /* U+9664 "除" */
    0xf, 0xf9, 0xf, 0x56, 0xc3, 0x98, 0x3e, 0xa9,
    0xe, 0xf4, 0x1f, 0x98, 0x35, 0xa, 0x7, 0xd8,
    0x4d, 0x2, 0xa2, 0x19, 0x81, 0x10, 0x74, 0x41,
    0xf4, 0xd5, 0xd4, 0xc1, 0x30, 0x6a, 0x9a, 0x83,
    0xd4, 0xf, 0xfe, 0xcd, 0x73, 0x59, 0xf, 0xab,
    0x9a, 0xc8, 0x55, 0x1, 0x41, 0xd0, 0x75, 0x2,
    0xd0, 0xe9, 0xf, 0xd4, 0xf, 0xfe, 0x1b, 0x87,
    0xe5, 0x7, 0x94, 0x2d, 0x86, 0x48, 0x3e, 0x5c,
    0x1e,

    /* U+9669 "险" */
    0xf, 0xf2, 0x1e, 0xeb, 0x6, 0x60, 0xf3, 0x4e,
    0xd, 0xe8, 0x3f, 0x61, 0xa8, 0x48, 0x79, 0xc2,
    0x60, 0x94, 0x1d, 0xa0, 0x43, 0xe4, 0x3e, 0x41,
    0x5c, 0xa8, 0x2a, 0xb, 0x57, 0x2, 0xd, 0x87,
    0xff, 0x11, 0x44, 0x12, 0x14, 0x1e, 0xcc, 0x2c,
    0x2c, 0x3d, 0x8a, 0xe, 0x90, 0xd4, 0x41, 0x87,
    0x61, 0xd4, 0xb, 0x4, 0x48, 0x7f, 0x90, 0xd8,
    0x7f, 0x57, 0xbd, 0x44, 0x3d, 0x5e, 0xea, 0x40,

    /* U+968F "随" */
    0xf, 0xf9, 0xe, 0x95, 0x40, 0xf6, 0x1e, 0x57,
    0x90, 0x34, 0x6b, 0x21, 0x6a, 0x86, 0xeb, 0x90,
    0xf4, 0x83, 0x43, 0xe6, 0x9, 0x15, 0x5c, 0x1f,
    0xed, 0xac, 0x19, 0x85, 0x14, 0xf, 0xf6, 0x15,
    0x6, 0xb2, 0x19, 0x70, 0x4d, 0x64, 0x3f, 0xfa,
    0xd, 0x64, 0x26, 0x43, 0x9a, 0xc8, 0x4c, 0x1f,
    0xfc, 0x78, 0x2c, 0xa, 0xf, 0xaa, 0x44, 0xa,
    0x83, 0x9c, 0xb, 0xf4, 0xc1, 0x28, 0x25, 0xf4,
    0x80,

    /* U+9690 "隐" */
    0xf, 0xfe, 0x2b, 0x59, 0xa, 0xf, 0xba, 0x84,
    0x11, 0x58, 0x3f, 0xcd, 0x62, 0xf, 0x38, 0x86,
    0x60, 0xfb, 0x47, 0xab, 0xac, 0x1f, 0xab, 0xf0,
    0x74, 0x81, 0xaf, 0x83, 0xd8, 0x1a, 0xf8, 0x3d,
    0x21, 0xff, 0xc6, 0xaf, 0xc1, 0xe4, 0x14, 0xeb,
    0xc1, 0x30, 0x84, 0xc1, 0xf9, 0x92, 0x22, 0x89,
    0x7, 0xff, 0x6, 0x4a, 0x7, 0xa8, 0x1e, 0x89,
    0xe, 0xc2, 0xac, 0x13, 0x6, 0x41, 0x5e, 0x8,

    /* U+9700 "需" */
    0x5, 0x7b, 0xaf, 0x6, 0xaf, 0x35, 0xe0, 0xab,
    0xe6, 0xbe, 0x4e, 0xbc, 0xd7, 0xb0, 0x9a, 0x90,
    0xab, 0x21, 0x9a, 0x90, 0xab, 0x28, 0xa, 0xa9,
    0xa, 0xb8, 0x40, 0xd4, 0x99, 0x5c, 0x15, 0x7f,
    0xf1, 0xa, 0xff, 0xe2, 0x7, 0xd0, 0x7f, 0xd2,
    0xde, 0x1d, 0x74, 0x19, 0x7e, 0x97, 0x7, 0xff,
    0x95, 0x58, 0x50, 0x50, 0x48, 0x16, 0x0,

    /* U+9875 "页" */
    0x2b, 0xff, 0x86, 0x95, 0xf1, 0x5f, 0x21, 0xfb,
    0xf, 0xfe, 0x1c, 0x87, 0xfd, 0xd4, 0x57, 0xc1,
    0xd5, 0xff, 0x7, 0xfc, 0x87, 0xff, 0x13, 0xf,
    0xff, 0xf8, 0x7e, 0x71, 0xf, 0xe4, 0xe, 0x8c,
    0x90, 0x7d, 0x10, 0x51, 0x7, 0x33, 0x21, 0xcc,
    0xc0, 0x54, 0x87, 0xf3, 0x0,

    /* U+9879 "项" */
    0xf, 0xab, 0xba, 0xc8, 0xbc, 0x57, 0xf9, 0x15,
    0x8, 0x74, 0x87, 0xe5, 0x5, 0x53, 0x58, 0x3f,
    0xdd, 0x3a, 0xc8, 0x7f, 0xf0, 0x50, 0xff, 0xff,
    0x87, 0x99, 0xf, 0xfe, 0x3, 0x2, 0x43, 0x28,
    0x3e, 0xa2, 0x12, 0xc, 0x40, 0x81, 0xf, 0xd4,
    0x4, 0x1f, 0xfc, 0xa, 0x1, 0xa0, 0x7e, 0x66,
    0xe, 0xa2, 0x1e, 0x64, 0x3e, 0x90,

    /* U+987B "须" */
    0xf, 0xfe, 0x52, 0x86, 0xb7, 0x58, 0x32, 0x23,
    0x57, 0xab, 0x4, 0x88, 0x7b, 0xf, 0x96, 0xd,
    0x53, 0x58, 0x24, 0x3e, 0xa7, 0x56, 0x87, 0xa0,
    0xf2, 0x1f, 0xd4, 0xf, 0xfe, 0x13, 0x40, 0xff,
    0xe1, 0x24, 0x1f, 0xfc, 0x35, 0x7, 0xff, 0x25,
    0xf, 0xfe, 0x24, 0x86, 0x50, 0x7f, 0x38, 0x20,
    0x62, 0x28, 0x34, 0x21, 0x9c, 0x60, 0xea, 0x21,
    0x91, 0x5, 0x10, 0x30, 0x66, 0x50, 0x68, 0x84,
    0x39, 0x83, 0xe6,

    /* U+9898 "题" */
    0x5, 0x7c, 0x55, 0xd6, 0xd, 0x5c, 0xa, 0x9a,
    0xc1, 0x97, 0x83, 0x38, 0x7e, 0x5e, 0x3, 0x7a,
    0xa0, 0xff, 0xe0, 0x75, 0xc1, 0xdd, 0x76, 0x1a,
    0xf, 0x9a, 0xe4, 0x3f, 0xea, 0xfc, 0x87, 0xfa,
    0xb1, 0x52, 0x1f, 0xfc, 0x4, 0x3f, 0xf9, 0xd,
    0x46, 0x38, 0x7c, 0x81, 0xa8, 0x4d, 0x88, 0x37,
    0x83, 0xe7, 0x25, 0x7, 0x50, 0x3a, 0x10, 0x22,
    0x16, 0x4a, 0x3, 0x21, 0x94, 0x9, 0x6, 0xab,
    0xaf, 0xc0, 0x83, 0x9a, 0xff, 0x0,

    /* U+9A8C "验" */
    0xf, 0xfe, 0xa, 0x1f, 0x56, 0xc3, 0xa0, 0xfd,
    0x59, 0xe, 0xc3, 0xf2, 0x1f, 0xa5, 0x41, 0xec,
    0x3e, 0xa0, 0x28, 0x1f, 0xfc, 0xa, 0x6, 0xa0,
    0x7e, 0xca, 0x35, 0x9a, 0x7, 0xf4, 0x35, 0x92,
    0xb, 0x2, 0x83, 0xff, 0x85, 0x5e, 0x20, 0x90,
    0x90, 0xba, 0x70, 0x24, 0x18, 0x24, 0x3f, 0x60,
    0xc3, 0xb0, 0xf3, 0x7, 0xf2, 0x82, 0x68, 0xca,
    0x6, 0x8, 0xc3, 0x34, 0xf, 0x21, 0x30, 0x7f,
    0x61, 0xf6, 0x1f, 0x34, 0xc6, 0xb8, 0xa2, 0x19,
    0xa2, 0x35, 0xf9, 0x0,

    /* U+9ED8 "默" */
    0xf, 0xfe, 0xa, 0x1f, 0x6a, 0xd5, 0x86, 0xc3,
    0xe4, 0x58, 0x43, 0xd0, 0x7f, 0xb0, 0xfa, 0x81,
    0xca, 0x6, 0x1f, 0xa0, 0xfc, 0xa0, 0xe4, 0x3e,
    0x6d, 0xe4, 0x58, 0x5c, 0x17, 0x46, 0x98, 0xb0,
    0xb8, 0x3f, 0xf9, 0x55, 0x35, 0x6, 0x50, 0x7a,
    0xa6, 0xa0, 0x9f, 0x7, 0xcb, 0xa8, 0x16, 0x87,
    0x94, 0x3b, 0x40, 0xe9, 0xc, 0x88, 0x7c, 0xe0,
    0xc3, 0xe8, 0x48, 0x1a, 0xd, 0xa, 0x43, 0xb2,
    0x81, 0x38, 0x50, 0x30, 0x95, 0x87, 0x50, 0x39,
    0x10, 0x28, 0x3d, 0x0,

    /* U+FF0C "，" */
    0xf, 0x78, 0x8, 0x52, 0x1e, 0xa0, 0xc0,

    /* U+FF0F "／" */
    0xf, 0xfe, 0x2c, 0x1f, 0xfc, 0x5b, 0xf, 0xfe,
    0x25, 0xa1, 0xff, 0xc3, 0xb4, 0x3f, 0xf8, 0x76,
    0x87, 0xff, 0xe, 0xd0, 0xff, 0xe1, 0xda, 0x1f,
    0xfc, 0x3b, 0x43, 0xff, 0x87, 0x68, 0x7f, 0xf0,
    0xed, 0xf, 0xfe, 0x1d, 0xa1, 0xff, 0xc3, 0xb4,
    0x3f, 0xf8, 0x76, 0x87, 0xff, 0xe, 0xd0, 0xff,
    0xe1, 0xda, 0x1f, 0xfc, 0x3b, 0x43, 0xff, 0x87,
    0x68, 0x7f, 0xf1, 0x24, 0x3f, 0xf8, 0x80,

    /* U+FF1A "：" */
    0x34, 0x19, 0xc1, 0xff, 0xca, 0xe0, 0x80,

    /* U+FF1F "？" */
    0x9, 0xa2, 0x13, 0x14, 0x20, 0x72, 0x7, 0x48,
    0x39, 0xc3, 0xff, 0x89, 0x40, 0xf5, 0x3, 0xd4,
    0xf, 0x50, 0x3f, 0xf8, 0x98, 0x7e, 0x43, 0xff,
    0x8b, 0x7, 0xe4, 0x30
};


/*---------------------
 *  GLYPH DESCRIPTION
 *--------------------*/

static const lv_font_fmt_txt_glyph_dsc_t glyph_dsc[] = {
    {.bitmap_index = 0, .adv_w = 0, .box_w = 0, .box_h = 0, .ofs_x = 0, .ofs_y = 0} /* id = 0 reserved */,
    {.bitmap_index = 0, .adv_w = 67, .box_w = 0, .box_h = 0, .ofs_x = 0, .ofs_y = 0},
    {.bitmap_index = 0, .adv_w = 84, .box_w = 3, .box_h = 13, .ofs_x = 1, .ofs_y = 0},
    {.bitmap_index = 6, .adv_w = 114, .box_w = 5, .box_h = 5, .ofs_x = 1, .ofs_y = 9},
    {.bitmap_index = 13, .adv_w = 158, .box_w = 10, .box_h = 13, .ofs_x = 0, .ofs_y = 0},
    {.bitmap_index = 37, .adv_w = 158, .box_w = 8, .box_h = 18, .ofs_x = 1, .ofs_y = -2},
    {.bitmap_index = 67, .adv_w = 268, .box_w = 16, .box_h = 13, .ofs_x = 0, .ofs_y = 0},
    {.bitmap_index = 114, .adv_w = 189, .box_w = 12, .box_h = 13, .ofs_x = 0, .ofs_y = 0},
    {.bitmap_index = 148, .adv_w = 70, .box_w = 2, .box_h = 5, .ofs_x = 1, .ofs_y = 9},
    {.bitmap_index = 151, .adv_w = 91, .box_w = 5, .box_h = 19, .ofs_x = 1, .ofs_y = -4},
    {.bitmap_index = 166, .adv_w = 91, .box_w = 4, .box_h = 19, .ofs_x = 0, .ofs_y = -4},
    {.bitmap_index = 182, .adv_w = 130, .box_w = 6, .box_h = 5, .ofs_x = 1, .ofs_y = 9},
    {.bitmap_index = 191, .adv_w = 158, .box_w = 10, .box_h = 10, .ofs_x = 0, .ofs_y = 2},
    {.bitmap_index = 205, .adv_w = 70, .box_w = 3, .box_h = 5, .ofs_x = 1, .ofs_y = -3},
    {.bitmap_index = 209, .adv_w = 98, .box_w = 6, .box_h = 1, .ofs_x = 0, .ofs_y = 5},
    {.bitmap_index = 211, .adv_w = 70, .box_w = 2, .box_h = 2, .ofs_x = 1, .ofs_y = 0},
    {.bitmap_index = 213, .adv_w = 120, .box_w = 8, .box_h = 18, .ofs_x = 0, .ofs_y = -4},
    {.bitmap_index = 243, .adv_w = 158, .box_w = 8, .box_h = 13, .ofs_x = 1, .ofs_y = 0},
    {.bitmap_index = 258, .adv_w = 158, .box_w = 8, .box_h = 13, .ofs_x = 1, .ofs_y = 0},
    {.bitmap_index = 267, .adv_w = 158, .box_w = 9, .box_h = 13, .ofs_x = 0, .ofs_y = 0},
    {.bitmap_index = 291, .adv_w = 158, .box_w = 9, .box_h = 13, .ofs_x = 0, .ofs_y = 0},
    {.bitmap_index = 316, .adv_w = 158, .box_w = 10, .box_h = 13, .ofs_x = 0, .ofs_y = 0},
    {.bitmap_index = 339, .adv_w = 158, .box_w = 9, .box_h = 13, .ofs_x = 0, .ofs_y = 0},
    {.bitmap_index = 364, .adv_w = 158, .box_w = 9, .box_h = 13, .ofs_x = 1, .ofs_y = 0},
    {.bitmap_index = 389, .adv_w = 158, .box_w = 9, .box_h = 13, .ofs_x = 0, .ofs_y = 0},
    {.bitmap_index = 410, .adv_w = 158, .box_w = 10, .box_h = 13, .ofs_x = 0, .ofs_y = 0},
    {.bitmap_index = 440, .adv_w = 158, .box_w = 9, .box_h = 13, .ofs_x = 0, .ofs_y = 0},
    {.bitmap_index = 466, .adv_w = 70, .box_w = 2, .box_h = 10, .ofs_x = 1, .ofs_y = 0},
    {.bitmap_index = 471, .adv_w = 70, .box_w = 3, .box_h = 13, .ofs_x = 1, .ofs_y = -3},
    {.bitmap_index = 480, .adv_w = 158, .box_w = 10, .box_h = 8, .ofs_x = 0, .ofs_y = 3},
    {.bitmap_index = 498, .adv_w = 158, .box_w = 10, .box_h = 5, .ofs_x = 0, .ofs_y = 4},
    {.bitmap_index = 506, .adv_w = 158, .box_w = 10, .box_h = 8, .ofs_x = 0, .ofs_y = 3},
    {.bitmap_index = 524, .adv_w = 132, .box_w = 8, .box_h = 13, .ofs_x = 0, .ofs_y = 0},
    {.bitmap_index = 544, .adv_w = 269, .box_w = 15, .box_h = 16, .ofs_x = 1, .ofs_y = -3},
    {.bitmap_index = 598, .adv_w = 174, .box_w = 11, .box_h = 13, .ofs_x = 0, .ofs_y = 0},
    {.bitmap_index = 628, .adv_w = 192, .box_w = 10, .box_h = 13, .ofs_x = 2, .ofs_y = 0},
    {.bitmap_index = 648, .adv_w = 188, .box_w = 10, .box_h = 13, .ofs_x = 1, .ofs_y = 0},
    {.bitmap_index = 674, .adv_w = 201, .box_w = 10, .box_h = 13, .ofs_x = 2, .ofs_y = 0},
    {.bitmap_index = 697, .adv_w = 171, .box_w = 8, .box_h = 13, .ofs_x = 2, .ofs_y = 0},
    {.bitmap_index = 711, .adv_w = 157, .box_w = 8, .box_h = 13, .ofs_x = 2, .ofs_y = 0},
    {.bitmap_index = 723, .adv_w = 201, .box_w = 11, .box_h = 13, .ofs_x = 1, .ofs_y = 0},
    {.bitmap_index = 752, .adv_w = 212, .box_w = 10, .box_h = 13, .ofs_x = 2, .ofs_y = 0},
    {.bitmap_index = 763, .adv_w = 78, .box_w = 1, .box_h = 13, .ofs_x = 2, .ofs_y = 0},
    {.bitmap_index = 766, .adv_w = 153, .box_w = 8, .box_h = 13, .ofs_x = 0, .ofs_y = 0},
    {.bitmap_index = 775, .adv_w = 185, .box_w = 10, .box_h = 13, .ofs_x = 2, .ofs_y = 0},
    {.bitmap_index = 803, .adv_w = 154, .box_w = 8, .box_h = 13, .ofs_x = 2, .ofs_y = 0},
    {.bitmap_index = 811, .adv_w = 234, .box_w = 11, .box_h = 13, .ofs_x = 2, .ofs_y = 0},
    {.bitmap_index = 840, .adv_w = 212, .box_w = 10, .box_h = 13, .ofs_x = 2, .ofs_y = 0},
    {.bitmap_index = 865, .adv_w = 217, .box_w = 12, .box_h = 13, .ofs_x = 1, .ofs_y = 0},
    {.bitmap_index = 893, .adv_w = 182, .box_w = 9, .box_h = 13, .ofs_x = 2, .ofs_y = 0},
    {.bitmap_index = 910, .adv_w = 217, .box_w = 12, .box_h = 16, .ofs_x = 1, .ofs_y = -3},
    {.bitmap_index = 945, .adv_w = 179, .box_w = 9, .box_h = 13, .ofs_x = 2, .ofs_y = 0},
    {.bitmap_index = 969, .adv_w = 173, .box_w = 9, .box_h = 13, .ofs_x = 1, .ofs_y = 0},
    {.bitmap_index = 991, .adv_w = 174, .box_w = 11, .box_h = 13, .ofs_x = 0, .ofs_y = 0},
    {.bitmap_index = 1002, .adv_w = 211, .box_w = 10, .box_h = 13, .ofs_x = 2, .ofs_y = 0},
    {.bitmap_index = 1016, .adv_w = 162, .box_w = 10, .box_h = 13, .ofs_x = 0, .ofs_y = 0},
    {.bitmap_index = 1044, .adv_w = 256, .box_w = 16, .box_h = 13, .ofs_x = 0, .ofs_y = 0},
    {.bitmap_index = 1088, .adv_w = 158, .box_w = 10, .box_h = 13, .ofs_x = 0, .ofs_y = 0},
    {.bitmap_index = 1118, .adv_w = 147, .box_w = 10, .box_h = 13, .ofs_x = 0, .ofs_y = 0},
    {.bitmap_index = 1140, .adv_w = 180, .box_w = 10, .box_h = 13, .ofs_x = 1, .ofs_y = 0},
    {.bitmap_index = 1166, .adv_w = 91, .box_w = 4, .box_h = 18, .ofs_x = 2, .ofs_y = -4},
    {.bitmap_index = 1172, .adv_w = 120, .box_w = 8, .box_h = 18, .ofs_x = 0, .ofs_y = -4},
    {.bitmap_index = 1200, .adv_w = 91, .box_w = 4, .box_h = 18, .ofs_x = 0, .ofs_y = -4},
    {.bitmap_index = 1206, .adv_w = 158, .box_w = 8, .box_h = 8, .ofs_x = 1, .ofs_y = 6},
    {.bitmap_index = 1220, .adv_w = 167, .box_w = 11, .box_h = 1, .ofs_x = 0, .ofs_y = -2},
    {.bitmap_index = 1222, .adv_w = 178, .box_w = 4, .box_h = 5, .ofs_x = 3, .ofs_y = 11},
    {.bitmap_index = 1228, .adv_w = 163, .box_w = 8, .box_h = 10, .ofs_x = 1, .ofs_y = 0},
    {.bitmap_index = 1246, .adv_w = 180, .box_w = 9, .box_h = 15, .ofs_x = 2, .ofs_y = 0},
    {.bitmap_index = 1262, .adv_w = 150, .box_w = 8, .box_h = 10, .ofs_x = 1, .ofs_y = 0},
    {.bitmap_index = 1277, .adv_w = 181, .box_w = 9, .box_h = 15, .ofs_x = 1, .ofs_y = 0},
    {.bitmap_index = 1297, .adv_w = 160, .box_w = 9, .box_h = 10, .ofs_x = 1, .ofs_y = 0},
    {.bitmap_index = 1317, .adv_w = 85, .box_w = 6, .box_h = 15, .ofs_x = 0, .ofs_y = 0},
    {.bitmap_index = 1329, .adv_w = 161, .box_w = 9, .box_h = 14, .ofs_x = 1, .ofs_y = -4},
    {.bitmap_index = 1357, .adv_w = 175, .box_w = 8, .box_h = 15, .ofs_x = 2, .ofs_y = 0},
    {.bitmap_index = 1372, .adv_w = 74, .box_w = 3, .box_h = 13, .ofs_x = 1, .ofs_y = 0},
    {.bitmap_index = 1378, .adv_w = 74, .box_w = 4, .box_h = 17, .ofs_x = -1, .ofs_y = -4},
    {.bitmap_index = 1386, .adv_w = 152, .box_w = 8, .box_h = 15, .ofs_x = 2, .ofs_y = 0},
    {.bitmap_index = 1408, .adv_w = 77, .box_w = 2, .box_h = 15, .ofs_x = 2, .ofs_y = 0},
    {.bitmap_index = 1412, .adv_w = 270, .box_w = 14, .box_h = 10, .ofs_x = 2, .ofs_y = 0},
    {.bitmap_index = 1429, .adv_w = 176, .box_w = 8, .box_h = 10, .ofs_x = 2, .ofs_y = 0},
    {.bitmap_index = 1440, .adv_w = 178, .box_w = 10, .box_h = 10, .ofs_x = 1, .ofs_y = 0},
    {.bitmap_index = 1459, .adv_w = 181, .box_w = 9, .box_h = 14, .ofs_x = 2, .ofs_y = -4},
    {.bitmap_index = 1477, .adv_w = 181, .box_w = 9, .box_h = 14, .ofs_x = 1, .ofs_y = -4},
    {.bitmap_index = 1497, .adv_w = 103, .box_w = 5, .box_h = 10, .ofs_x = 2, .ofs_y = 0},
    {.bitmap_index = 1504, .adv_w = 134, .box_w = 8, .box_h = 10, .ofs_x = 0, .ofs_y = 0},
    {.bitmap_index = 1523, .adv_w = 102, .box_w = 7, .box_h = 13, .ofs_x = 0, .ofs_y = 0},
    {.bitmap_index = 1534, .adv_w = 175, .box_w = 8, .box_h = 10, .ofs_x = 1, .ofs_y = 0},
    {.bitmap_index = 1542, .adv_w = 142, .box_w = 9, .box_h = 10, .ofs_x = 0, .ofs_y = 0},
    {.bitmap_index = 1563, .adv_w = 226, .box_w = 14, .box_h = 10, .ofs_x = 0, .ofs_y = 0},
    {.bitmap_index = 1595, .adv_w = 132, .box_w = 8, .box_h = 10, .ofs_x = 0, .ofs_y = 0},
    {.bitmap_index = 1615, .adv_w = 142, .box_w = 9, .box_h = 14, .ofs_x = 0, .ofs_y = -4},
    {.bitmap_index = 1642, .adv_w = 133, .box_w = 8, .box_h = 10, .ofs_x = 0, .ofs_y = 0},
    {.bitmap_index = 1660, .adv_w = 91, .box_w = 6, .box_h = 18, .ofs_x = 0, .ofs_y = -4},
    {.bitmap_index = 1680, .adv_w = 74, .box_w = 1, .box_h = 21, .ofs_x = 2, .ofs_y = -5},
    {.bitmap_index = 1684, .adv_w = 91, .box_w = 5, .box_h = 18, .ofs_x = 0, .ofs_y = -4},
    {.bitmap_index = 1704, .adv_w = 158, .box_w = 10, .box_h = 3, .ofs_x = 0, .ofs_y = 5},
    {.bitmap_index = 1712, .adv_w = 304, .box_w = 5, .box_h = 4, .ofs_x = 7, .ofs_y = 5},
    {.bitmap_index = 1717, .adv_w = 304, .box_w = 6, .box_h = 6, .ofs_x = 1, .ofs_y = -1},
    {.bitmap_index = 1726, .adv_w = 304, .box_w = 19, .box_h = 1, .ofs_x = 0, .ofs_y = 7},
    {.bitmap_index = 1730, .adv_w = 304, .box_w = 17, .box_h = 14, .ofs_x = 1, .ofs_y = 0},
    {.bitmap_index = 1753, .adv_w = 304, .box_w = 17, .box_h = 17, .ofs_x = 1, .ofs_y = -1},
    {.bitmap_index = 1775, .adv_w = 304, .box_w = 18, .box_h = 16, .ofs_x = 1, .ofs_y = -1},
    {.bitmap_index = 1806, .adv_w = 304, .box_w = 17, .box_h = 16, .ofs_x = 1, .ofs_y = -1},
    {.bitmap_index = 1847, .adv_w = 304, .box_w = 17, .box_h = 16, .ofs_x = 1, .ofs_y = -1},
    {.bitmap_index = 1897, .adv_w = 304, .box_w = 19, .box_h = 18, .ofs_x = 0, .ofs_y = -1},
    {.bitmap_index = 1939, .adv_w = 304, .box_w = 15, .box_h = 17, .ofs_x = 2, .ofs_y = -1},
    {.bitmap_index = 1964, .adv_w = 304, .box_w = 19, .box_h = 17, .ofs_x = 0, .ofs_y = -1},
    {.bitmap_index = 2022, .adv_w = 304, .box_w = 17, .box_h = 12, .ofs_x = 1, .ofs_y = 1},
    {.bitmap_index = 2038, .adv_w = 304, .box_w = 17, .box_h = 16, .ofs_x = 1, .ofs_y = -1},
    {.bitmap_index = 2063, .adv_w = 304, .box_w = 17, .box_h = 15, .ofs_x = 1, .ofs_y = -1},
    {.bitmap_index = 2106, .adv_w = 304, .box_w = 18, .box_h = 18, .ofs_x = 0, .ofs_y = -2},
    {.bitmap_index = 2171, .adv_w = 304, .box_w = 18, .box_h = 18, .ofs_x = 1, .ofs_y = -2},
    {.bitmap_index = 2226, .adv_w = 304, .box_w = 19, .box_h = 18, .ofs_x = 0, .ofs_y = -2},
    {.bitmap_index = 2295, .adv_w = 304, .box_w = 18, .box_h = 18, .ofs_x = 0, .ofs_y = -2},
    {.bitmap_index = 2354, .adv_w = 304, .box_w = 19, .box_h = 18, .ofs_x = 0, .ofs_y = -2},
    {.bitmap_index = 2421, .adv_w = 304, .box_w = 17, .box_h = 18, .ofs_x = 2, .ofs_y = -2},
    {.bitmap_index = 2474, .adv_w = 304, .box_w = 19, .box_h = 17, .ofs_x = 0, .ofs_y = -1},
    {.bitmap_index = 2520, .adv_w = 304, .box_w = 18, .box_h = 18, .ofs_x = 1, .ofs_y = -2},
    {.bitmap_index = 2585, .adv_w = 304, .box_w = 18, .box_h = 17, .ofs_x = 1, .ofs_y = -1},
    {.bitmap_index = 2642, .adv_w = 304, .box_w = 19, .box_h = 18, .ofs_x = 0, .ofs_y = -2},
    {.bitmap_index = 2691, .adv_w = 304, .box_w = 19, .box_h = 17, .ofs_x = 0, .ofs_y = -1},
    {.bitmap_index = 2753, .adv_w = 304, .box_w = 18, .box_h = 17, .ofs_x = 1, .ofs_y = -1},
    {.bitmap_index = 2798, .adv_w = 304, .box_w = 19, .box_h = 18, .ofs_x = 0, .ofs_y = -2},
    {.bitmap_index = 2863, .adv_w = 304, .box_w = 19, .box_h = 17, .ofs_x = 0, .ofs_y = -1},
    {.bitmap_index = 2926, .adv_w = 304, .box_w = 18, .box_h = 18, .ofs_x = 0, .ofs_y = -2},
    {.bitmap_index = 2978, .adv_w = 304, .box_w = 19, .box_h = 17, .ofs_x = 0, .ofs_y = -1},
    {.bitmap_index = 3051, .adv_w = 304, .box_w = 19, .box_h = 17, .ofs_x = 0, .ofs_y = -1},
    {.bitmap_index = 3115, .adv_w = 304, .box_w = 18, .box_h = 18, .ofs_x = 0, .ofs_y = -2},
    {.bitmap_index = 3182, .adv_w = 304, .box_w = 18, .box_h = 18, .ofs_x = 0, .ofs_y = -2},
    {.bitmap_index = 3236, .adv_w = 304, .box_w = 18, .box_h = 18, .ofs_x = 0, .ofs_y = -2},
    {.bitmap_index = 3304, .adv_w = 304, .box_w = 19, .box_h = 18, .ofs_x = 0, .ofs_y = -2},
    {.bitmap_index = 3366, .adv_w = 304, .box_w = 18, .box_h = 18, .ofs_x = 1, .ofs_y = -2},
    {.bitmap_index = 3423, .adv_w = 304, .box_w = 19, .box_h = 18, .ofs_x = 0, .ofs_y = -2},
    {.bitmap_index = 3486, .adv_w = 304, .box_w = 19, .box_h = 18, .ofs_x = 0, .ofs_y = -1},
    {.bitmap_index = 3537, .adv_w = 304, .box_w = 18, .box_h = 18, .ofs_x = 1, .ofs_y = -2},
    {.bitmap_index = 3593, .adv_w = 304, .box_w = 18, .box_h = 18, .ofs_x = 0, .ofs_y = -2},
    {.bitmap_index = 3640, .adv_w = 304, .box_w = 18, .box_h = 18, .ofs_x = 1, .ofs_y = -2},
    {.bitmap_index = 3696, .adv_w = 304, .box_w = 19, .box_h = 17, .ofs_x = 0, .ofs_y = -2},
    {.bitmap_index = 3741, .adv_w = 304, .box_w = 17, .box_h = 17, .ofs_x = 1, .ofs_y = -2},
    {.bitmap_index = 3791, .adv_w = 304, .box_w = 17, .box_h = 17, .ofs_x = 1, .ofs_y = -1},
    {.bitmap_index = 3848, .adv_w = 304, .box_w = 19, .box_h = 19, .ofs_x = 0, .ofs_y = -2},
    {.bitmap_index = 3907, .adv_w = 304, .box_w = 17, .box_h = 17, .ofs_x = 1, .ofs_y = -1},
    {.bitmap_index = 3945, .adv_w = 304, .box_w = 17, .box_h = 17, .ofs_x = 0, .ofs_y = -1},
    {.bitmap_index = 3996, .adv_w = 304, .box_w = 17, .box_h = 18, .ofs_x = 0, .ofs_y = -2},
    {.bitmap_index = 4039, .adv_w = 304, .box_w = 16, .box_h = 18, .ofs_x = 1, .ofs_y = -2},
    {.bitmap_index = 4092, .adv_w = 304, .box_w = 17, .box_h = 18, .ofs_x = 1, .ofs_y = -2},
    {.bitmap_index = 4145, .adv_w = 304, .box_w = 17, .box_h = 18, .ofs_x = 0, .ofs_y = -2},
    {.bitmap_index = 4210, .adv_w = 304, .box_w = 18, .box_h = 18, .ofs_x = 0, .ofs_y = -2},
    {.bitmap_index = 4265, .adv_w = 304, .box_w = 18, .box_h = 18, .ofs_x = 0, .ofs_y = -2},
    {.bitmap_index = 4314, .adv_w = 304, .box_w = 17, .box_h = 18, .ofs_x = 1, .ofs_y = -2},
    {.bitmap_index = 4370, .adv_w = 304, .box_w = 18, .box_h = 18, .ofs_x = 0, .ofs_y = -2},
    {.bitmap_index = 4437, .adv_w = 304, .box_w = 18, .box_h = 18, .ofs_x = 0, .ofs_y = -2},
    {.bitmap_index = 4490, .adv_w = 304, .box_w = 17, .box_h = 16, .ofs_x = 1, .ofs_y = -1},
    {.bitmap_index = 4533, .adv_w = 304, .box_w = 18, .box_h = 16, .ofs_x = 0, .ofs_y = -1},
    {.bitmap_index = 4590, .adv_w = 304, .box_w = 19, .box_h = 17, .ofs_x = 0, .ofs_y = -2},
    {.bitmap_index = 4660, .adv_w = 304, .box_w = 19, .box_h = 18, .ofs_x = 0, .ofs_y = -2},
    {.bitmap_index = 4729, .adv_w = 304, .box_w = 19, .box_h = 17, .ofs_x = 0, .ofs_y = -2},
    {.bitmap_index = 4798, .adv_w = 304, .box_w = 18, .box_h = 18, .ofs_x = 0, .ofs_y = -2},
    {.bitmap_index = 4869, .adv_w = 304, .box_w = 17, .box_h = 18, .ofs_x = 1, .ofs_y = -2},
    {.bitmap_index = 4932, .adv_w = 304, .box_w = 18, .box_h = 17, .ofs_x = 0, .ofs_y = -2},
    {.bitmap_index = 4973, .adv_w = 304, .box_w = 18, .box_h = 16, .ofs_x = 1, .ofs_y = -1},
    {.bitmap_index = 5007, .adv_w = 304, .box_w = 16, .box_h = 18, .ofs_x = 2, .ofs_y = -2},
    {.bitmap_index = 5054, .adv_w = 304, .box_w = 17, .box_h = 17, .ofs_x = 1, .ofs_y = -2},
    {.bitmap_index = 5099, .adv_w = 304, .box_w = 15, .box_h = 18, .ofs_x = 1, .ofs_y = -2},
    {.bitmap_index = 5149, .adv_w = 304, .box_w = 18, .box_h = 17, .ofs_x = 0, .ofs_y = -1},
    {.bitmap_index = 5199, .adv_w = 304, .box_w = 17, .box_h = 18, .ofs_x = 0, .ofs_y = -2},
    {.bitmap_index = 5246, .adv_w = 304, .box_w = 17, .box_h = 17, .ofs_x = 0, .ofs_y = -2},
    {.bitmap_index = 5300, .adv_w = 304, .box_w = 17, .box_h = 17, .ofs_x = 0, .ofs_y = -1},
    {.bitmap_index = 5353, .adv_w = 304, .box_w = 19, .box_h = 16, .ofs_x = 0, .ofs_y = -1},
    {.bitmap_index = 5406, .adv_w = 304, .box_w = 17, .box_h = 16, .ofs_x = 1, .ofs_y = -1},
    {.bitmap_index = 5451, .adv_w = 304, .box_w = 17, .box_h = 16, .ofs_x = 1, .ofs_y = -1},
    {.bitmap_index = 5482, .adv_w = 304, .box_w = 17, .box_h = 17, .ofs_x = 1, .ofs_y = -1},
    {.bitmap_index = 5522, .adv_w = 304, .box_w = 18, .box_h = 17, .ofs_x = 0, .ofs_y = -1},
    {.bitmap_index = 5575, .adv_w = 304, .box_w = 19, .box_h = 17, .ofs_x = 0, .ofs_y = -1},
    {.bitmap_index = 5617, .adv_w = 304, .box_w = 18, .box_h = 18, .ofs_x = 0, .ofs_y = -2},
    {.bitmap_index = 5683, .adv_w = 304, .box_w = 17, .box_h = 17, .ofs_x = 0, .ofs_y = -1},
    {.bitmap_index = 5744, .adv_w = 304, .box_w = 19, .box_h = 18, .ofs_x = 0, .ofs_y = -2},
    {.bitmap_index = 5812, .adv_w = 304, .box_w = 18, .box_h = 18, .ofs_x = 0, .ofs_y = -2},
    {.bitmap_index = 5875, .adv_w = 304, .box_w = 19, .box_h = 18, .ofs_x = 0, .ofs_y = -2},
    {.bitmap_index = 5941, .adv_w = 304, .box_w = 18, .box_h = 18, .ofs_x = 1, .ofs_y = -2},
    {.bitmap_index = 6005, .adv_w = 304, .box_w = 17, .box_h = 18, .ofs_x = 1, .ofs_y = -2},
    {.bitmap_index = 6064, .adv_w = 304, .box_w = 19, .box_h = 18, .ofs_x = 0, .ofs_y = -2},
    {.bitmap_index = 6137, .adv_w = 304, .box_w = 18, .box_h = 17, .ofs_x = 1, .ofs_y = -2},
    {.bitmap_index = 6178, .adv_w = 304, .box_w = 17, .box_h = 17, .ofs_x = 1, .ofs_y = -1},
    {.bitmap_index = 6223, .adv_w = 304, .box_w = 19, .box_h = 17, .ofs_x = 0, .ofs_y = -1},
    {.bitmap_index = 6274, .adv_w = 304, .box_w = 17, .box_h = 18, .ofs_x = 1, .ofs_y = -2},
    {.bitmap_index = 6337, .adv_w = 304, .box_w = 18, .box_h = 19, .ofs_x = 1, .ofs_y = -2},
    {.bitmap_index = 6392, .adv_w = 304, .box_w = 18, .box_h = 18, .ofs_x = 1, .ofs_y = -2},
    {.bitmap_index = 6449, .adv_w = 304, .box_w = 18, .box_h = 17, .ofs_x = 0, .ofs_y = -1},
    {.bitmap_index = 6512, .adv_w = 304, .box_w = 18, .box_h = 18, .ofs_x = 1, .ofs_y = -1},
    {.bitmap_index = 6577, .adv_w = 304, .box_w = 15, .box_h = 17, .ofs_x = 2, .ofs_y = -1},
    {.bitmap_index = 6620, .adv_w = 304, .box_w = 18, .box_h = 18, .ofs_x = 1, .ofs_y = -2},
    {.bitmap_index = 6685, .adv_w = 304, .box_w = 17, .box_h = 16, .ofs_x = 1, .ofs_y = -1},
    {.bitmap_index = 6722, .adv_w = 304, .box_w = 19, .box_h = 18, .ofs_x = 0, .ofs_y = -2},
    {.bitmap_index = 6784, .adv_w = 304, .box_w = 18, .box_h = 18, .ofs_x = 1, .ofs_y = -2},
    {.bitmap_index = 6854, .adv_w = 304, .box_w = 18, .box_h = 17, .ofs_x = 1, .ofs_y = -2},
    {.bitmap_index = 6898, .adv_w = 304, .box_w = 15, .box_h = 17, .ofs_x = 2, .ofs_y = -1},
    {.bitmap_index = 6940, .adv_w = 304, .box_w = 18, .box_h = 17, .ofs_x = 1, .ofs_y = -2},
    {.bitmap_index = 7004, .adv_w = 304, .box_w = 19, .box_h = 18, .ofs_x = 0, .ofs_y = -2},
    {.bitmap_index = 7069, .adv_w = 304, .box_w = 19, .box_h = 17, .ofs_x = 0, .ofs_y = -1},
    {.bitmap_index = 7137, .adv_w = 304, .box_w = 17, .box_h = 17, .ofs_x = 1, .ofs_y = -1},
    {.bitmap_index = 7196, .adv_w = 304, .box_w = 19, .box_h = 19, .ofs_x = 0, .ofs_y = -2},
    {.bitmap_index = 7266, .adv_w = 304, .box_w = 17, .box_h = 17, .ofs_x = 1, .ofs_y = -1},
    {.bitmap_index = 7320, .adv_w = 304, .box_w = 18, .box_h = 19, .ofs_x = 0, .ofs_y = -2},
    {.bitmap_index = 7378, .adv_w = 304, .box_w = 19, .box_h = 18, .ofs_x = 0, .ofs_y = -2},
    {.bitmap_index = 7445, .adv_w = 304, .box_w = 18, .box_h = 18, .ofs_x = 0, .ofs_y = -2},
    {.bitmap_index = 7514, .adv_w = 304, .box_w = 18, .box_h = 18, .ofs_x = 1, .ofs_y = -2},
    {.bitmap_index = 7580, .adv_w = 304, .box_w = 16, .box_h = 18, .ofs_x = 0, .ofs_y = -2},
    {.bitmap_index = 7629, .adv_w = 304, .box_w = 19, .box_h = 18, .ofs_x = 0, .ofs_y = -2},
    {.bitmap_index = 7676, .adv_w = 304, .box_w = 19, .box_h = 18, .ofs_x = 0, .ofs_y = -2},
    {.bitmap_index = 7732, .adv_w = 304, .box_w = 18, .box_h = 18, .ofs_x = 0, .ofs_y = -2},
    {.bitmap_index = 7794, .adv_w = 304, .box_w = 18, .box_h = 18, .ofs_x = 0, .ofs_y = -2},
    {.bitmap_index = 7849, .adv_w = 304, .box_w = 18, .box_h = 18, .ofs_x = 0, .ofs_y = -2},
    {.bitmap_index = 7902, .adv_w = 304, .box_w = 18, .box_h = 18, .ofs_x = 1, .ofs_y = -2},
    {.bitmap_index = 7968, .adv_w = 304, .box_w = 18, .box_h = 18, .ofs_x = 0, .ofs_y = -2},
    {.bitmap_index = 8029, .adv_w = 304, .box_w = 19, .box_h = 18, .ofs_x = 0, .ofs_y = -2},
    {.bitmap_index = 8103, .adv_w = 304, .box_w = 19, .box_h = 18, .ofs_x = 0, .ofs_y = -2},
    {.bitmap_index = 8174, .adv_w = 304, .box_w = 18, .box_h = 17, .ofs_x = 0, .ofs_y = -1},
    {.bitmap_index = 8230, .adv_w = 304, .box_w = 19, .box_h = 18, .ofs_x = 0, .ofs_y = -2},
    {.bitmap_index = 8303, .adv_w = 304, .box_w = 19, .box_h = 18, .ofs_x = 0, .ofs_y = -2},
    {.bitmap_index = 8380, .adv_w = 304, .box_w = 19, .box_h = 18, .ofs_x = 0, .ofs_y = -2},
    {.bitmap_index = 8446, .adv_w = 304, .box_w = 19, .box_h = 18, .ofs_x = 0, .ofs_y = -2},
    {.bitmap_index = 8523, .adv_w = 304, .box_w = 19, .box_h = 18, .ofs_x = 0, .ofs_y = -2},
    {.bitmap_index = 8591, .adv_w = 304, .box_w = 18, .box_h = 18, .ofs_x = 1, .ofs_y = -2},
    {.bitmap_index = 8658, .adv_w = 304, .box_w = 19, .box_h = 18, .ofs_x = 0, .ofs_y = -2},
    {.bitmap_index = 8734, .adv_w = 304, .box_w = 18, .box_h = 18, .ofs_x = 1, .ofs_y = -2},
    {.bitmap_index = 8812, .adv_w = 304, .box_w = 19, .box_h = 17, .ofs_x = 0, .ofs_y = -1},
    {.bitmap_index = 8884, .adv_w = 304, .box_w = 19, .box_h = 19, .ofs_x = 0, .ofs_y = -2},
    {.bitmap_index = 8953, .adv_w = 304, .box_w = 18, .box_h = 17, .ofs_x = 1, .ofs_y = -1},
    {.bitmap_index = 9020, .adv_w = 304, .box_w = 17, .box_h = 18, .ofs_x = 1, .ofs_y = -2},
    {.bitmap_index = 9083, .adv_w = 304, .box_w = 19, .box_h = 17, .ofs_x = 0, .ofs_y = -2},
    {.bitmap_index = 9135, .adv_w = 304, .box_w = 13, .box_h = 16, .ofs_x = 3, .ofs_y = -1},
    {.bitmap_index = 9154, .adv_w = 304, .box_w = 15, .box_h = 18, .ofs_x = 2, .ofs_y = -2},
    {.bitmap_index = 9182, .adv_w = 304, .box_w = 18, .box_h = 17, .ofs_x = 1, .ofs_y = -1},
    {.bitmap_index = 9235, .adv_w = 304, .box_w = 17, .box_h = 17, .ofs_x = 1, .ofs_y = -2},
    {.bitmap_index = 9285, .adv_w = 304, .box_w = 19, .box_h = 16, .ofs_x = 0, .ofs_y = -1},
    {.bitmap_index = 9334, .adv_w = 304, .box_w = 18, .box_h = 19, .ofs_x = 1, .ofs_y = -2},
    {.bitmap_index = 9398, .adv_w = 304, .box_w = 18, .box_h = 17, .ofs_x = 1, .ofs_y = -2},
    {.bitmap_index = 9455, .adv_w = 304, .box_w = 18, .box_h = 18, .ofs_x = 1, .ofs_y = -2},
    {.bitmap_index = 9519, .adv_w = 304, .box_w = 17, .box_h = 17, .ofs_x = 1, .ofs_y = -1},
    {.bitmap_index = 9564, .adv_w = 304, .box_w = 18, .box_h = 18, .ofs_x = 0, .ofs_y = -2},
    {.bitmap_index = 9628, .adv_w = 304, .box_w = 19, .box_h = 17, .ofs_x = 0, .ofs_y = -1},
    {.bitmap_index = 9678, .adv_w = 304, .box_w = 19, .box_h = 17, .ofs_x = 0, .ofs_y = -1},
    {.bitmap_index = 9732, .adv_w = 304, .box_w = 19, .box_h = 18, .ofs_x = 0, .ofs_y = -2},
    {.bitmap_index = 9792, .adv_w = 304, .box_w = 19, .box_h = 18, .ofs_x = 0, .ofs_y = -2},
    {.bitmap_index = 9863, .adv_w = 304, .box_w = 18, .box_h = 17, .ofs_x = 1, .ofs_y = -1},
    {.bitmap_index = 9918, .adv_w = 304, .box_w = 19, .box_h = 18, .ofs_x = 0, .ofs_y = -2},
    {.bitmap_index = 9985, .adv_w = 304, .box_w = 19, .box_h = 17, .ofs_x = 0, .ofs_y = -1},
    {.bitmap_index = 10055, .adv_w = 304, .box_w = 17, .box_h = 18, .ofs_x = 1, .ofs_y = -2},
    {.bitmap_index = 10119, .adv_w = 304, .box_w = 19, .box_h = 18, .ofs_x = 0, .ofs_y = -2},
    {.bitmap_index = 10192, .adv_w = 304, .box_w = 17, .box_h = 17, .ofs_x = 1, .ofs_y = -1},
    {.bitmap_index = 10219, .adv_w = 304, .box_w = 18, .box_h = 16, .ofs_x = 1, .ofs_y = -1},
    {.bitmap_index = 10254, .adv_w = 304, .box_w = 18, .box_h = 17, .ofs_x = 1, .ofs_y = -1},
    {.bitmap_index = 10298, .adv_w = 304, .box_w = 17, .box_h = 18, .ofs_x = 1, .ofs_y = -2},
    {.bitmap_index = 10357, .adv_w = 304, .box_w = 19, .box_h = 18, .ofs_x = 0, .ofs_y = -2},
    {.bitmap_index = 10431, .adv_w = 304, .box_w = 18, .box_h = 18, .ofs_x = 1, .ofs_y = -2},
    {.bitmap_index = 10500, .adv_w = 304, .box_w = 19, .box_h = 18, .ofs_x = 0, .ofs_y = -2},
    {.bitmap_index = 10567, .adv_w = 304, .box_w = 17, .box_h = 18, .ofs_x = 1, .ofs_y = -2},
    {.bitmap_index = 10629, .adv_w = 304, .box_w = 19, .box_h = 18, .ofs_x = 0, .ofs_y = -2},
    {.bitmap_index = 10694, .adv_w = 304, .box_w = 17, .box_h = 18, .ofs_x = 1, .ofs_y = -2},
    {.bitmap_index = 10758, .adv_w = 304, .box_w = 18, .box_h = 17, .ofs_x = 0, .ofs_y = -1},
    {.bitmap_index = 10819, .adv_w = 304, .box_w = 19, .box_h = 18, .ofs_x = 0, .ofs_y = -2},
    {.bitmap_index = 10889, .adv_w = 304, .box_w = 18, .box_h = 18, .ofs_x = 0, .ofs_y = -2},
    {.bitmap_index = 10953, .adv_w = 304, .box_w = 18, .box_h = 18, .ofs_x = 0, .ofs_y = -2},
    {.bitmap_index = 11028, .adv_w = 304, .box_w = 19, .box_h = 18, .ofs_x = 0, .ofs_y = -2},
    {.bitmap_index = 11092, .adv_w = 304, .box_w = 19, .box_h = 19, .ofs_x = 0, .ofs_y = -2},
    {.bitmap_index = 11162, .adv_w = 304, .box_w = 17, .box_h = 17, .ofs_x = 1, .ofs_y = -2},
    {.bitmap_index = 11212, .adv_w = 304, .box_w = 19, .box_h = 16, .ofs_x = 0, .ofs_y = -1},
    {.bitmap_index = 11266, .adv_w = 304, .box_w = 17, .box_h = 17, .ofs_x = 1, .ofs_y = -1},
    {.bitmap_index = 11308, .adv_w = 304, .box_w = 17, .box_h = 17, .ofs_x = 0, .ofs_y = -2},
    {.bitmap_index = 11351, .adv_w = 304, .box_w = 17, .box_h = 17, .ofs_x = 2, .ofs_y = -1},
    {.bitmap_index = 11391, .adv_w = 304, .box_w = 17, .box_h = 18, .ofs_x = 1, .ofs_y = -2},
    {.bitmap_index = 11454, .adv_w = 304, .box_w = 17, .box_h = 17, .ofs_x = 1, .ofs_y = -1},
    {.bitmap_index = 11511, .adv_w = 304, .box_w = 18, .box_h = 17, .ofs_x = 0, .ofs_y = -1},
    {.bitmap_index = 11571, .adv_w = 304, .box_w = 18, .box_h = 16, .ofs_x = 0, .ofs_y = -1},
    {.bitmap_index = 11624, .adv_w = 304, .box_w = 18, .box_h = 18, .ofs_x = 0, .ofs_y = -2},
    {.bitmap_index = 11692, .adv_w = 304, .box_w = 19, .box_h = 17, .ofs_x = 0, .ofs_y = -1},
    {.bitmap_index = 11759, .adv_w = 304, .box_w = 18, .box_h = 15, .ofs_x = 0, .ofs_y = -1},
    {.bitmap_index = 11806, .adv_w = 304, .box_w = 18, .box_h = 18, .ofs_x = 0, .ofs_y = -2},
    {.bitmap_index = 11878, .adv_w = 304, .box_w = 17, .box_h = 18, .ofs_x = 1, .ofs_y = -2},
    {.bitmap_index = 11943, .adv_w = 304, .box_w = 18, .box_h = 18, .ofs_x = 0, .ofs_y = -2},
    {.bitmap_index = 12013, .adv_w = 304, .box_w = 19, .box_h = 17, .ofs_x = 0, .ofs_y = -1},
    {.bitmap_index = 12079, .adv_w = 304, .box_w = 18, .box_h = 18, .ofs_x = 0, .ofs_y = -2},
    {.bitmap_index = 12141, .adv_w = 304, .box_w = 17, .box_h = 17, .ofs_x = 1, .ofs_y = -1},
    {.bitmap_index = 12193, .adv_w = 304, .box_w = 17, .box_h = 18, .ofs_x = 1, .ofs_y = -2},
    {.bitmap_index = 12259, .adv_w = 304, .box_w = 19, .box_h = 17, .ofs_x = 0, .ofs_y = -1},
    {.bitmap_index = 12322, .adv_w = 304, .box_w = 19, .box_h = 17, .ofs_x = 0, .ofs_y = -1},
    {.bitmap_index = 12394, .adv_w = 304, .box_w = 17, .box_h = 18, .ofs_x = 1, .ofs_y = -2},
    {.bitmap_index = 12449, .adv_w = 304, .box_w = 18, .box_h = 17, .ofs_x = 1, .ofs_y = -1},
    {.bitmap_index = 12520, .adv_w = 304, .box_w = 19, .box_h = 17, .ofs_x = 0, .ofs_y = -1},
    {.bitmap_index = 12586, .adv_w = 304, .box_w = 19, .box_h = 18, .ofs_x = 0, .ofs_y = -1},
    {.bitmap_index = 12655, .adv_w = 304, .box_w = 19, .box_h = 18, .ofs_x = 0, .ofs_y = -1},
    {.bitmap_index = 12725, .adv_w = 304, .box_w = 18, .box_h = 16, .ofs_x = 0, .ofs_y = 0},
    {.bitmap_index = 12790, .adv_w = 304, .box_w = 18, .box_h = 18, .ofs_x = 1, .ofs_y = -2},
    {.bitmap_index = 12861, .adv_w = 304, .box_w = 18, .box_h = 18, .ofs_x = 1, .ofs_y = -2},
    {.bitmap_index = 12936, .adv_w = 304, .box_w = 18, .box_h = 18, .ofs_x = 0, .ofs_y = -2},
    {.bitmap_index = 13009, .adv_w = 304, .box_w = 16, .box_h = 16, .ofs_x = 2, .ofs_y = -1},
    {.bitmap_index = 13062, .adv_w = 304, .box_w = 17, .box_h = 16, .ofs_x = 1, .ofs_y = -1},
    {.bitmap_index = 13115, .adv_w = 304, .box_w = 18, .box_h = 17, .ofs_x = 1, .ofs_y = -1},
    {.bitmap_index = 13177, .adv_w = 304, .box_w = 19, .box_h = 18, .ofs_x = 0, .ofs_y = -2},
    {.bitmap_index = 13254, .adv_w = 304, .box_w = 19, .box_h = 18, .ofs_x = 0, .ofs_y = -2},
    {.bitmap_index = 13328, .adv_w = 304, .box_w = 19, .box_h = 18, .ofs_x = 0, .ofs_y = -2},
    {.bitmap_index = 13405, .adv_w = 304, .box_w = 19, .box_h = 17, .ofs_x = 0, .ofs_y = -1},
    {.bitmap_index = 13450, .adv_w = 304, .box_w = 19, .box_h = 18, .ofs_x = 0, .ofs_y = -2},
    {.bitmap_index = 13522, .adv_w = 304, .box_w = 17, .box_h = 17, .ofs_x = 1, .ofs_y = -2},
    {.bitmap_index = 13582, .adv_w = 304, .box_w = 17, .box_h = 18, .ofs_x = 1, .ofs_y = -2},
    {.bitmap_index = 13635, .adv_w = 304, .box_w = 19, .box_h = 18, .ofs_x = 0, .ofs_y = -2},
    {.bitmap_index = 13709, .adv_w = 304, .box_w = 17, .box_h = 18, .ofs_x = 1, .ofs_y = -2},
    {.bitmap_index = 13754, .adv_w = 304, .box_w = 18, .box_h = 18, .ofs_x = 1, .ofs_y = -2},
    {.bitmap_index = 13809, .adv_w = 304, .box_w = 18, .box_h = 17, .ofs_x = 1, .ofs_y = -1},
    {.bitmap_index = 13854, .adv_w = 304, .box_w = 18, .box_h = 17, .ofs_x = 1, .ofs_y = -1},
    {.bitmap_index = 13906, .adv_w = 304, .box_w = 18, .box_h = 18, .ofs_x = 0, .ofs_y = -2},
    {.bitmap_index = 13972, .adv_w = 304, .box_w = 17, .box_h = 18, .ofs_x = 1, .ofs_y = -2},
    {.bitmap_index = 14029, .adv_w = 304, .box_w = 18, .box_h = 17, .ofs_x = 1, .ofs_y = -1},
    {.bitmap_index = 14074, .adv_w = 304, .box_w = 19, .box_h = 18, .ofs_x = 0, .ofs_y = -2},
    {.bitmap_index = 14140, .adv_w = 304, .box_w = 19, .box_h = 18, .ofs_x = 0, .ofs_y = -2},
    {.bitmap_index = 14194, .adv_w = 304, .box_w = 18, .box_h = 17, .ofs_x = 0, .ofs_y = -1},
    {.bitmap_index = 14250, .adv_w = 304, .box_w = 17, .box_h = 18, .ofs_x = 1, .ofs_y = -2},
    {.bitmap_index = 14310, .adv_w = 304, .box_w = 18, .box_h = 18, .ofs_x = 1, .ofs_y = -2},
    {.bitmap_index = 14370, .adv_w = 304, .box_w = 19, .box_h = 18, .ofs_x = 0, .ofs_y = -2},
    {.bitmap_index = 14436, .adv_w = 304, .box_w = 19, .box_h = 18, .ofs_x = 0, .ofs_y = -2},
    {.bitmap_index = 14507, .adv_w = 304, .box_w = 19, .box_h = 18, .ofs_x = 0, .ofs_y = -2},
    {.bitmap_index = 14576, .adv_w = 304, .box_w = 19, .box_h = 17, .ofs_x = 0, .ofs_y = -1},
    {.bitmap_index = 14645, .adv_w = 304, .box_w = 19, .box_h = 18, .ofs_x = 0, .ofs_y = -2},
    {.bitmap_index = 14718, .adv_w = 304, .box_w = 18, .box_h = 17, .ofs_x = 1, .ofs_y = -1},
    {.bitmap_index = 14772, .adv_w = 304, .box_w = 18, .box_h = 18, .ofs_x = 1, .ofs_y = -2},
    {.bitmap_index = 14829, .adv_w = 304, .box_w = 18, .box_h = 17, .ofs_x = 1, .ofs_y = -1},
    {.bitmap_index = 14885, .adv_w = 304, .box_w = 18, .box_h = 17, .ofs_x = 1, .ofs_y = -1},
    {.bitmap_index = 14950, .adv_w = 304, .box_w = 18, .box_h = 17, .ofs_x = 1, .ofs_y = -1},
    {.bitmap_index = 15009, .adv_w = 304, .box_w = 18, .box_h = 18, .ofs_x = 1, .ofs_y = -2},
    {.bitmap_index = 15071, .adv_w = 304, .box_w = 18, .box_h = 18, .ofs_x = 1, .ofs_y = -2},
    {.bitmap_index = 15138, .adv_w = 304, .box_w = 18, .box_h = 18, .ofs_x = 1, .ofs_y = -2},
    {.bitmap_index = 15203, .adv_w = 304, .box_w = 18, .box_h = 18, .ofs_x = 1, .ofs_y = -2},
    {.bitmap_index = 15270, .adv_w = 304, .box_w = 17, .box_h = 17, .ofs_x = 1, .ofs_y = -1},
    {.bitmap_index = 15330, .adv_w = 304, .box_w = 18, .box_h = 16, .ofs_x = 1, .ofs_y = -1},
    {.bitmap_index = 15380, .adv_w = 304, .box_w = 17, .box_h = 17, .ofs_x = 1, .ofs_y = -1},
    {.bitmap_index = 15436, .adv_w = 304, .box_w = 18, .box_h = 18, .ofs_x = 0, .ofs_y = -2},
    {.bitmap_index = 15502, .adv_w = 304, .box_w = 17, .box_h = 18, .ofs_x = 1, .ofs_y = -2},
    {.bitmap_index = 15565, .adv_w = 304, .box_w = 18, .box_h = 19, .ofs_x = 0, .ofs_y = -2},
    {.bitmap_index = 15630, .adv_w = 304, .box_w = 17, .box_h = 18, .ofs_x = 1, .ofs_y = -2},
    {.bitmap_index = 15694, .adv_w = 304, .box_w = 19, .box_h = 18, .ofs_x = 0, .ofs_y = -2},
    {.bitmap_index = 15773, .adv_w = 304, .box_w = 18, .box_h = 18, .ofs_x = 1, .ofs_y = -2},
    {.bitmap_index = 15836, .adv_w = 304, .box_w = 15, .box_h = 18, .ofs_x = 2, .ofs_y = -2},
    {.bitmap_index = 15888, .adv_w = 304, .box_w = 15, .box_h = 18, .ofs_x = 2, .ofs_y = -2},
    {.bitmap_index = 15922, .adv_w = 304, .box_w = 18, .box_h = 18, .ofs_x = 1, .ofs_y = -2},
    {.bitmap_index = 15982, .adv_w = 304, .box_w = 17, .box_h = 17, .ofs_x = 2, .ofs_y = -2},
    {.bitmap_index = 16043, .adv_w = 304, .box_w = 18, .box_h = 18, .ofs_x = 1, .ofs_y = -2},
    {.bitmap_index = 16108, .adv_w = 304, .box_w = 17, .box_h = 17, .ofs_x = 2, .ofs_y = -1},
    {.bitmap_index = 16172, .adv_w = 304, .box_w = 17, .box_h = 18, .ofs_x = 1, .ofs_y = -2},
    {.bitmap_index = 16237, .adv_w = 304, .box_w = 17, .box_h = 18, .ofs_x = 1, .ofs_y = -2},
    {.bitmap_index = 16301, .adv_w = 304, .box_w = 17, .box_h = 17, .ofs_x = 1, .ofs_y = -2},
    {.bitmap_index = 16356, .adv_w = 304, .box_w = 17, .box_h = 17, .ofs_x = 1, .ofs_y = -2},
    {.bitmap_index = 16401, .adv_w = 304, .box_w = 18, .box_h = 17, .ofs_x = 0, .ofs_y = -2},
    {.bitmap_index = 16455, .adv_w = 304, .box_w = 18, .box_h = 18, .ofs_x = 0, .ofs_y = -2},
    {.bitmap_index = 16522, .adv_w = 304, .box_w = 19, .box_h = 17, .ofs_x = 0, .ofs_y = -2},
    {.bitmap_index = 16592, .adv_w = 304, .box_w = 19, .box_h = 18, .ofs_x = 0, .ofs_y = -2},
    {.bitmap_index = 16668, .adv_w = 304, .box_w = 19, .box_h = 18, .ofs_x = 0, .ofs_y = -2},
    {.bitmap_index = 16744, .adv_w = 304, .box_w = 4, .box_h = 7, .ofs_x = 1, .ofs_y = -2},
    {.bitmap_index = 16751, .adv_w = 304, .box_w = 19, .box_h = 18, .ofs_x = 0, .ofs_y = -2},
    {.bitmap_index = 16814, .adv_w = 304, .box_w = 3, .box_h = 12, .ofs_x = 3, .ofs_y = 0},
    {.bitmap_index = 16821, .adv_w = 304, .box_w = 9, .box_h = 15, .ofs_x = 0, .ofs_y = 0}
};

/*---------------------
 *  CHARACTER MAPPING
 *--------------------*/

static const uint16_t unicode_list_1[] = {
    0x0, 0x2f4b, 0x4d49, 0x4d52, 0x4d53, 0x4d54, 0x4d56, 0x4d6d,
    0x4d73, 0x4d76, 0x4da8, 0x4dd5, 0x4dd7, 0x4ddd, 0x4ded, 0x4e03,
    0x4e0e, 0x4e16, 0x4e2d, 0x4e2e, 0x4e44, 0x4e63, 0x4e96, 0x4e9e,
    0x4ea2, 0x4ea5, 0x4ec8, 0x4f26, 0x4f2a, 0x4f37, 0x4f62, 0x4f90,
    0x4fa5, 0x4ff1, 0x508a, 0x5091, 0x50ae, 0x50b1, 0x50b6, 0x50ba,
    0x50bc, 0x50d6, 0x50e2, 0x510f, 0x5136, 0x5144, 0x5164, 0x5169,
    0x5179, 0x5196, 0x51b2, 0x51e8, 0x51e9, 0x51f1, 0x5248, 0x52ba,
    0x52bc, 0x52e8, 0x5315, 0x531a, 0x531f, 0x5320, 0x5321, 0x5333,
    0x5338, 0x5339, 0x5340, 0x5356, 0x5357, 0x5378, 0x53b1, 0x53d5,
    0x55b1, 0x5624, 0x5627, 0x5671, 0x5679, 0x5689, 0x5690, 0x57e7,
    0x584d, 0x5850, 0x5856, 0x587a, 0x587d, 0x5914, 0x5a99, 0x5aa0,
    0x5aa1, 0x5ad2, 0x5ad5, 0x5ae3, 0x5b0f, 0x5b4f, 0x5b63, 0x5b7a,
    0x5d3b, 0x5ddc, 0x5e43, 0x5e49, 0x5e9c, 0x5e9e, 0x5ece, 0x5f0e,
    0x5f4a, 0x5fab, 0x5fb8, 0x600e, 0x6159, 0x615a, 0x615f, 0x6180,
    0x619c, 0x61c2, 0x61cd, 0x61ed, 0x621b, 0x6232, 0x624a, 0x6252,
    0x62ab, 0x62b7, 0x62d1, 0x62ee, 0x6319, 0x63ed, 0x6416, 0x6482,
    0x6491, 0x64b9, 0x64bd, 0x64d0, 0x64f6, 0x64f9, 0x6529, 0x652e,
    0x6530, 0x653f, 0x6557, 0x6587, 0x65cb, 0x663d, 0x6648, 0x6652,
    0x6668, 0x6673, 0x6675, 0x6683, 0x668c, 0x672e, 0x6750, 0x6809,
    0x6a6a, 0x6a6b, 0x6aab, 0x6aac, 0x6aad, 0x6aae, 0x6b0a, 0x6b8b,
    0x6bea, 0x6c1e, 0x6c31, 0x6c98, 0x6cd1, 0x6d44, 0x6d4e, 0x6e23,
    0x7195, 0x71ff, 0x72f9, 0x734f, 0x7468, 0x7471, 0x747e, 0x74a2,
    0x75cd, 0x7654, 0x774a, 0x77b7, 0x77f9, 0x7883, 0x78ca, 0x7904,
    0x791b, 0x7939, 0x7956, 0x7a14, 0x7a75, 0x7a92, 0x7ac7, 0x7aea,
    0x7e08, 0x7e18, 0x7e25, 0x7e26, 0x7e30, 0x7e33, 0x7e36, 0x7e5f,
    0x7e9a, 0x7eb7, 0x8046, 0x813d, 0x8300, 0x8518, 0x8795, 0x87f4,
    0x88ca, 0x8911, 0x892f, 0x8949, 0x8aed, 0x8af9, 0x8b01, 0x8b07,
    0x8b08, 0x8b0a, 0x8b1e, 0x8b26, 0x8b2f, 0x8b36, 0x8b38, 0x8b40,
    0x8c6e, 0x8c6f, 0x8eda, 0x8edc, 0x8f10, 0x8f17, 0x8f1a, 0x8f1d,
    0x8f24, 0x8f27, 0x8f4a, 0x8f52, 0x8f63, 0x9031, 0x9096, 0x9116,
    0x93ee, 0x9449, 0x944a, 0x9462, 0x9477, 0x94c8, 0x9536, 0x9537,
    0x958d, 0x9599, 0x95ad, 0x95b2, 0x95d8, 0x95d9, 0x9649, 0x97be,
    0x97c2, 0x97c4, 0x97e1, 0x99d5, 0x9e21, 0xfe55, 0xfe58, 0xfe63,
    0xfe68
};

/*Collect the unicode lists and glyph_id offsets*/
static const lv_font_fmt_txt_cmap_t cmaps[] =
{
    {
        .range_start = 32, .range_length = 95, .glyph_id_start = 1,
        .unicode_list = NULL, .glyph_id_ofs_list = NULL, .list_length = 0, .type = LV_FONT_FMT_TXT_CMAP_FORMAT0_TINY
    },
    {
        .range_start = 183, .range_length = 65129, .glyph_id_start = 96,
        .unicode_list = unicode_list_1, .glyph_id_ofs_list = NULL, .list_length = 265, .type = LV_FONT_FMT_TXT_CMAP_SPARSE_TINY
    }
};

/*-----------------
 *    KERNING
 *----------------*/


/*Map glyph_ids to kern left classes*/
static const uint8_t kern_left_class_mapping[] =
{
    0, 0, 0, 1, 0, 0, 0, 0,
    1, 2, 0, 0, 0, 3, 4, 3,
    5, 0, 0, 0, 0, 0, 0, 0,
    0, 0, 0, 6, 6, 0, 0, 0,
    0, 0, 7, 8, 9, 10, 11, 12,
    13, 0, 0, 14, 15, 16, 0, 0,
    10, 17, 10, 18, 19, 20, 21, 22,
    23, 24, 25, 26, 2, 27, 0, 0,
    0, 0, 28, 29, 30, 0, 31, 32,
    33, 34, 0, 0, 35, 36, 34, 34,
    29, 29, 37, 38, 39, 40, 37, 41,
    42, 43, 44, 45, 2, 0, 0, 0,
    0, 0, 0, 0, 0, 0, 0, 0,
    0, 0, 0, 0, 0, 0, 0, 0,
    0, 0, 0, 0, 0, 0, 0, 0,
    0, 0, 0, 0, 0, 0, 0, 0,
    0, 0, 0, 0, 0, 0, 0, 0,
    0, 0, 0, 0, 0, 0, 0, 0,
    0, 0, 0, 0, 0, 0, 0, 0,
    0, 0, 0, 0, 0, 0, 0, 0,
    0, 0, 0, 0, 0, 0, 0, 0,
    0, 0, 0, 0, 0, 0, 0, 0,
    0, 0, 0, 0, 0, 0, 0, 0,
    0, 0, 0, 0, 0, 0, 0, 0,
    0, 0, 0, 0, 0, 0, 0, 0,
    0, 0, 0, 0, 0, 0, 0, 0,
    0, 0, 0, 0, 0, 0, 0, 0,
    0, 0, 0, 0, 0, 0, 0, 0,
    0, 0, 0, 0, 0, 0, 0, 0,
    0, 0, 0, 0, 0, 0, 0, 0,
    0, 0, 0, 0, 0, 0, 0, 0,
    0, 0, 0, 0, 0, 0, 0, 0,
    0, 0, 0, 0, 0, 0, 0, 0,
    0, 0, 0, 0, 0, 0, 0, 0,
    0, 0, 0, 0, 0, 0, 0, 0,
    0, 0, 0, 0, 0, 0, 0, 0,
    0, 0, 0, 0, 0, 0, 0, 0,
    0, 0, 0, 0, 0, 0, 0, 0,
    0, 0, 0, 0, 0, 0, 0, 0,
    0, 0, 0, 0, 0, 0, 0, 0,
    0, 0, 0, 0, 0, 0, 0, 0,
    0, 0, 0, 0, 0, 0, 0, 0,
    0, 0, 0, 0, 0, 0, 0, 0,
    0, 0, 0, 0, 0, 0, 0, 0,
    0, 0, 0, 0, 0, 0, 0, 0,
    0
};

/*Map glyph_ids to kern right classes*/
static const uint8_t kern_right_class_mapping[] =
{
    0, 0, 1, 2, 0, 0, 0, 0,
    2, 0, 3, 4, 0, 5, 6, 5,
    7, 0, 0, 0, 0, 0, 0, 0,
    0, 0, 0, 8, 8, 0, 0, 0,
    9, 0, 10, 0, 11, 0, 0, 0,
    11, 0, 0, 12, 0, 0, 0, 0,
    11, 0, 11, 0, 13, 14, 15, 16,
    17, 18, 19, 20, 0, 21, 3, 0,
    0, 0, 22, 0, 23, 23, 23, 24,
    25, 0, 26, 27, 0, 0, 28, 28,
    23, 28, 23, 28, 29, 30, 31, 32,
    33, 34, 35, 36, 0, 0, 3, 0,
    0, 0, 0, 0, 0, 0, 0, 0,
    0, 0, 0, 0, 0, 0, 0, 0,
    0, 0, 0, 0, 0, 0, 0, 0,
    0, 0, 0, 0, 0, 0, 0, 0,
    0, 0, 0, 0, 0, 0, 0, 0,
    0, 0, 0, 0, 0, 0, 0, 0,
    0, 0, 0, 0, 0, 0, 0, 0,
    0, 0, 0, 0, 0, 0, 0, 0,
    0, 0, 0, 0, 0, 0, 0, 0,
    0, 0, 0, 0, 0, 0, 0, 0,
    0, 0, 0, 0, 0, 0, 0, 0,
    0, 0, 0, 0, 0, 0, 0, 0,
    0, 0, 0, 0, 0, 0, 0, 0,
    0, 0, 0, 0, 0, 0, 0, 0,
    0, 0, 0, 0, 0, 0, 0, 0,
    0, 0, 0, 0, 0, 0, 0, 0,
    0, 0, 0, 0, 0, 0, 0, 0,
    0, 0, 0, 0, 0, 0, 0, 0,
    0, 0, 0, 0, 0, 0, 0, 0,
    0, 0, 0, 0, 0, 0, 0, 0,
    0, 0, 0, 0, 0, 0, 0, 0,
    0, 0, 0, 0, 0, 0, 0, 0,
    0, 0, 0, 0, 0, 0, 0, 0,
    0, 0, 0, 0, 0, 0, 0, 0,
    0, 0, 0, 0, 0, 0, 0, 0,
    0, 0, 0, 0, 0, 0, 0, 0,
    0, 0, 0, 0, 0, 0, 0, 0,
    0, 0, 0, 0, 0, 0, 0, 0,
    0, 0, 0, 0, 0, 0, 0, 0,
    0, 0, 0, 0, 0, 0, 0, 0,
    0, 0, 0, 0, 0, 0, 0, 0,
    0, 0, 0, 0, 0, 0, 0, 0,
    0, 0, 0, 0, 0, 0, 0, 0,
    0
};

/*Kern values between classes*/
static const int8_t kern_class_values[] =
{
    0, 0, 0, 0, -34, 0, 0, 0,
    0, -14, 0, -27, -3, 0, 0, 0,
    0, -3, 0, 0, 0, 0, -13, 0,
    0, 0, 0, 0, -7, 0, 0, 0,
    0, 0, 0, 0, 0, 0, 0, 0,
    0, 0, 0, 0, 0, 0, 0, -7,
    0, 0, 0, 0, 0, 0, 0, 0,
    0, 0, 0, 0, 0, 0, 27, 0,
    0, 0, 0, 0, 0, 0, 0, 0,
    0, -24, 0, -38, 0, 0, 0, 0,
    0, 0, 0, 0, 0, -33, -5, -19,
    -10, 0, -26, 0, 0, 0, -4, 0,
    0, 0, 6, 0, 0, -11, 0, -5,
    -4, 0, -7, 0, 0, 0, 0, 0,
    0, 0, 0, 0, 0, 0, 0, -7,
    -3, -13, 0, -6, -3, -7, -19, -7,
    0, 0, 0, 0, 0, 0, 0, 0,
    0, -10, 0, 0, 0, -3, 0, 0,
    0, 0, 0, 0, 0, 0, 0, 0,
    0, -13, -3, -27, 0, 0, 0, 0,
    0, 0, 0, 0, 0, -7, -14, 0,
    -3, 13, 13, 0, 0, 6, -7, 0,
    0, 0, 0, 0, 0, 0, 0, -22,
    0, 0, 0, 0, 0, 0, 0, 0,
    0, 0, 0, 0, 0, 0, -6, 0,
    0, 0, 0, 0, 0, 0, 1, 0,
    0, 0, 0, 0, 0, 0, 0, 0,
    0, -14, 0, -34, 0, 0, 0, 0,
    -6, -3, -3, 0, 0, -14, -6, -3,
    0, 4, -3, -4, -13, 10, 0, -3,
    0, 0, 0, 0, 10, -3, -3, 0,
    0, 0, 0, 0, 0, 0, 0, -10,
    0, 0, 0, 0, 0, 0, 0, -5,
    -3, -7, 0, 0, 0, 0, -3, 0,
    0, 0, 0, 0, 0, 0, 0, 0,
    0, -3, 0, -3, -3, -3, -3, 0,
    0, 0, 0, 0, 0, -6, 0, 0,
    0, 0, -7, -3, -7, -7, -3, 0,
    0, 0, 0, -3, 0, 0, 0, 0,
    -7, 0, 0, 0, 0, -7, -3, -3,
    -3, 0, -3, 0, 0, 0, 0, -14,
    0, 0, -7, 0, 0, -3, 0, -10,
    0, -7, 0, -3, -3, -3, -7, -7,
    0, 0, 0, 0, 0, 0, 0, 0,
    0, 0, 0, 0, 0, -3, 0, 0,
    0, 0, 0, 0, 0, 0, 0, 0,
    0, 0, 0, 0, 0, 0, 0, 0,
    0, 0, 0, 0, 0, 0, -3, 0,
    0, 0, 0, 0, 0, -7, 0, -3,
    0, -7, -3, 0, 0, 0, 0, 0,
    -19, 0, -29, 0, 0, -12, -3, -47,
    -5, 0, 0, 4, 4, -7, 4, -10,
    0, -10, -3, 0, -7, 0, 0, -7,
    -5, -3, -5, -3, -3, -6, -3, -4,
    0, 0, 0, -11, 0, 0, 0, 0,
    0, 0, 0, 0, 0, -7, 0, -3,
    0, 0, 0, 0, 0, 0, 0, 0,
    0, 0, 0, 0, 0, 0, 0, 0,
    0, 0, 0, 0, 0, 0, 0, 0,
    -7, 0, 0, 0, 0, 0, 0, -13,
    0, 0, 0, 0, 0, 0, 0, 0,
    0, 0, 0, 0, 0, 0, 0, 0,
    0, 0, 0, 0, 0, 0, 0, 0,
    0, -4, 0, -13, 0, -4, 0, 0,
    0, -3, -5, 0, 0, -3, -3, -3,
    -3, 0, -3, 0, 0, 0, 0, 0,
    0, 0, -3, 0, 0, -6, -5, -3,
    -3, -3, -3, -3, 0, -17, 0, -46,
    0, -21, 0, 0, -6, 3, -6, 0,
    -6, -40, -7, -25, -18, 0, -23, 0,
    -27, 0, -3, -3, 0, 0, 0, 0,
    0, -5, -3, -8, -10, 0, -8, 0,
    0, 0, 0, 0, -33, -13, -32, 0,
    0, -17, 0, -50, -3, -11, 0, 0,
    0, -7, -3, -33, 0, -17, -9, 0,
    -14, 0, 0, 0, -3, 0, 0, 0,
    0, -3, 0, -7, 0, 0, 0, -3,
    0, -11, 0, 0, 0, 0, 0, -7,
    -5, -3, 0, 6, 3, 0, 3, -3,
    0, 0, -3, 0, 0, 0, 0, 0,
    0, 0, 0, 0, 0, 0, 0, 0,
    0, 0, 0, -7, 0, 3, 0, 0,
    0, 0, 0, -3, -3, -7, 0, 0,
    0, 0, -3, 0, 0, 0, 0, 0,
    0, 0, 0, 0, 0, -7, 0, 0,
    0, 0, 0, 4, 0, 0, 0, 0,
    -33, -27, -35, -7, 0, -13, -7, -43,
    -17, 0, 0, 0, 0, -7, -3, -21,
    0, -27, -19, -7, -27, 0, 0, -17,
    -19, -7, -17, -13, -14, -17, -13, -28,
    0, 0, 0, 0, -3, 0, -14, 0,
    0, -7, 0, -13, -3, 0, 0, 0,
    0, -3, -3, 0, 0, 0, 0, 0,
    -3, 0, 0, 0, 0, 0, 0, 0,
    0, 0, 0, 0, 0, 0, 0, 0,
    -19, -6, -20, 0, 0, -3, -3, -27,
    -3, 0, -3, 3, 0, 0, 0, -6,
    0, -4, -4, 0, -7, 0, 0, -7,
    -3, 0, -10, -3, -3, -4, -3, -9,
    0, 0, 0, 0, -10, -3, -15, 0,
    0, 0, -3, -26, -3, 0, 0, 0,
    0, 0, 0, -3, 0, -7, 0, 0,
    -7, 0, 0, 0, 0, 0, 0, 0,
    0, 0, 0, -3, 0, -3, 0, -3,
    0, -7, 0, 0, 0, 3, -3, 3,
    -3, -7, -3, 0, 0, 0, 0, 0,
    0, -3, 0, -3, 0, 0, 0, 0,
    0, -3, -3, -3, -3, -3, -3, -3,
    0, 0, 0, 0, -25, -19, -27, -5,
    0, -3, -3, -33, -5, -3, -3, 0,
    0, 0, 0, -10, 0, -20, -10, 0,
    -20, 0, 0, -13, -10, -4, -10, -3,
    -7, -10, -3, -13, 0, 0, 0, 0,
    0, -14, 0, 0, 0, -3, -7, -13,
    -10, 0, -3, -3, -3, 0, -3, -7,
    0, -7, -9, -7, -5, 0, 0, 0,
    0, -3, -10, -7, -7, -7, -7, 0,
    0, 0, 0, 0, 0, 0, 0, 0,
    0, 0, 0, 0, 0, -33, -13, -20,
    -13, 0, -27, 0, 0, 0, 0, 0,
    13, 0, 27, 0, 0, 0, 0, -7,
    -3, 0, 7, 0, 0, 0, 0, -21,
    0, 0, 0, 0, 1, 0, 0, 0,
    0, -7, 0, -3, 0, 0, -7, 0,
    0, 0, 0, 0, 0, 0, 0, 0,
    0, -3, 0, 0, 0, 0, 0, 0,
    0, -13, 0, -13, -3, 3, 0, 0,
    1, 0, 0, 0, 0, -19, 0, -6,
    0, 0, -13, 0, -6, -5, 0, 0,
    0, 0, 0, 0, 0, -3, 0, 0,
    0, -3, 0, 0, 0, 0, 0, 0,
    0, -3, 0, 0, 0, 0, 0, 0,
    0, -7, 0, -3, 0, 0, -7, 0,
    0, -3, -5, 0, -3, 0, 0, 0,
    0, -3, 0, 3, 3, 6, 3, 0,
    0, 0, 0, -14, 0, 3, 0, 0,
    0, 0, 0, -7, -7, -7, 0, -3,
    -3, 0, -6, 0, -3, -5, 0, 0,
    -3, 0, 0, 0, 0, -3, 0, 5,
    5, 0, 5, 2, 7, 13, 20, 0,
    -13, -3, -7, 0, 10, 0, 0, 0,
    0, 17, 0, 23, 17, 13, 23, 0,
    29, -7, -3, 0, -5, 0, -3, 0,
    0, 0, 0, 7, 0, 0, 0, -3,
    0, 0, 7, -13, 0, 0, 21, 0,
    -9, 0, 0, 0, 0, -6, 0, 0,
    0, 0, -3, 0, 0, -5, -3, 0,
    0, 0, 10, 0, 0, 0, 0, 0,
    0, 0, 8, -3, 0, 0, 0, -14,
    0, 0, 0, 0, 0, 0, 0, 0,
    0, -7, 0, -3, 0, 0, -3, 0,
    0, 0, 0, 0, 0, 0, 0, 0,
    0, 0, 0, 0, 0, 0, 0, 0,
    0, 0, 0, -7, 7, -5, 0, 7,
    1, 0, 0, 0, 0, -7, 0, 0,
    0, 0, -2, 0, 0, -3, -3, 0,
    -3, 0, -3, 0, 0, -4, -3, 0,
    0, 0, 0, 0, 0, 0, 0, 0,
    0, 0, 0, 0, 0, 0, 0, 0,
    0, 0, 0, 0, 0, 0, 0, 0,
    0, 0, 0, 0, 0, 0, 2, 0,
    0, 0, 0, 0, 0, 0, 0, 0,
    0, 0, 0, -11, 0, 0, 0, 0,
    0, 0, 0, 0, 0, -7, 0, -3,
    0, 0, -10, 0, 0, 0, 0, 0,
    0, 0, 0, 0, 0, 0, 0, 0,
    0, 0, 0, 0, 0, 0, 0, 0,
    -11, -7, -14, 13, 0, -3, 0, -14,
    0, 0, 0, 0, 0, 0, 0, -3,
    7, -7, -3, 0, -3, 0, 0, 0,
    0, 0, 0, 13, 10, 0, 13, 0,
    0, 0, 0, -22, 0, 3, 0, 0,
    0, 0, 0, 0, 0, -7, 0, -3,
    0, 0, -7, 0, 0, 0, 0, 0,
    0, 0, 0, 0, 0, -7, 0, 0,
    0, 0, 0, 0, 0, 0, 0, 0,
    7, -6, 7, 7, -6, 0, 0, 0,
    0, -3, 0, 0, 0, 0, 0, 0,
    0, -7, -3, 0, -3, 0, 0, 0,
    -3, -7, 0, 0, 0, -7, 0, 0,
    0, 0, 0, -4, -5, 0, -7, 0,
    0, -3, 0, -13, 0, -7, 0, -3,
    0, 0, -3, -3, 0, -7, 0, 0,
    0, 0, -3, 0, 0, 0, 0, 0,
    0, 0, 0, -7, 0, 0, 0, -4,
    -3, 0, -4, 0, 0, 0, 0, -10,
    0, -7, 0, -3, 0, -3, -7, 0,
    0, -3, 0, 0, 0, 0, -3, 0,
    0, 0, 0, 0, 0, 0, 0, -3,
    -3, 0, 0, -8, 0, -3, 0, 0,
    0, 0, -3, 0, 0, -13, 0, -4,
    0, -3, -10, 0, 0, -3, -3, 0,
    0, 0, 0, 0, 0, -7, 0, 0,
    0, 0, 3, 0, 0, 0, 0, 0,
    -5, 0, -7, 0, 0, 0, 0, -13,
    0, -7, 0, 0, 0, 0, 0, 0,
    0, -7, 0, 0, 0, 0, -3, 0,
    0, 0, 0, 0, 0, -3, 0, -7,
    0, 0, 0, 0, 0, -3, 0, 0,
    0, 0, 0, 0, 0, -10, 0, 0,
    0, 0, -13, 0, 0, -10, -3, 0,
    -3, 0, 0, 0, 0, 0, -3, 0,
    0, 0, 0, 0
};


/*Collect the kern class' data in one place*/
static const lv_font_fmt_txt_kern_classes_t kern_classes =
{
    .class_pair_values   = kern_class_values,
    .left_class_mapping  = kern_left_class_mapping,
    .right_class_mapping = kern_right_class_mapping,
    .left_class_cnt      = 45,
    .right_class_cnt     = 36,
};

/*--------------------
 *  ALL CUSTOM DATA
 *--------------------*/

#if LVGL_VERSION_MAJOR == 8
/*Store all the custom data of the font*/
static  lv_font_fmt_txt_glyph_cache_t cache;
#endif

#if LVGL_VERSION_MAJOR >= 8
static const lv_font_fmt_txt_dsc_t font_dsc = {
#else
static lv_font_fmt_txt_dsc_t font_dsc = {
#endif
    .glyph_bitmap = glyph_bitmap,
    .glyph_dsc = glyph_dsc,
    .cmaps = cmaps,
    .kern_dsc = &kern_classes,
    .kern_scale = 16,
    .cmap_num = 2,
    .bpp = 2,
    .kern_classes = 1,
    .bitmap_format = 1,
#if LVGL_VERSION_MAJOR == 8
    .cache = &cache
#endif
};

extern const lv_font_t lv_font_montserrat_20;


/*-----------------
 *  PUBLIC FONT
 *----------------*/

/*Initialize a public general font descriptor*/
#if LVGL_VERSION_MAJOR >= 8
const lv_font_t lv_font_cipherport_19 = {
#else
lv_font_t lv_font_cipherport_19 = {
#endif
    .get_glyph_dsc = lv_font_get_glyph_dsc_fmt_txt,    /*Function pointer to get glyph's data*/
    .get_glyph_bitmap = lv_font_get_bitmap_fmt_txt,    /*Function pointer to get glyph's bitmap*/
    .line_height = 22,          /*The maximum line height required by the font*/
    .base_line = 5,             /*Baseline measured from the bottom of the line*/
#if !(LVGL_VERSION_MAJOR == 6 && LVGL_VERSION_MINOR == 0)
    .subpx = LV_FONT_SUBPX_NONE,
#endif
#if LV_VERSION_CHECK(7, 4, 0) || LVGL_VERSION_MAJOR >= 8
    .underline_position = -2,
    .underline_thickness = 1,
#endif
    .dsc = &font_dsc,          /*The custom font data. Will be accessed by `get_glyph_bitmap/dsc` */
#if LV_VERSION_CHECK(8, 2, 0) || LVGL_VERSION_MAJOR >= 9
    .fallback = &lv_font_montserrat_20,
#endif
    .user_data = NULL,
};

#endif /*#if LV_FONT_CIPHERPORT_19*/
